,all_100,all_101
0,2.0,0.0
1,5.0,1.0
2,6.0,1.0
3,8.0,2.0
4,13.0,4.0
5,16.0,4.0
6,21.0,5.0
7,18.0,5.0
8,16.0,4.0
9,14.0,1.0
10,9.0,1.0
11,7.0,2.0
12,5.0,2.0
13,5.0,3.0
14,1.0,5.0
15,3.0,5.0
16,3.0,5.0
17,6.0,5.0
18,5.0,2.0
19,7.0,3.0
20,8.0,4.0
21,8.0,4.0
22,8.0,6.0
23,10.0,7.0
24,10.0,10.0
25,10.0,11.0
26,11.0,11.0
27,12.0,11.0
28,14.0,12.0
29,15.0,15.0
30,16.0,16.0
31,11.0,14.0
32,10.0,12.0
33,10.0,9.0
34,10.0,8.0
35,8.0,6.0
36,6.0,4.0
37,4.0,1.0
38,2.0,2.0
39,2.0,2.0
40,1.0,0.0
41,1.0,1.0
42,0.0,2.0
43,0.0,3.0
44,1.0,4.0
45,2.0,6.0
46,2.0,6.0
47,4.0,8.0
48,6.0,9.0
49,7.0,11.0
50,8.0,13.0
51,9.0,15.0
52,10.0,18.0
53,11.0,18.0
54,13.0,21.0
55,11.0,17.0
56,9.0,16.0
57,9.0,16.0
58,8.0,16.0
59,8.0,15.0
60,8.0,13.0
61,3.0,12.0
62,2.0,9.0
63,1.0,4.0
64,1.0,2.0
65,1.0,3.0
66,1.0,2.0
67,2.0,2.0
68,4.0,5.0
69,5.0,7.0
70,7.0,9.0
71,7.0,11.0
72,7.0,11.0
73,9.0,12.0
74,9.0,13.0
75,11.0,14.0
76,11.0,15.0
77,11.0,16.0
78,13.0,18.0
79,10.0,14.0
80,10.0,11.0
81,9.0,12.0
82,13.0,9.0
83,11.0,8.0
84,6.0,9.0
85,1.0,9.0
86,2.0,9.0
87,5.0,9.0
88,5.0,8.0
89,3.0,6.0
90,1.0,5.0
91,2.0,6.0
92,3.0,6.0
93,4.0,6.0
94,5.0,6.0
95,7.0,6.0
96,7.0,7.0
97,7.0,8.0
98,9.0,10.0
99,10.0,11.0
100,10.0,13.0
101,11.0,17.0
102,12.0,17.0
103,10.0,11.0
104,9.0,11.0
105,8.0,12.0
106,6.0,11.0
107,6.0,9.0
108,9.0,6.0
109,7.0,8.0
110,6.0,5.0
111,4.0,3.0
112,5.0,1.0
113,4.0,5.0
114,5.0,5.0
115,5.0,7.0
116,7.0,7.0
117,9.0,9.0
118,12.0,10.0
119,12.0,12.0
120,14.0,13.0
121,16.0,16.0
122,16.0,17.0
123,17.0,17.0
124,18.0,18.0
125,21.0,20.0
126,22.0,21.0
127,17.0,19.0
128,14.0,17.0
129,13.0,16.0
130,12.0,13.0
131,10.0,13.0
132,8.0,13.0
133,5.0,9.0
134,2.0,7.0
135,4.0,3.0
136,4.0,3.0
137,3.0,1.0
138,7.0,1.0
139,7.0,3.0
140,7.0,5.0
141,8.0,6.0
142,9.0,8.0
143,9.0,9.0
144,11.0,10.0
145,11.0,10.0
146,13.0,10.0
147,14.0,11.0
148,17.0,13.0
149,18.0,16.0
150,20.0,17.0
151,17.0,14.0
152,19.0,13.0
153,16.0,13.0
154,13.0,12.0
155,9.0,10.0
156,9.0,8.0
157,9.0,5.0
158,7.0,4.0
159,4.0,4.0
160,4.0,3.0
161,4.0,3.0
162,6.0,4.0
163,6.0,4.0
164,8.0,6.0
165,9.0,10.0
166,11.0,14.0
167,11.0,15.0
168,11.0,16.0
169,14.0,19.0
170,14.0,20.0
171,14.0,20.0
172,14.0,20.0
173,17.0,22.0
174,18.0,24.0
175,12.0,21.0
176,8.0,20.0
177,7.0,19.0
178,7.0,14.0
179,7.0,12.0
180,6.0,14.0
181,5.0,12.0
182,2.0,8.0
183,2.0,5.0
184,3.0,5.0
185,4.0,7.0
186,4.0,7.0
187,5.0,7.0
188,5.0,7.0
189,6.0,8.0
190,7.0,10.0
191,9.0,11.0
192,10.0,11.0
193,12.0,11.0
194,13.0,12.0
195,15.0,13.0
196,18.0,13.0
197,18.0,13.0
198,19.0,13.0
199,14.0,12.0
200,13.0,10.0
201,13.0,8.0
202,13.0,5.0
203,14.0,5.0
204,13.0,5.0
205,13.0,5.0
206,9.0,5.0
207,8.0,3.0
208,4.0,4.0
209,2.0,7.0
210,0.0,7.0
211,1.0,10.0
212,1.0,12.0
213,1.0,15.0
214,3.0,18.0
215,4.0,20.0
216,5.0,21.0
217,7.0,21.0
218,8.0,21.0
219,11.0,21.0
220,12.0,22.0
221,13.0,25.0
222,13.0,25.0
223,12.0,21.0
224,11.0,16.0
225,14.0,14.0
226,13.0,15.0
227,13.0,15.0
228,13.0,15.0
229,14.0,12.0
230,11.0,14.0
231,9.0,12.0
232,7.0,7.0
233,4.0,3.0
234,3.0,2.0
235,4.0,4.0
236,5.0,5.0
237,5.0,4.0
238,5.0,6.0
239,5.0,6.0
240,8.0,6.0
241,9.0,7.0
242,9.0,8.0
243,12.0,9.0
244,13.0,11.0
245,13.0,12.0
246,15.0,14.0
247,13.0,10.0
248,15.0,9.0
249,15.0,9.0
250,15.0,9.0
251,13.0,14.0
252,11.0,15.0
253,7.0,14.0
254,6.0,9.0
255,5.0,8.0
256,4.0,6.0
257,2.0,5.0
258,4.0,5.0
259,7.0,6.0
260,8.0,6.0
261,9.0,9.0
262,9.0,10.0
263,11.0,11.0
264,14.0,12.0
265,14.0,13.0
266,15.0,13.0
267,16.0,13.0
268,17.0,15.0
269,17.0,16.0
270,19.0,17.0
271,13.0,12.0
272,10.0,12.0
273,11.0,11.0
274,13.0,9.0
275,10.0,9.0
276,11.0,7.0
277,10.0,5.0
278,10.0,7.0
279,6.0,5.0
280,3.0,2.0
281,5.0,2.0
282,4.0,3.0
283,7.0,7.0
284,7.0,8.0
285,9.0,9.0
286,9.0,9.0
287,9.0,13.0
288,10.0,13.0
289,12.0,14.0
290,13.0,14.0
291,13.0,14.0
292,14.0,17.0
293,15.0,18.0
294,16.0,19.0
295,11.0,16.0
296,10.0,15.0
297,10.0,15.0
298,10.0,13.0
299,10.0,11.0
300,12.0,8.0
301,11.0,7.0
302,8.0,5.0
303,3.0,2.0
304,1.0,2.0
305,3.0,3.0
306,4.0,3.0
307,4.0,3.0
308,8.0,4.0
309,12.0,5.0
310,11.0,5.0
311,15.0,5.0
312,14.0,5.0
313,15.0,7.0
314,17.0,8.0
315,17.0,9.0
316,19.0,9.0
317,21.0,12.0
318,23.0,14.0
319,16.0,11.0
320,14.0,13.0
321,15.0,14.0
322,14.0,12.0
323,14.0,13.0
324,12.0,12.0
325,11.0,9.0
326,8.0,6.0
327,8.0,5.0
328,5.0,3.0
329,5.0,3.0
330,4.0,2.0
331,5.0,3.0
332,5.0,3.0
333,7.0,6.0
334,8.0,9.0
335,9.0,9.0
336,10.0,8.0
337,13.0,10.0
338,13.0,10.0
339,14.0,12.0
340,15.0,16.0
341,18.0,18.0
342,21.0,19.0
343,16.0,14.0
344,16.0,13.0
345,18.0,13.0
346,16.0,14.0
347,15.0,11.0
348,14.0,10.0
349,12.0,9.0
350,12.0,7.0
351,11.0,7.0
352,7.0,5.0
353,6.0,6.0
354,4.0,5.0
355,4.0,5.0
356,7.0,5.0
357,11.0,6.0
358,12.0,8.0
359,14.0,8.0
360,15.0,11.0
361,16.0,13.0
362,18.0,15.0
363,18.0,15.0
364,18.0,16.0
365,18.0,16.0
366,21.0,17.0
367,20.0,14.0
368,21.0,15.0
369,20.0,16.0
370,17.0,16.0
371,12.0,12.0
372,11.0,11.0
373,13.0,7.0
374,12.0,6.0
375,10.0,4.0
376,11.0,2.0
377,9.0,5.0
378,10.0,4.0
379,9.0,5.0
380,12.0,4.0
381,12.0,6.0
382,14.0,7.0
383,16.0,8.0
384,16.0,10.0
385,19.0,12.0
386,21.0,12.0
387,25.0,12.0
388,25.0,12.0
389,26.0,15.0
390,26.0,15.0
391,19.0,12.0
392,19.0,11.0
393,18.0,10.0
394,18.0,9.0
395,20.0,9.0
396,23.0,8.0
397,19.0,5.0
398,17.0,4.0
399,13.0,3.0
400,13.0,5.0
401,10.0,8.0
402,8.0,7.0
403,10.0,9.0
404,12.0,11.0
405,13.0,13.0
406,13.0,14.0
407,13.0,15.0
408,13.0,15.0
409,13.0,16.0
410,13.0,16.0
411,17.0,17.0
412,17.0,17.0
413,17.0,17.0
414,17.0,17.0
415,16.0,11.0
416,13.0,9.0
417,9.0,6.0
418,8.0,4.0
419,8.0,3.0
420,9.0,2.0
421,8.0,3.0
422,5.0,8.0
423,4.0,6.0
424,2.0,4.0
425,6.0,2.0
426,7.0,1.0
427,10.0,4.0
428,10.0,6.0
429,13.0,6.0
430,13.0,5.0
431,13.0,7.0
432,16.0,9.0
433,20.0,10.0
434,20.0,10.0
435,22.0,10.0
436,23.0,11.0
437,24.0,13.0
438,24.0,15.0
439,21.0,11.0
440,19.0,11.0
441,17.0,12.0
442,17.0,10.0
443,16.0,10.0
444,12.0,7.0
445,9.0,7.0
446,10.0,5.0
447,11.0,5.0
448,9.0,5.0
449,6.0,4.0
450,3.0,3.0
451,3.0,3.0
452,3.0,3.0
453,4.0,4.0
454,5.0,5.0
455,6.0,5.0
456,8.0,5.0
457,8.0,6.0
458,10.0,9.0
459,11.0,10.0
460,13.0,11.0
461,16.0,11.0
462,18.0,12.0
463,16.0,11.0
464,17.0,12.0
465,17.0,14.0
466,15.0,15.0
467,14.0,13.0
468,13.0,10.0
469,14.0,8.0
470,13.0,6.0
471,16.0,4.0
472,16.0,2.0
473,14.0,3.0
474,11.0,3.0
475,10.0,8.0
476,12.0,8.0
477,16.0,9.0
478,17.0,13.0
479,19.0,15.0
480,20.0,18.0
481,21.0,19.0
482,23.0,19.0
483,23.0,23.0
484,23.0,24.0
485,23.0,24.0
486,24.0,25.0
487,19.0,22.0
488,14.0,19.0
489,14.0,17.0
490,11.0,16.0
491,11.0,18.0
492,11.0,18.0
493,10.0,12.0
494,7.0,6.0
495,5.0,4.0
496,2.0,2.0
497,2.0,3.0
498,3.0,5.0
499,3.0,7.0
500,4.0,8.0
501,5.0,8.0
502,9.0,9.0
503,11.0,10.0
504,11.0,12.0
505,11.0,12.0
506,11.0,13.0
507,12.0,15.0
508,15.0,20.0
509,16.0,21.0
510,16.0,23.0
511,15.0,20.0
512,14.0,20.0
513,14.0,22.0
514,13.0,19.0
515,13.0,18.0
516,11.0,16.0
517,11.0,16.0
518,9.0,13.0
519,12.0,12.0
520,10.0,9.0
521,9.0,6.0
522,9.0,6.0
523,9.0,7.0
524,11.0,8.0
525,13.0,8.0
526,16.0,9.0
527,17.0,9.0
528,17.0,9.0
529,19.0,10.0
530,21.0,11.0
531,21.0,11.0
532,25.0,12.0
533,28.0,13.0
534,30.0,13.0
535,26.0,13.0
536,25.0,11.0
537,22.0,10.0
538,23.0,11.0
539,23.0,8.0
540,20.0,9.0
541,19.0,9.0
542,17.0,9.0
543,15.0,9.0
544,13.0,4.0
545,16.0,4.0
546,14.0,2.0
547,14.0,4.0
548,15.0,8.0
549,19.0,11.0
550,20.0,10.0
551,21.0,12.0
552,22.0,12.0
553,25.0,14.0
554,27.0,15.0
555,27.0,16.0
556,29.0,21.0
557,32.0,22.0
558,34.0,23.0
559,31.0,20.0
560,27.0,19.0
561,22.0,20.0
562,18.0,21.0
563,19.0,21.0
564,18.0,17.0
565,18.0,15.0
566,18.0,14.0
567,16.0,11.0
568,14.0,10.0
569,15.0,10.0
570,15.0,7.0
571,16.0,7.0
572,19.0,8.0
573,19.0,8.0
574,22.0,9.0
575,24.0,10.0
576,24.0,13.0
577,27.0,17.0
578,29.0,18.0
579,30.0,20.0
580,31.0,21.0
581,31.0,25.0
582,32.0,26.0
583,29.0,21.0
584,25.0,18.0
585,22.0,17.0
586,22.0,17.0
587,21.0,17.0
588,19.0,17.0
589,16.0,18.0
590,15.0,16.0
591,12.0,15.0
592,14.0,14.0
593,15.0,14.0
594,12.0,13.0
595,14.0,15.0
596,18.0,16.0
597,19.0,17.0
598,20.0,18.0
599,22.0,19.0
600,22.0,19.0
601,22.0,20.0
602,24.0,24.0
603,25.0,26.0
604,25.0,29.0
605,26.0,36.0
606,28.0,36.0
607,22.0,32.0
608,21.0,30.0
609,19.0,30.0
610,16.0,35.0
611,13.0,37.0
612,14.0,35.0
613,15.0,35.0
614,12.0,36.0
615,12.0,34.0
616,10.0,31.0
617,7.0,31.0
618,7.0,31.0
619,7.0,31.0
620,7.0,33.0
621,7.0,35.0
622,8.0,35.0
623,9.0,36.0
624,10.0,36.0
625,13.0,37.0
626,14.0,38.0
627,14.0,41.0
628,14.0,42.0
629,16.0,43.0
630,17.0,43.0
631,14.0,38.0
632,13.0,35.0
633,14.0,33.0
634,17.0,33.0
635,14.0,30.0
636,15.0,28.0
637,12.0,27.0
638,13.0,26.0
639,15.0,25.0
640,12.0,25.0
641,6.0,22.0
642,4.0,20.0
643,4.0,20.0
644,5.0,20.0
645,5.0,20.0
646,6.0,21.0
647,7.0,23.0
648,10.0,24.0
649,10.0,25.0
650,11.0,26.0
651,12.0,28.0
652,13.0,28.0
653,14.0,31.0
654,17.0,32.0
655,15.0,30.0
656,17.0,27.0
657,17.0,23.0
658,15.0,21.0
659,16.0,21.0
660,15.0,19.0
661,14.0,18.0
662,14.0,20.0
663,10.0,17.0
664,9.0,13.0
665,10.0,13.0
666,7.0,11.0
667,7.0,13.0
668,9.0,17.0
669,10.0,20.0
670,12.0,21.0
671,13.0,21.0
672,14.0,22.0
673,14.0,24.0
674,15.0,25.0
675,17.0,27.0
676,18.0,27.0
677,18.0,28.0
678,19.0,32.0
679,18.0,28.0
680,16.0,24.0
681,17.0,22.0
682,17.0,21.0
683,16.0,19.0
684,12.0,16.0
685,10.0,18.0
686,8.0,18.0
687,7.0,19.0
688,10.0,20.0
689,5.0,16.0
690,8.0,14.0
691,10.0,15.0
692,11.0,15.0
693,12.0,16.0
694,13.0,18.0
695,13.0,20.0
696,13.0,22.0
697,13.0,22.0
698,15.0,23.0
699,16.0,23.0
700,19.0,24.0
701,20.0,25.0
702,22.0,26.0
703,17.0,22.0
704,15.0,18.0
705,15.0,14.0
706,13.0,13.0
707,15.0,13.0
708,16.0,12.0
709,17.0,11.0
710,16.0,11.0
711,16.0,10.0
712,11.0,9.0
713,8.0,9.0
714,5.0,9.0
715,7.0,11.0
716,8.0,13.0
717,12.0,14.0
718,16.0,15.0
719,19.0,15.0
720,20.0,16.0
721,23.0,16.0
722,25.0,16.0
723,26.0,17.0
724,26.0,17.0
725,26.0,18.0
726,27.0,21.0
727,22.0,15.0
728,17.0,11.0
729,15.0,11.0
730,14.0,12.0
731,13.0,9.0
732,16.0,10.0
733,13.0,11.0
734,15.0,10.0
735,13.0,8.0
736,10.0,8.0
737,10.0,4.0
738,8.0,1.0
739,8.0,1.0
740,8.0,2.0
741,8.0,3.0
742,11.0,4.0
743,12.0,4.0
744,14.0,7.0
745,16.0,7.0
746,17.0,8.0
747,18.0,9.0
748,20.0,10.0
749,21.0,10.0
750,22.0,12.0
751,18.0,11.0
752,17.0,16.0
753,16.0,14.0
754,16.0,12.0
755,17.0,10.0
756,16.0,11.0
757,17.0,9.0
758,14.0,7.0
759,14.0,5.0
760,11.0,7.0
761,8.0,5.0
762,7.0,4.0
763,7.0,3.0
764,9.0,5.0
765,11.0,7.0
766,12.0,8.0
767,14.0,9.0
768,15.0,11.0
769,19.0,13.0
770,20.0,14.0
771,20.0,15.0
772,21.0,16.0
773,21.0,17.0
774,21.0,18.0
775,19.0,14.0
776,16.0,14.0
777,13.0,15.0
778,14.0,14.0
779,12.0,11.0
780,12.0,12.0
781,9.0,12.0
782,6.0,10.0
783,4.0,10.0
784,3.0,8.0
785,3.0,5.0
786,1.0,4.0
787,1.0,7.0
788,4.0,8.0
789,6.0,8.0
790,7.0,11.0
791,8.0,11.0
792,10.0,12.0
793,12.0,12.0
794,12.0,12.0
795,12.0,14.0
796,13.0,14.0
797,15.0,14.0
798,15.0,17.0
799,16.0,11.0
800,14.0,8.0
801,14.0,7.0
802,13.0,10.0
803,9.0,10.0
804,9.0,10.0
805,7.0,10.0
806,7.0,9.0
807,6.0,6.0
808,5.0,10.0
809,3.0,10.0
810,3.0,6.0
811,5.0,8.0
812,9.0,9.0
813,11.0,13.0
814,13.0,14.0
815,14.0,18.0
816,15.0,18.0
817,16.0,20.0
818,16.0,22.0
819,16.0,24.0
820,17.0,26.0
821,18.0,26.0
822,18.0,29.0
823,16.0,25.0
824,11.0,21.0
825,12.0,20.0
826,12.0,19.0
827,14.0,19.0
828,16.0,16.0
829,12.0,13.0
830,10.0,11.0
831,7.0,10.0
832,7.0,7.0
833,5.0,5.0
834,3.0,4.0
835,5.0,5.0
836,5.0,6.0
837,7.0,7.0
838,8.0,9.0
839,10.0,9.0
840,10.0,11.0
841,10.0,13.0
842,11.0,14.0
843,12.0,16.0
844,14.0,16.0
845,15.0,17.0
846,16.0,18.0
847,13.0,16.0
848,13.0,17.0
849,12.0,15.0
850,13.0,12.0
851,14.0,12.0
852,15.0,13.0
853,13.0,14.0
854,11.0,12.0
855,9.0,10.0
856,7.0,11.0
857,6.0,11.0
858,6.0,10.0
859,8.0,10.0
860,11.0,11.0
861,12.0,11.0
862,12.0,13.0
863,14.0,14.0
864,17.0,14.0
865,18.0,18.0
866,18.0,21.0
867,19.0,23.0
868,21.0,24.0
869,21.0,26.0
870,22.0,28.0
871,17.0,22.0
872,14.0,20.0
873,15.0,17.0
874,15.0,16.0
875,16.0,17.0
876,16.0,14.0
877,16.0,14.0
878,14.0,9.0
879,10.0,6.0
880,7.0,5.0
881,4.0,4.0
882,5.0,2.0
883,5.0,4.0
884,8.0,4.0
885,10.0,5.0
886,11.0,8.0
887,11.0,8.0
888,12.0,11.0
889,14.0,12.0
890,15.0,14.0
891,16.0,15.0
892,16.0,16.0
893,16.0,16.0
894,18.0,16.0
895,13.0,14.0
896,13.0,12.0
897,14.0,12.0
898,15.0,13.0
899,16.0,10.0
900,15.0,11.0
901,17.0,11.0
902,13.0,7.0
903,8.0,5.0
904,5.0,4.0
905,3.0,6.0
906,2.0,8.0
907,4.0,10.0
908,7.0,12.0
909,7.0,12.0
910,7.0,13.0
911,6.0,15.0
912,6.0,17.0
913,7.0,18.0
914,9.0,19.0
915,10.0,23.0
916,11.0,23.0
917,13.0,25.0
918,14.0,25.0
919,11.0,19.0
920,11.0,17.0
921,10.0,18.0
922,8.0,18.0
923,6.0,19.0
924,6.0,17.0
925,4.0,15.0
926,5.0,14.0
927,5.0,12.0
928,6.0,9.0
929,3.0,6.0
930,2.0,4.0
931,5.0,7.0
932,5.0,9.0
933,7.0,9.0
934,8.0,9.0
935,10.0,9.0
936,12.0,10.0
937,13.0,12.0
938,16.0,14.0
939,16.0,15.0
940,18.0,17.0
941,20.0,17.0
942,25.0,19.0
943,23.0,16.0
944,22.0,18.0
945,22.0,19.0
946,23.0,18.0
947,20.0,19.0
948,18.0,17.0
949,18.0,15.0
950,16.0,13.0
951,13.0,10.0
952,11.0,8.0
953,7.0,7.0
954,6.0,5.0
955,8.0,6.0
956,9.0,9.0
957,13.0,9.0
958,13.0,11.0
959,13.0,12.0
960,15.0,12.0
961,16.0,13.0
962,18.0,14.0
963,21.0,15.0
964,22.0,16.0
965,24.0,16.0
966,26.0,16.0
967,20.0,12.0
968,19.0,11.0
969,19.0,12.0
970,20.0,11.0
971,18.0,9.0
972,21.0,8.0
973,23.0,7.0
974,22.0,6.0
975,19.0,6.0
976,14.0,6.0
977,12.0,5.0
978,9.0,4.0
979,10.0,6.0
980,10.0,10.0
981,11.0,13.0
982,11.0,14.0
983,14.0,14.0
984,14.0,16.0
985,16.0,16.0
986,16.0,19.0
987,16.0,20.0
988,16.0,21.0
989,18.0,25.0
990,18.0,25.0
991,10.0,20.0
992,8.0,19.0
993,13.0,17.0
994,14.0,20.0
995,13.0,19.0
996,11.0,18.0
997,7.0,17.0
998,6.0,16.0
999,3.0,13.0
1000,5.0,9.0
1001,8.0,5.0
1002,8.0,3.0
1003,9.0,5.0
1004,14.0,7.0
1005,15.0,7.0
1006,16.0,7.0
1007,16.0,8.0
1008,16.0,9.0
1009,16.0,9.0
1010,19.0,11.0
1011,19.0,12.0
1012,20.0,15.0
1013,22.0,15.0
1014,22.0,16.0
1015,15.0,14.0
1016,12.0,11.0
1017,10.0,10.0
1018,7.0,9.0
1019,7.0,8.0
1020,8.0,8.0
1021,6.0,8.0
1022,7.0,7.0
1023,7.0,8.0
1024,7.0,5.0
1025,4.0,2.0
1026,3.0,1.0
1027,4.0,5.0
1028,5.0,7.0
1029,6.0,7.0
1030,8.0,9.0
1031,8.0,9.0
1032,12.0,9.0
1033,13.0,10.0
1034,15.0,10.0
1035,15.0,11.0
1036,15.0,12.0
1037,15.0,14.0
1038,16.0,14.0
1039,16.0,11.0
1040,13.0,9.0
1041,12.0,8.0
1042,11.0,8.0
1043,9.0,7.0
1044,5.0,3.0
1045,3.0,1.0
1046,3.0,3.0
1047,4.0,3.0
1048,5.0,3.0
1049,6.0,2.0
1050,4.0,0.0
1051,4.0,2.0
1052,4.0,2.0
1053,5.0,3.0
1054,6.0,3.0
1055,10.0,3.0
1056,10.0,4.0
1057,11.0,4.0
1058,13.0,7.0
1059,15.0,7.0
1060,16.0,8.0
1061,17.0,10.0
1062,20.0,10.0
1063,17.0,7.0
1064,16.0,12.0
1065,14.0,12.0
1066,12.0,8.0
1067,11.0,7.0
1068,7.0,4.0
1069,6.0,2.0
1070,3.0,1.0
1071,3.0,1.0
1072,4.0,2.0
1073,3.0,3.0
1074,1.0,5.0
1075,1.0,5.0
1076,3.0,7.0
1077,7.0,7.0
1078,7.0,9.0
1079,6.0,10.0
1080,9.0,10.0
1081,9.0,10.0
1082,10.0,13.0
1083,10.0,13.0
1084,11.0,15.0
1085,12.0,16.0
1086,13.0,19.0
1087,8.0,14.0
1088,4.0,13.0
1089,6.0,12.0
1090,7.0,13.0
1091,10.0,14.0
1092,9.0,8.0
1093,10.0,5.0
1094,9.0,4.0
1095,7.0,4.0
1096,4.0,2.0
1097,3.0,4.0
1098,2.0,2.0
1099,5.0,5.0
1100,6.0,6.0
1101,8.0,6.0
1102,11.0,8.0
1103,11.0,10.0
1104,13.0,12.0
1105,15.0,13.0
1106,18.0,13.0
1107,19.0,15.0
1108,21.0,16.0
1109,26.0,17.0
1110,30.0,17.0
1111,27.0,12.0
1112,23.0,9.0
1113,24.0,9.0
1114,25.0,9.0
1115,24.0,8.0
1116,24.0,8.0
1117,20.0,6.0
1118,19.0,5.0
1119,17.0,3.0
1120,16.0,2.0
1121,14.0,3.0
1122,10.0,5.0
1123,11.0,6.0
1124,13.0,7.0
1125,13.0,10.0
1126,14.0,13.0
1127,17.0,17.0
1128,17.0,18.0
1129,18.0,18.0
1130,19.0,23.0
1131,20.0,24.0
1132,20.0,26.0
1133,20.0,27.0
1134,20.0,30.0
1135,16.0,26.0
1136,14.0,26.0
1137,10.0,24.0
1138,8.0,25.0
1139,6.0,25.0
1140,7.0,22.0
1141,5.0,19.0
1142,6.0,14.0
1143,6.0,14.0
1144,5.0,12.0
1145,4.0,12.0
1146,6.0,9.0
1147,9.0,9.0
1148,10.0,9.0
1149,10.0,12.0
1150,12.0,14.0
1151,13.0,16.0
1152,14.0,17.0
1153,16.0,18.0
1154,19.0,21.0
1155,21.0,22.0
1156,25.0,25.0
1157,27.0,25.0
1158,30.0,27.0
1159,28.0,27.0
1160,28.0,23.0
1161,27.0,23.0
1162,28.0,25.0
1163,25.0,25.0
1164,26.0,24.0
1165,25.0,22.0
1166,23.0,21.0
1167,20.0,21.0
1168,19.0,20.0
1169,16.0,16.0
1170,13.0,17.0
1171,14.0,17.0
1172,15.0,18.0
1173,20.0,19.0
1174,23.0,20.0
1175,25.0,23.0
1176,26.0,25.0
1177,27.0,27.0
1178,28.0,29.0
1179,28.0,29.0
1180,29.0,31.0
1181,29.0,35.0
1182,29.0,35.0
1183,23.0,29.0
1184,18.0,24.0
1185,18.0,22.0
1186,19.0,18.0
1187,16.0,17.0
1188,15.0,16.0
1189,13.0,17.0
1190,13.0,16.0
1191,12.0,12.0
1192,11.0,10.0
1193,7.0,9.0
1194,7.0,7.0
1195,9.0,7.0
1196,11.0,7.0
1197,11.0,11.0
1198,11.0,13.0
1199,12.0,14.0
1200,16.0,14.0
1201,17.0,15.0
1202,19.0,15.0
1203,20.0,16.0
1204,22.0,17.0
1205,25.0,18.0
1206,25.0,19.0
1207,22.0,19.0
1208,20.0,17.0
1209,19.0,14.0
1210,17.0,13.0
1211,18.0,12.0
1212,18.0,13.0
1213,19.0,12.0
1214,17.0,10.0
1215,15.0,14.0
1216,14.0,13.0
1217,13.0,12.0
1218,10.0,11.0
1219,10.0,12.0
1220,12.0,15.0
1221,14.0,16.0
1222,16.0,19.0
1223,16.0,19.0
1224,16.0,21.0
1225,17.0,21.0
1226,17.0,21.0
1227,20.0,22.0
1228,20.0,23.0
1229,21.0,26.0
1230,25.0,27.0
1231,19.0,22.0
1232,18.0,20.0
1233,15.0,17.0
1234,13.0,14.0
1235,10.0,13.0
1236,12.0,14.0
1237,10.0,13.0
1238,8.0,13.0
1239,5.0,11.0
1240,5.0,8.0
1241,8.0,4.0
1242,7.0,3.0
1243,8.0,4.0
1244,9.0,5.0
1245,9.0,7.0
1246,9.0,9.0
1247,11.0,9.0
1248,11.0,10.0
1249,14.0,12.0
1250,17.0,14.0
1251,18.0,14.0
1252,20.0,15.0
1253,20.0,16.0
1254,21.0,17.0
1255,14.0,13.0
1256,12.0,12.0
1257,9.0,12.0
1258,6.0,9.0
1259,2.0,10.0
1260,0.0,8.0
1261,1.0,7.0
1262,2.0,7.0
1263,3.0,6.0
1264,3.0,6.0
1265,5.0,4.0
1266,5.0,4.0
1267,8.0,6.0
1268,10.0,8.0
1269,10.0,11.0
1270,11.0,13.0
1271,11.0,15.0
1272,12.0,16.0
1273,15.0,18.0
1274,16.0,19.0
1275,19.0,20.0
1276,20.0,22.0
1277,20.0,22.0
1278,22.0,23.0
1279,18.0,19.0
1280,16.0,17.0
1281,15.0,18.0
1282,17.0,16.0
1283,14.0,16.0
1284,12.0,13.0
1285,10.0,14.0
1286,10.0,13.0
1287,7.0,16.0
1288,6.0,12.0
1289,5.0,9.0
1290,3.0,5.0
1291,5.0,6.0
1292,6.0,7.0
1293,9.0,10.0
1294,11.0,11.0
1295,11.0,12.0
1296,13.0,12.0
1297,13.0,14.0
1298,13.0,15.0
1299,13.0,16.0
1300,13.0,16.0
1301,13.0,17.0
1302,13.0,19.0
1303,9.0,15.0
1304,8.0,14.0
1305,7.0,15.0
1306,6.0,13.0
1307,5.0,13.0
1308,6.0,12.0
1309,6.0,10.0
1310,2.0,9.0
1311,2.0,8.0
1312,3.0,8.0
1313,4.0,7.0
1314,4.0,4.0
1315,5.0,6.0
1316,8.0,6.0
1317,9.0,6.0
1318,11.0,7.0
1319,13.0,12.0
1320,13.0,14.0
1321,15.0,15.0
1322,15.0,16.0
1323,16.0,20.0
1324,20.0,20.0
1325,20.0,22.0
1326,22.0,24.0
1327,18.0,22.0
1328,16.0,20.0
1329,16.0,22.0
1330,16.0,23.0
1331,15.0,23.0
1332,13.0,19.0
1333,11.0,16.0
1334,10.0,15.0
1335,6.0,12.0
1336,5.0,8.0
1337,8.0,7.0
1338,6.0,5.0
1339,9.0,7.0
1340,13.0,8.0
1341,14.0,10.0
1342,15.0,10.0
1343,15.0,12.0
1344,17.0,12.0
1345,20.0,13.0
1346,22.0,14.0
1347,24.0,14.0
1348,26.0,15.0
1349,27.0,16.0
1350,29.0,18.0
1351,25.0,14.0
1352,20.0,16.0
1353,18.0,18.0
1354,18.0,17.0
1355,18.0,15.0
1356,19.0,15.0
1357,18.0,14.0
1358,18.0,12.0
1359,15.0,8.0
1360,11.0,5.0
1361,9.0,7.0
1362,5.0,8.0
1363,8.0,11.0
1364,9.0,12.0
1365,11.0,12.0
1366,13.0,16.0
1367,16.0,19.0
1368,17.0,20.0
1369,17.0,23.0
1370,20.0,23.0
1371,21.0,23.0
1372,22.0,24.0
1373,22.0,29.0
1374,26.0,31.0
1375,23.0,26.0
1376,24.0,23.0
1377,22.0,19.0
1378,20.0,18.0
1379,18.0,19.0
1380,18.0,18.0
1381,16.0,16.0
1382,15.0,12.0
1383,13.0,8.0
1384,13.0,7.0
1385,13.0,6.0
1386,11.0,4.0
1387,12.0,5.0
1388,12.0,7.0
1389,13.0,9.0
1390,15.0,9.0
1391,16.0,11.0
1392,16.0,13.0
1393,18.0,17.0
1394,18.0,21.0
1395,20.0,22.0
1396,24.0,24.0
1397,24.0,26.0
1398,24.0,26.0
1399,21.0,22.0
1400,22.0,23.0
1401,18.0,24.0
1402,14.0,24.0
1403,13.0,23.0
1404,12.0,21.0
1405,11.0,19.0
1406,7.0,19.0
1407,7.0,20.0
1408,5.0,19.0
1409,2.0,18.0
1410,3.0,15.0
1411,3.0,17.0
1412,5.0,21.0
1413,6.0,21.0
1414,8.0,21.0
1415,8.0,22.0
1416,9.0,24.0
1417,11.0,26.0
1418,13.0,28.0
1419,15.0,28.0
1420,17.0,29.0
1421,18.0,29.0
1422,20.0,29.0
1423,17.0,26.0
1424,14.0,26.0
1425,17.0,26.0
1426,17.0,25.0
1427,16.0,22.0
1428,14.0,22.0
1429,13.0,19.0
1430,12.0,18.0
1431,11.0,17.0
1432,7.0,16.0
1433,8.0,16.0
1434,7.0,14.0
1435,11.0,16.0
1436,13.0,16.0
1437,16.0,18.0
1438,18.0,21.0
1439,18.0,22.0
1440,18.0,22.0
1441,18.0,25.0
1442,18.0,26.0
1443,18.0,28.0
1444,20.0,30.0
1445,20.0,30.0
1446,21.0,32.0
1447,17.0,29.0
1448,14.0,25.0
1449,15.0,25.0
1450,12.0,25.0
1451,9.0,23.0
1452,9.0,23.0
1453,8.0,24.0
1454,7.0,24.0
1455,8.0,21.0
1456,10.0,21.0
1457,9.0,18.0
1458,7.0,13.0
1459,8.0,14.0
1460,9.0,16.0
1461,10.0,19.0
1462,12.0,19.0
1463,14.0,20.0
1464,14.0,23.0
1465,15.0,23.0
1466,15.0,23.0
1467,18.0,24.0
1468,21.0,25.0
1469,22.0,25.0
1470,23.0,26.0
1471,19.0,20.0
1472,17.0,17.0
1473,16.0,18.0
1474,15.0,18.0
1475,17.0,17.0
1476,18.0,19.0
1477,17.0,16.0
1478,17.0,14.0
1479,13.0,11.0
1480,9.0,6.0
1481,6.0,5.0
1482,4.0,4.0
1483,5.0,7.0
1484,5.0,8.0
1485,6.0,11.0
1486,7.0,11.0
1487,7.0,12.0
1488,7.0,12.0
1489,7.0,14.0
1490,7.0,16.0
1491,7.0,16.0
1492,9.0,18.0
1493,9.0,18.0
1494,10.0,19.0
1495,5.0,15.0
1496,5.0,13.0
1497,7.0,12.0
1498,7.0,11.0
1499,7.0,12.0
1500,9.0,12.0
1501,8.0,13.0
1502,5.0,11.0
1503,4.0,7.0
1504,2.0,7.0
1505,2.0,7.0
1506,3.0,6.0
1507,4.0,7.0
1508,7.0,8.0
1509,8.0,11.0
1510,8.0,12.0
1511,10.0,13.0
1512,11.0,15.0
1513,12.0,18.0
1514,12.0,19.0
1515,12.0,23.0
1516,14.0,25.0
1517,16.0,26.0
1518,18.0,27.0
1519,14.0,22.0
1520,13.0,21.0
1521,11.0,20.0
1522,10.0,20.0
1523,8.0,17.0
1524,5.0,15.0
1525,4.0,13.0
1526,2.0,12.0
1527,4.0,12.0
1528,6.0,9.0
1529,4.0,6.0
1530,4.0,4.0
1531,5.0,5.0
1532,7.0,8.0
1533,8.0,11.0
1534,10.0,12.0
1535,11.0,15.0
1536,11.0,17.0
1537,12.0,18.0
1538,14.0,21.0
1539,14.0,21.0
1540,15.0,21.0
1541,17.0,22.0
1542,19.0,23.0
1543,14.0,20.0
1544,12.0,19.0
1545,10.0,19.0
1546,10.0,19.0
1547,9.0,19.0
1548,9.0,15.0
1549,6.0,16.0
1550,5.0,18.0
1551,6.0,16.0
1552,7.0,15.0
1553,5.0,13.0
1554,5.0,10.0
1555,6.0,9.0
1556,6.0,10.0
1557,9.0,12.0
1558,10.0,12.0
1559,11.0,12.0
1560,12.0,16.0
1561,13.0,18.0
1562,15.0,19.0
1563,17.0,20.0
1564,19.0,20.0
1565,21.0,23.0
1566,22.0,24.0
1567,18.0,21.0
1568,14.0,18.0
1569,13.0,18.0
1570,13.0,17.0
1571,15.0,16.0
1572,13.0,15.0
1573,13.0,14.0
1574,8.0,12.0
1575,4.0,14.0
1576,4.0,14.0
1577,3.0,13.0
1578,2.0,11.0
1579,6.0,12.0
1580,6.0,12.0
1581,8.0,12.0
1582,8.0,13.0
1583,8.0,15.0
1584,9.0,18.0
1585,12.0,19.0
1586,14.0,23.0
1587,15.0,27.0
1588,16.0,30.0
1589,17.0,30.0
1590,20.0,32.0
1591,14.0,27.0
1592,13.0,23.0
1593,12.0,21.0
1594,13.0,20.0
1595,13.0,17.0
1596,10.0,16.0
1597,9.0,12.0
1598,9.0,11.0
1599,7.0,11.0
1600,6.0,11.0
1601,4.0,12.0
1602,4.0,10.0
1603,5.0,11.0
1604,8.0,13.0
1605,8.0,16.0
1606,10.0,17.0
1607,10.0,16.0
1608,14.0,16.0
1609,15.0,17.0
1610,16.0,18.0
1611,18.0,20.0
1612,20.0,22.0
1613,21.0,22.0
1614,21.0,24.0
1615,16.0,21.0
1616,13.0,16.0
1617,12.0,18.0
1618,12.0,17.0
1619,14.0,15.0
1620,16.0,11.0
1621,17.0,9.0
1622,16.0,9.0
1623,15.0,10.0
1624,13.0,8.0
1625,13.0,5.0
1626,10.0,5.0
1627,11.0,5.0
1628,11.0,5.0
1629,15.0,6.0
1630,17.0,8.0
1631,19.0,11.0
1632,20.0,12.0
1633,21.0,13.0
1634,21.0,14.0
1635,21.0,18.0
1636,21.0,20.0
1637,23.0,20.0
1638,23.0,22.0
1639,21.0,18.0
1640,18.0,16.0
1641,16.0,17.0
1642,11.0,16.0
1643,8.0,18.0
1644,8.0,15.0
1645,7.0,13.0
1646,9.0,13.0
1647,7.0,11.0
1648,5.0,6.0
1649,6.0,4.0
1650,3.0,3.0
1651,4.0,5.0
1652,7.0,7.0
1653,10.0,9.0
1654,11.0,10.0
1655,13.0,11.0
1656,13.0,11.0
1657,13.0,11.0
1658,17.0,12.0
1659,17.0,13.0
1660,17.0,14.0
1661,19.0,14.0
1662,20.0,14.0
1663,19.0,12.0
1664,15.0,12.0
1665,13.0,13.0
1666,14.0,13.0
1667,13.0,8.0
1668,11.0,5.0
1669,8.0,5.0
1670,5.0,4.0
1671,5.0,3.0
1672,3.0,2.0
1673,2.0,6.0
1674,3.0,5.0
1675,3.0,7.0
1676,5.0,7.0
1677,6.0,8.0
1678,7.0,9.0
1679,7.0,10.0
1680,8.0,12.0
1681,9.0,13.0
1682,11.0,13.0
1683,15.0,14.0
1684,17.0,14.0
1685,18.0,15.0
1686,21.0,17.0
1687,16.0,15.0
1688,14.0,11.0
1689,17.0,8.0
1690,18.0,8.0
1691,19.0,8.0
1692,18.0,5.0
1693,18.0,3.0
1694,17.0,3.0
1695,16.0,2.0
1696,13.0,1.0
1697,10.0,1.0
1698,9.0,1.0
1699,12.0,2.0
1700,14.0,2.0
1701,18.0,3.0
1702,18.0,3.0
1703,18.0,3.0
1704,18.0,3.0
1705,20.0,3.0
1706,20.0,4.0
1707,20.0,5.0
1708,20.0,5.0
1709,21.0,6.0
1710,23.0,8.0
1711,16.0,4.0
1712,14.0,4.0
1713,13.0,5.0
1714,10.0,6.0
1715,7.0,5.0
1716,6.0,4.0
1717,7.0,2.0
1718,6.0,2.0
1719,4.0,2.0
1720,3.0,3.0
1721,3.0,3.0
1722,4.0,2.0
1723,4.0,2.0
1724,4.0,3.0
1725,5.0,7.0
1726,5.0,8.0
1727,5.0,8.0
1728,6.0,9.0
1729,7.0,10.0
1730,8.0,11.0
1731,9.0,12.0
1732,9.0,12.0
1733,9.0,12.0
1734,11.0,13.0
1735,7.0,10.0
1736,5.0,10.0
1737,7.0,9.0
1738,8.0,7.0
1739,8.0,5.0
1740,6.0,5.0
1741,4.0,4.0
1742,1.0,6.0
1743,3.0,5.0
1744,2.0,4.0
1745,4.0,1.0
1746,3.0,0.0
1747,5.0,2.0
1748,4.0,4.0
1749,6.0,6.0
1750,8.0,8.0
1751,8.0,10.0
1752,10.0,11.0
1753,10.0,12.0
1754,10.0,13.0
1755,11.0,14.0
1756,11.0,15.0
1757,13.0,16.0
1758,14.0,16.0
1759,11.0,12.0
1760,9.0,11.0
1761,9.0,10.0
1762,7.0,9.0
1763,6.0,9.0
1764,5.0,10.0
1765,3.0,10.0
1766,3.0,5.0
1767,2.0,6.0
1768,5.0,5.0
1769,3.0,6.0
1770,4.0,6.0
1771,5.0,7.0
1772,6.0,7.0
1773,9.0,9.0
1774,9.0,10.0
1775,9.0,11.0
1776,12.0,12.0
1777,13.0,13.0
1778,13.0,14.0
1779,15.0,15.0
1780,16.0,19.0
1781,16.0,20.0
1782,16.0,22.0
1783,13.0,15.0
1784,10.0,13.0
1785,7.0,13.0
1786,5.0,12.0
1787,3.0,13.0
1788,2.0,11.0
1789,1.0,10.0
1790,3.0,8.0
1791,3.0,5.0
1792,2.0,6.0
1793,1.0,4.0
1794,3.0,4.0
1795,4.0,4.0
1796,10.0,6.0
1797,10.0,8.0
1798,10.0,9.0
1799,10.0,10.0
1800,13.0,12.0
1801,14.0,16.0
1802,14.0,19.0
1803,18.0,20.0
1804,19.0,24.0
1805,20.0,24.0
1806,21.0,24.0
1807,17.0,21.0
1808,16.0,19.0
1809,12.0,18.0
1810,12.0,19.0
1811,12.0,17.0
1812,12.0,19.0
1813,8.0,16.0
1814,7.0,18.0
1815,4.0,15.0
1816,1.0,13.0
1817,1.0,14.0
1818,5.0,10.0
1819,5.0,10.0
1820,8.0,11.0
1821,9.0,14.0
1822,10.0,16.0
1823,11.0,19.0
1824,14.0,20.0
1825,14.0,20.0
1826,14.0,21.0
1827,14.0,26.0
1828,16.0,27.0
1829,18.0,27.0
1830,19.0,28.0
1831,15.0,24.0
1832,10.0,23.0
1833,10.0,22.0
1834,12.0,22.0
1835,14.0,21.0
1836,15.0,21.0
1837,9.0,20.0
1838,3.0,17.0
1839,1.0,17.0
1840,4.0,18.0
1841,3.0,15.0
1842,4.0,13.0
1843,4.0,13.0
1844,5.0,13.0
1845,5.0,13.0
1846,5.0,13.0
1847,7.0,15.0
1848,10.0,15.0
1849,10.0,15.0
1850,11.0,16.0
1851,12.0,16.0
1852,12.0,16.0
1853,12.0,16.0
1854,14.0,16.0
1855,9.0,13.0
1856,7.0,11.0
1857,9.0,13.0
1858,12.0,11.0
1859,11.0,11.0
1860,13.0,10.0
1861,13.0,8.0
1862,7.0,5.0
1863,4.0,4.0
1864,3.0,3.0
1865,2.0,2.0
1866,5.0,4.0
1867,6.0,5.0
1868,9.0,7.0
1869,11.0,7.0
1870,11.0,6.0
1871,11.0,8.0
1872,12.0,9.0
1873,13.0,10.0
1874,14.0,11.0
1875,14.0,12.0
1876,15.0,12.0
1877,17.0,15.0
1878,17.0,17.0
1879,13.0,14.0
1880,10.0,12.0
1881,8.0,15.0
1882,8.0,11.0
1883,8.0,12.0
1884,6.0,9.0
1885,5.0,8.0
1886,5.0,9.0
1887,5.0,5.0
1888,6.0,4.0
1889,6.0,2.0
1890,2.0,1.0
1891,3.0,2.0
1892,4.0,5.0
1893,4.0,6.0
1894,5.0,8.0
1895,8.0,8.0
1896,9.0,8.0
1897,11.0,9.0
1898,10.0,9.0
1899,12.0,10.0
1900,12.0,13.0
1901,12.0,14.0
1902,12.0,16.0
1903,8.0,13.0
1904,8.0,16.0
1905,7.0,14.0
1906,8.0,12.0
1907,5.0,9.0
1908,3.0,10.0
1909,4.0,10.0
1910,5.0,10.0
1911,4.0,11.0
1912,3.0,6.0
1913,4.0,5.0
1914,4.0,3.0
1915,7.0,3.0
1916,8.0,6.0
1917,9.0,6.0
1918,10.0,8.0
1919,12.0,10.0
1920,15.0,10.0
1921,16.0,11.0
1922,17.0,13.0
1923,19.0,15.0
1924,21.0,15.0
1925,21.0,18.0
1926,25.0,19.0
1927,21.0,19.0
1928,19.0,16.0
1929,21.0,14.0
1930,22.0,14.0
1931,19.0,14.0
1932,13.0,13.0
1933,9.0,12.0
1934,10.0,9.0
1935,8.0,7.0
1936,7.0,6.0
1937,6.0,3.0
1938,3.0,1.0
1939,5.0,1.0
1940,5.0,2.0
1941,5.0,8.0
1942,7.0,10.0
1943,7.0,13.0
1944,7.0,15.0
1945,8.0,15.0
1946,9.0,15.0
1947,9.0,17.0
1948,12.0,19.0
1949,13.0,20.0
1950,16.0,20.0
1951,14.0,13.0
1952,13.0,12.0
1953,12.0,12.0
1954,12.0,12.0
1955,14.0,12.0
1956,15.0,12.0
1957,12.0,11.0
1958,13.0,8.0
1959,9.0,7.0
1960,8.0,7.0
1961,6.0,6.0
1962,5.0,5.0
1963,5.0,6.0
1964,6.0,6.0
1965,8.0,8.0
1966,11.0,8.0
1967,11.0,9.0
1968,11.0,10.0
1969,11.0,11.0
1970,13.0,14.0
1971,14.0,15.0
1972,16.0,16.0
1973,19.0,18.0
1974,21.0,18.0
1975,19.0,14.0
1976,19.0,13.0
1977,17.0,12.0
1978,15.0,11.0
1979,12.0,12.0
1980,14.0,12.0
1981,15.0,12.0
1982,10.0,10.0
1983,6.0,7.0
1984,6.0,4.0
1985,5.0,5.0
1986,3.0,5.0
1987,4.0,5.0
1988,5.0,6.0
1989,5.0,8.0
1990,6.0,10.0
1991,6.0,12.0
1992,6.0,12.0
1993,7.0,12.0
1994,7.0,13.0
1995,7.0,14.0
1996,7.0,14.0
1997,8.0,14.0
1998,10.0,14.0
1999,8.0,11.0
2000,8.0,9.0
2001,7.0,7.0
2002,5.0,6.0
2003,5.0,5.0
2004,5.0,6.0
2005,5.0,6.0
2006,5.0,7.0
2007,4.0,6.0
2008,4.0,3.0
2009,4.0,2.0
2010,3.0,4.0
2011,4.0,7.0
2012,5.0,8.0
2013,8.0,9.0
2014,10.0,9.0
2015,12.0,10.0
2016,12.0,14.0
2017,12.0,16.0
2018,12.0,16.0
2019,13.0,17.0
2020,14.0,20.0
2021,15.0,22.0
2022,16.0,23.0
2023,10.0,19.0
2024,7.0,18.0
2025,8.0,18.0
2026,8.0,17.0
2027,6.0,16.0
2028,6.0,12.0
2029,7.0,9.0
2030,6.0,8.0
2031,7.0,6.0
2032,6.0,4.0
2033,3.0,3.0
2034,5.0,2.0
2035,7.0,2.0
2036,7.0,6.0
2037,8.0,7.0
2038,8.0,7.0
2039,8.0,8.0
2040,8.0,8.0
2041,9.0,9.0
2042,11.0,10.0
2043,11.0,12.0
2044,13.0,13.0
2045,14.0,13.0
2046,15.0,15.0
2047,13.0,10.0
2048,12.0,9.0
2049,15.0,10.0
2050,15.0,9.0
2051,13.0,8.0
2052,10.0,7.0
2053,6.0,6.0
2054,2.0,8.0
2055,1.0,8.0
2056,0.0,6.0
2057,1.0,10.0
2058,3.0,7.0
2059,4.0,10.0
2060,5.0,12.0
2061,7.0,13.0
2062,9.0,14.0
2063,10.0,16.0
2064,10.0,17.0
2065,11.0,18.0
2066,12.0,19.0
2067,13.0,20.0
2068,13.0,22.0
2069,15.0,22.0
2070,16.0,22.0
2071,14.0,16.0
2072,12.0,13.0
2073,12.0,10.0
2074,10.0,9.0
2075,7.0,10.0
2076,5.0,10.0
2077,5.0,10.0
2078,5.0,8.0
2079,4.0,7.0
2080,4.0,5.0
2081,2.0,5.0
2082,2.0,5.0
2083,3.0,7.0
2084,4.0,7.0
2085,5.0,6.0
2086,7.0,6.0
2087,8.0,8.0
2088,10.0,9.0
2089,10.0,11.0
2090,15.0,11.0
2091,15.0,15.0
2092,15.0,15.0
2093,16.0,15.0
2094,18.0,16.0
2095,14.0,11.0
2096,13.0,7.0
2097,13.0,8.0
2098,13.0,9.0
2099,11.0,7.0
2100,8.0,10.0
2101,7.0,9.0
2102,4.0,7.0
2103,2.0,3.0
2104,2.0,2.0
2105,4.0,3.0
2106,6.0,3.0
2107,6.0,3.0
2108,8.0,3.0
2109,8.0,4.0
2110,8.0,6.0
2111,9.0,9.0
2112,11.0,11.0
2113,13.0,13.0
2114,14.0,14.0
2115,18.0,14.0
2116,19.0,14.0
2117,24.0,15.0
2118,25.0,16.0
2119,21.0,13.0
2120,19.0,12.0
2121,17.0,11.0
2122,17.0,10.0
2123,17.0,9.0
2124,21.0,8.0
2125,19.0,7.0
2126,16.0,5.0
2127,13.0,2.0
2128,12.0,2.0
2129,10.0,3.0
2130,6.0,3.0
2131,8.0,3.0
2132,9.0,8.0
2133,11.0,14.0
2134,12.0,15.0
2135,14.0,15.0
2136,15.0,16.0
2137,15.0,18.0
2138,15.0,20.0
2139,17.0,21.0
2140,18.0,22.0
2141,18.0,24.0
2142,19.0,24.0
2143,13.0,21.0
2144,13.0,20.0
2145,12.0,21.0
2146,10.0,19.0
2147,10.0,15.0
2148,10.0,12.0
2149,10.0,12.0
2150,8.0,13.0
2151,6.0,15.0
2152,6.0,13.0
2153,5.0,11.0
2154,4.0,9.0
2155,4.0,9.0
2156,5.0,10.0
2157,6.0,10.0
2158,6.0,11.0
2159,5.0,15.0
2160,6.0,15.0
2161,7.0,18.0
2162,8.0,18.0
2163,8.0,19.0
2164,9.0,21.0
2165,10.0,24.0
2166,13.0,27.0
2167,11.0,25.0
2168,9.0,22.0
2169,10.0,22.0
2170,8.0,21.0
2171,12.0,22.0
2172,10.0,20.0
2173,9.0,19.0
2174,6.0,15.0
2175,4.0,12.0
2176,1.0,11.0
2177,1.0,10.0
2178,2.0,9.0
2179,4.0,12.0
2180,4.0,12.0
2181,4.0,12.0
2182,6.0,13.0
2183,6.0,14.0
2184,7.0,16.0
2185,9.0,18.0
2186,11.0,18.0
2187,12.0,22.0
2188,14.0,23.0
2189,14.0,26.0
2190,17.0,26.0
2191,12.0,22.0
2192,11.0,19.0
2193,10.0,19.0
2194,9.0,20.0
2195,11.0,22.0
2196,9.0,22.0
2197,10.0,17.0
2198,9.0,16.0
2199,6.0,12.0
2200,6.0,10.0
2201,7.0,7.0
2202,4.0,5.0
2203,4.0,5.0
2204,5.0,9.0
2205,7.0,10.0
2206,8.0,10.0
2207,10.0,12.0
2208,12.0,13.0
2209,13.0,14.0
2210,14.0,14.0
2211,15.0,14.0
2212,17.0,14.0
2213,17.0,16.0
2214,17.0,17.0
2215,11.0,15.0
2216,12.0,15.0
2217,10.0,14.0
2218,11.0,14.0
2219,11.0,12.0
2220,8.0,12.0
2221,9.0,9.0
2222,7.0,7.0
2223,9.0,8.0
2224,10.0,9.0
2225,8.0,9.0
2226,4.0,6.0
2227,2.0,8.0
2228,4.0,8.0
2229,5.0,9.0
2230,5.0,7.0
2231,6.0,8.0
2232,8.0,8.0
2233,8.0,9.0
2234,10.0,10.0
2235,11.0,10.0
2236,12.0,13.0
2237,13.0,14.0
2238,14.0,16.0
2239,13.0,13.0
2240,11.0,10.0
2241,8.0,10.0
2242,6.0,11.0
2243,5.0,10.0
2244,6.0,13.0
2245,5.0,10.0
2246,4.0,7.0
2247,2.0,9.0
2248,1.0,8.0
2249,2.0,6.0
2250,1.0,4.0
2251,3.0,5.0
2252,5.0,6.0
2253,6.0,7.0
2254,6.0,8.0
2255,9.0,10.0
2256,10.0,11.0
2257,11.0,12.0
2258,11.0,14.0
2259,14.0,15.0
2260,14.0,16.0
2261,16.0,16.0
2262,18.0,16.0
2263,14.0,12.0
2264,11.0,10.0
2265,10.0,9.0
2266,10.0,8.0
2267,13.0,7.0
2268,11.0,5.0
2269,9.0,2.0
2270,6.0,2.0
2271,6.0,3.0
2272,5.0,3.0
2273,4.0,2.0
2274,3.0,1.0
2275,5.0,1.0
2276,5.0,5.0
2277,7.0,6.0
2278,9.0,7.0
2279,10.0,8.0
2280,10.0,9.0
2281,11.0,9.0
2282,12.0,11.0
2283,15.0,12.0
2284,17.0,14.0
2285,17.0,17.0
2286,18.0,21.0
2287,16.0,16.0
2288,15.0,15.0
2289,13.0,14.0
2290,14.0,13.0
2291,13.0,12.0
2292,11.0,13.0
2293,10.0,13.0
2294,8.0,10.0
2295,5.0,7.0
2296,6.0,5.0
2297,5.0,3.0
2298,5.0,5.0
2299,9.0,6.0
2300,10.0,7.0
2301,11.0,8.0
2302,11.0,9.0
2303,12.0,11.0
2304,14.0,13.0
2305,15.0,14.0
2306,16.0,16.0
2307,16.0,17.0
2308,16.0,19.0
2309,16.0,20.0
2310,17.0,20.0
2311,13.0,15.0
2312,13.0,14.0
2313,12.0,13.0
2314,10.0,12.0
2315,11.0,11.0
2316,10.0,11.0
2317,8.0,9.0
2318,5.0,9.0
2319,4.0,5.0
2320,4.0,6.0
2321,2.0,6.0
2322,0.0,4.0
2323,1.0,4.0
2324,4.0,4.0
2325,5.0,6.0
2326,6.0,7.0
2327,7.0,6.0
2328,8.0,7.0
2329,10.0,8.0
2330,11.0,10.0
2331,13.0,11.0
2332,13.0,12.0
2333,15.0,13.0
2334,16.0,13.0
2335,15.0,7.0
2336,14.0,7.0
2337,17.0,9.0
2338,16.0,10.0
2339,13.0,10.0
2340,14.0,10.0
2341,13.0,9.0
2342,10.0,6.0
2343,9.0,6.0
2344,8.0,3.0
2345,9.0,2.0
2346,8.0,1.0
2347,10.0,2.0
2348,9.0,3.0
2349,9.0,3.0
2350,12.0,4.0
2351,15.0,6.0
2352,18.0,6.0
2353,19.0,7.0
2354,20.0,8.0
2355,21.0,10.0
2356,22.0,12.0
2357,22.0,12.0
2358,23.0,14.0
2359,20.0,11.0
2360,16.0,11.0
2361,17.0,12.0
2362,16.0,12.0
2363,13.0,9.0
2364,12.0,5.0
2365,9.0,5.0
2366,8.0,3.0
2367,5.0,4.0
2368,6.0,3.0
2369,7.0,4.0
2370,5.0,4.0
2371,6.0,4.0
2372,7.0,5.0
2373,8.0,6.0
2374,9.0,6.0
2375,11.0,7.0
2376,11.0,10.0
2377,12.0,12.0
2378,14.0,15.0
2379,17.0,16.0
2380,18.0,17.0
2381,19.0,18.0
2382,22.0,21.0
2383,20.0,18.0
2384,17.0,15.0
2385,15.0,16.0
2386,15.0,15.0
2387,14.0,12.0
2388,13.0,11.0
2389,13.0,12.0
2390,11.0,12.0
2391,11.0,10.0
2392,7.0,7.0
2393,5.0,4.0
2394,5.0,3.0
2395,5.0,3.0
2396,5.0,4.0
2397,6.0,8.0
2398,7.0,9.0
2399,8.0,10.0
2400,9.0,10.0
2401,10.0,12.0
2402,10.0,13.0
2403,11.0,15.0
2404,15.0,17.0
2405,16.0,18.0
2406,16.0,21.0
2407,14.0,18.0
2408,12.0,17.0
2409,13.0,17.0
2410,13.0,17.0
2411,13.0,15.0
2412,10.0,15.0
2413,10.0,16.0
2414,6.0,14.0
2415,3.0,11.0
2416,1.0,8.0
2417,3.0,5.0
2418,5.0,1.0
2419,6.0,3.0
2420,7.0,4.0
2421,8.0,5.0
2422,7.0,6.0
2423,10.0,6.0
2424,11.0,8.0
2425,16.0,8.0
2426,17.0,8.0
2427,17.0,9.0
2428,18.0,11.0
2429,21.0,13.0
2430,24.0,14.0
2431,23.0,12.0
2432,22.0,14.0
2433,22.0,15.0
2434,22.0,16.0
2435,21.0,15.0
2436,17.0,13.0
2437,13.0,11.0
2438,11.0,10.0
2439,8.0,7.0
2440,8.0,5.0
2441,9.0,3.0
2442,8.0,1.0
2443,8.0,1.0
2444,9.0,4.0
2445,12.0,4.0
2446,12.0,4.0
2447,13.0,6.0
2448,13.0,7.0
2449,13.0,8.0
2450,13.0,10.0
2451,13.0,12.0
2452,13.0,13.0
2453,18.0,14.0
2454,19.0,17.0
2455,13.0,15.0
2456,10.0,14.0
2457,9.0,14.0
2458,8.0,14.0
2459,8.0,13.0
2460,8.0,11.0
2461,9.0,12.0
2462,10.0,13.0
2463,10.0,10.0
2464,7.0,7.0
2465,5.0,3.0
2466,3.0,3.0
2467,6.0,6.0
2468,10.0,6.0
2469,11.0,6.0
2470,12.0,9.0
2471,15.0,10.0
2472,16.0,11.0
2473,18.0,12.0
2474,18.0,15.0
2475,20.0,16.0
2476,20.0,17.0
2477,20.0,18.0
2478,22.0,19.0
2479,17.0,18.0
2480,15.0,17.0
2481,14.0,18.0
2482,16.0,17.0
2483,15.0,19.0
2484,12.0,20.0
2485,10.0,19.0
2486,10.0,19.0
2487,7.0,15.0
2488,4.0,12.0
2489,4.0,10.0
2490,3.0,7.0
2491,6.0,8.0
2492,7.0,11.0
2493,7.0,12.0
2494,9.0,13.0
2495,9.0,13.0
2496,10.0,14.0
2497,11.0,16.0
2498,12.0,19.0
2499,13.0,19.0
2500,14.0,19.0
2501,17.0,20.0
2502,18.0,20.0
2503,16.0,16.0
2504,14.0,14.0
2505,14.0,13.0
2506,13.0,13.0
2507,13.0,12.0
2508,14.0,11.0
2509,12.0,10.0
2510,8.0,8.0
2511,8.0,10.0
2512,5.0,10.0
2513,3.0,6.0
2514,1.0,5.0
2515,2.0,8.0
2516,2.0,9.0
2517,4.0,12.0
2518,7.0,13.0
2519,8.0,16.0
2520,9.0,16.0
2521,12.0,16.0
2522,15.0,16.0
2523,15.0,16.0
2524,16.0,19.0
2525,17.0,20.0
2526,17.0,22.0
2527,16.0,18.0
2528,15.0,14.0
2529,14.0,13.0
2530,12.0,14.0
2531,17.0,12.0
2532,20.0,10.0
2533,19.0,8.0
2534,14.0,8.0
2535,11.0,6.0
2536,6.0,4.0
2537,6.0,3.0
2538,3.0,7.0
2539,8.0,7.0
2540,10.0,8.0
2541,10.0,12.0
2542,13.0,14.0
2543,15.0,16.0
2544,18.0,17.0
2545,18.0,17.0
2546,20.0,18.0
2547,20.0,23.0
2548,22.0,26.0
2549,22.0,27.0
2550,25.0,27.0
2551,23.0,24.0
2552,20.0,21.0
2553,22.0,19.0
2554,21.0,19.0
2555,19.0,20.0
2556,17.0,18.0
2557,16.0,17.0
2558,16.0,14.0
2559,13.0,8.0
2560,11.0,6.0
2561,9.0,2.0
2562,7.0,3.0
2563,8.0,4.0
2564,11.0,5.0
2565,12.0,8.0
2566,15.0,8.0
2567,16.0,10.0
2568,17.0,11.0
2569,19.0,12.0
2570,21.0,13.0
2571,23.0,13.0
2572,29.0,14.0
2573,29.0,15.0
2574,30.0,20.0
2575,28.0,19.0
2576,24.0,17.0
2577,22.0,17.0
2578,20.0,18.0
2579,19.0,19.0
2580,16.0,17.0
2581,17.0,15.0
2582,17.0,17.0
2583,16.0,14.0
2584,12.0,12.0
2585,9.0,10.0
2586,9.0,7.0
2587,10.0,8.0
2588,10.0,9.0
2589,11.0,11.0
2590,12.0,11.0
2591,13.0,14.0
2592,13.0,14.0
2593,16.0,17.0
2594,16.0,17.0
2595,19.0,20.0
2596,20.0,21.0
2597,23.0,21.0
2598,23.0,22.0
2599,19.0,20.0
2600,18.0,17.0
2601,18.0,15.0
2602,19.0,12.0
2603,17.0,11.0
2604,15.0,10.0
2605,10.0,8.0
2606,7.0,7.0
2607,10.0,4.0
2608,10.0,3.0
2609,7.0,3.0
2610,6.0,1.0
2611,9.0,2.0
2612,10.0,4.0
2613,12.0,7.0
2614,13.0,9.0
2615,13.0,12.0
2616,14.0,14.0
2617,15.0,14.0
2618,16.0,14.0
2619,18.0,14.0
2620,20.0,18.0
2621,21.0,19.0
2622,22.0,21.0
2623,19.0,21.0
2624,16.0,23.0
2625,17.0,23.0
2626,16.0,20.0
2627,20.0,16.0
2628,17.0,13.0
2629,17.0,15.0
2630,14.0,14.0
2631,10.0,11.0
2632,7.0,5.0
2633,6.0,4.0
2634,5.0,3.0
2635,6.0,4.0
2636,7.0,5.0
2637,7.0,6.0
2638,8.0,10.0
2639,9.0,10.0
2640,10.0,10.0
2641,10.0,11.0
2642,12.0,14.0
2643,12.0,16.0
2644,13.0,18.0
2645,13.0,20.0
2646,13.0,23.0
2647,11.0,19.0
2648,10.0,16.0
2649,9.0,18.0
2650,12.0,15.0
2651,14.0,16.0
2652,13.0,17.0
2653,10.0,15.0
2654,8.0,13.0
2655,11.0,9.0
2656,9.0,8.0
2657,7.0,6.0
2658,6.0,5.0
2659,6.0,6.0
2660,8.0,8.0
2661,9.0,9.0
2662,9.0,10.0
2663,11.0,10.0
2664,11.0,10.0
2665,12.0,11.0
2666,12.0,12.0
2667,13.0,12.0
2668,15.0,14.0
2669,17.0,15.0
2670,19.0,17.0
2671,15.0,13.0
2672,14.0,9.0
2673,13.0,11.0
2674,14.0,11.0
2675,15.0,12.0
2676,11.0,12.0
2677,9.0,10.0
2678,9.0,6.0
2679,9.0,4.0
2680,13.0,6.0
2681,11.0,6.0
2682,7.0,6.0
2683,7.0,8.0
2684,8.0,10.0
2685,11.0,12.0
2686,14.0,14.0
2687,14.0,16.0
2688,16.0,18.0
2689,18.0,20.0
2690,19.0,20.0
2691,22.0,20.0
2692,23.0,22.0
2693,25.0,24.0
2694,27.0,26.0
2695,26.0,24.0
2696,26.0,21.0
2697,25.0,18.0
2698,23.0,18.0
2699,20.0,19.0
2700,15.0,17.0
2701,14.0,15.0
2702,15.0,11.0
2703,15.0,9.0
2704,15.0,6.0
2705,13.0,9.0
2706,8.0,8.0
2707,9.0,9.0
2708,8.0,10.0
2709,8.0,10.0
2710,10.0,11.0
2711,10.0,11.0
2712,11.0,14.0
2713,12.0,14.0
2714,14.0,17.0
2715,16.0,17.0
2716,17.0,17.0
2717,19.0,18.0
2718,19.0,19.0
2719,13.0,14.0
2720,10.0,10.0
2721,12.0,11.0
2722,10.0,13.0
2723,13.0,13.0
2724,11.0,10.0
2725,10.0,7.0
2726,7.0,5.0
2727,7.0,3.0
2728,9.0,3.0
2729,8.0,3.0
2730,8.0,3.0
2731,11.0,5.0
2732,13.0,7.0
2733,14.0,8.0
2734,14.0,7.0
2735,15.0,8.0
2736,17.0,11.0
2737,18.0,13.0
2738,18.0,14.0
2739,18.0,16.0
2740,19.0,16.0
2741,20.0,18.0
2742,21.0,21.0
2743,14.0,17.0
2744,10.0,17.0
2745,10.0,18.0
2746,12.0,18.0
2747,14.0,14.0
2748,10.0,11.0
2749,9.0,9.0
2750,9.0,9.0
2751,7.0,8.0
2752,4.0,6.0
2753,4.0,2.0
2754,3.0,4.0
2755,4.0,4.0
2756,5.0,6.0
2757,7.0,7.0
2758,8.0,8.0
2759,10.0,9.0
2760,10.0,11.0
2761,10.0,15.0
2762,12.0,15.0
2763,13.0,16.0
2764,17.0,19.0
2765,18.0,20.0
2766,19.0,20.0
2767,18.0,15.0
2768,18.0,15.0
2769,17.0,16.0
2770,14.0,15.0
2771,13.0,15.0
2772,14.0,16.0
2773,15.0,13.0
2774,15.0,11.0
2775,12.0,10.0
2776,9.0,6.0
2777,6.0,5.0
2778,3.0,6.0
2779,5.0,7.0
2780,5.0,7.0
2781,6.0,8.0
2782,8.0,8.0
2783,9.0,9.0
2784,12.0,10.0
2785,14.0,11.0
2786,16.0,13.0
2787,16.0,13.0
2788,17.0,13.0
2789,19.0,14.0
2790,19.0,14.0
2791,15.0,11.0
2792,13.0,12.0
2793,13.0,13.0
2794,12.0,10.0
2795,11.0,8.0
2796,10.0,6.0
2797,8.0,8.0
2798,9.0,5.0
2799,8.0,5.0
2800,7.0,3.0
2801,8.0,3.0
2802,8.0,3.0
2803,12.0,4.0
2804,12.0,5.0
2805,14.0,6.0
2806,17.0,7.0
2807,18.0,9.0
2808,18.0,10.0
2809,23.0,11.0
2810,24.0,12.0
2811,24.0,12.0
2812,25.0,14.0
2813,27.0,14.0
2814,27.0,15.0
2815,20.0,12.0
2816,18.0,10.0
2817,19.0,10.0
2818,17.0,8.0
2819,16.0,8.0
2820,15.0,9.0
2821,18.0,11.0
2822,13.0,10.0
2823,8.0,6.0
2824,6.0,3.0
2825,3.0,2.0
2826,2.0,4.0
2827,2.0,4.0
2828,3.0,6.0
2829,5.0,6.0
2830,7.0,7.0
2831,9.0,7.0
2832,11.0,8.0
2833,12.0,8.0
2834,13.0,11.0
2835,16.0,12.0
2836,17.0,13.0
2837,17.0,15.0
2838,20.0,18.0
2839,18.0,14.0
2840,19.0,12.0
2841,20.0,15.0
2842,19.0,18.0
2843,14.0,17.0
2844,13.0,15.0
2845,13.0,14.0
2846,12.0,14.0
2847,10.0,13.0
2848,6.0,9.0
2849,4.0,7.0
2850,6.0,3.0
2851,7.0,5.0
2852,8.0,6.0
2853,8.0,8.0
2854,8.0,8.0
2855,8.0,10.0
2856,9.0,10.0
2857,10.0,11.0
2858,12.0,11.0
2859,12.0,12.0
2860,13.0,13.0
2861,15.0,18.0
2862,16.0,21.0
2863,17.0,20.0
2864,15.0,20.0
2865,12.0,20.0
2866,10.0,20.0
2867,10.0,19.0
2868,13.0,19.0
2869,11.0,21.0
2870,9.0,18.0
2871,7.0,16.0
2872,6.0,14.0
2873,4.0,13.0
2874,3.0,10.0
2875,4.0,9.0
2876,6.0,9.0
2877,9.0,10.0
2878,10.0,
2879,,
