,db_100,db_101
0,1.0,0.0
1,1.0,1.0
2,1.0,1.0
3,1.0,1.0
4,3.0,2.0
5,3.0,2.0
6,4.0,2.0
7,2.0,0.0
8,2.0,0.0
9,2.0,0.0
10,2.0,0.0
11,1.0,1.0
12,2.0,1.0
13,3.0,1.0
14,1.0,0.0
15,1.0,1.0
16,1.0,1.0
17,0.0,1.0
18,0.0,0.0
19,0.0,0.0
20,0.0,1.0
21,0.0,1.0
22,0.0,1.0
23,1.0,1.0
24,1.0,1.0
25,1.0,1.0
26,1.0,1.0
27,1.0,1.0
28,1.0,1.0
29,2.0,2.0
30,2.0,3.0
31,2.0,3.0
32,1.0,2.0
33,1.0,2.0
34,1.0,2.0
35,1.0,2.0
36,1.0,2.0
37,0.0,0.0
38,0.0,0.0
39,0.0,0.0
40,0.0,0.0
41,0.0,0.0
42,0.0,0.0
43,0.0,0.0
44,0.0,0.0
45,0.0,0.0
46,0.0,0.0
47,0.0,0.0
48,1.0,0.0
49,1.0,0.0
50,1.0,1.0
51,1.0,1.0
52,1.0,1.0
53,1.0,1.0
54,1.0,1.0
55,1.0,1.0
56,0.0,1.0
57,0.0,1.0
58,0.0,1.0
59,0.0,1.0
60,0.0,1.0
61,0.0,1.0
62,0.0,1.0
63,0.0,0.0
64,0.0,0.0
65,0.0,0.0
66,0.0,0.0
67,0.0,0.0
68,0.0,0.0
69,1.0,0.0
70,1.0,0.0
71,1.0,1.0
72,1.0,1.0
73,2.0,1.0
74,2.0,1.0
75,2.0,1.0
76,2.0,1.0
77,2.0,1.0
78,2.0,3.0
79,1.0,3.0
80,0.0,3.0
81,0.0,3.0
82,2.0,2.0
83,2.0,2.0
84,0.0,2.0
85,0.0,2.0
86,0.0,3.0
87,0.0,3.0
88,0.0,1.0
89,0.0,1.0
90,0.0,1.0
91,0.0,2.0
92,0.0,2.0
93,0.0,2.0
94,0.0,2.0
95,0.0,2.0
96,0.0,2.0
97,0.0,3.0
98,1.0,3.0
99,1.0,3.0
100,1.0,3.0
101,1.0,3.0
102,1.0,3.0
103,1.0,2.0
104,1.0,0.0
105,1.0,0.0
106,1.0,0.0
107,1.0,0.0
108,1.0,0.0
109,1.0,1.0
110,1.0,1.0
111,0.0,1.0
112,1.0,0.0
113,1.0,1.0
114,1.0,1.0
115,1.0,1.0
116,1.0,1.0
117,2.0,1.0
118,2.0,1.0
119,2.0,2.0
120,2.0,2.0
121,2.0,3.0
122,2.0,3.0
123,2.0,3.0
124,2.0,4.0
125,3.0,4.0
126,4.0,4.0
127,3.0,3.0
128,4.0,3.0
129,4.0,3.0
130,4.0,2.0
131,4.0,2.0
132,4.0,2.0
133,3.0,2.0
134,2.0,1.0
135,1.0,0.0
136,0.0,0.0
137,0.0,0.0
138,0.0,0.0
139,0.0,0.0
140,0.0,0.0
141,0.0,0.0
142,0.0,0.0
143,0.0,0.0
144,0.0,0.0
145,0.0,0.0
146,0.0,0.0
147,0.0,0.0
148,0.0,0.0
149,0.0,1.0
150,0.0,1.0
151,0.0,1.0
152,1.0,1.0
153,1.0,1.0
154,1.0,1.0
155,0.0,1.0
156,0.0,1.0
157,0.0,1.0
158,1.0,0.0
159,1.0,1.0
160,1.0,1.0
161,0.0,1.0
162,0.0,1.0
163,0.0,1.0
164,0.0,2.0
165,0.0,2.0
166,0.0,3.0
167,0.0,3.0
168,0.0,3.0
169,0.0,3.0
170,0.0,4.0
171,0.0,4.0
172,0.0,4.0
173,0.0,4.0
174,0.0,6.0
175,0.0,6.0
176,0.0,4.0
177,0.0,4.0
178,0.0,3.0
179,0.0,3.0
180,0.0,4.0
181,0.0,4.0
182,0.0,2.0
183,0.0,2.0
184,0.0,1.0
185,0.0,1.0
186,0.0,1.0
187,0.0,1.0
188,0.0,1.0
189,0.0,2.0
190,0.0,2.0
191,0.0,3.0
192,0.0,3.0
193,1.0,3.0
194,1.0,3.0
195,1.0,4.0
196,1.0,4.0
197,1.0,4.0
198,1.0,4.0
199,0.0,4.0
200,0.0,3.0
201,0.0,2.0
202,0.0,2.0
203,0.0,2.0
204,0.0,0.0
205,2.0,1.0
206,2.0,1.0
207,0.0,1.0
208,0.0,1.0
209,0.0,1.0
210,0.0,2.0
211,1.0,2.0
212,1.0,2.0
213,1.0,3.0
214,1.0,4.0
215,1.0,4.0
216,2.0,4.0
217,2.0,4.0
218,2.0,4.0
219,4.0,4.0
220,4.0,4.0
221,4.0,6.0
222,4.0,6.0
223,4.0,6.0
224,4.0,5.0
225,4.0,4.0
226,3.0,4.0
227,2.0,3.0
228,2.0,3.0
229,4.0,2.0
230,3.0,3.0
231,4.0,2.0
232,3.0,1.0
233,2.0,1.0
234,1.0,1.0
235,2.0,1.0
236,2.0,1.0
237,2.0,1.0
238,2.0,3.0
239,2.0,3.0
240,2.0,3.0
241,2.0,3.0
242,2.0,3.0
243,3.0,3.0
244,4.0,3.0
245,4.0,3.0
246,4.0,3.0
247,3.0,1.0
248,3.0,0.0
249,2.0,0.0
250,2.0,0.0
251,2.0,1.0
252,2.0,2.0
253,1.0,2.0
254,0.0,1.0
255,0.0,0.0
256,1.0,0.0
257,1.0,0.0
258,1.0,1.0
259,1.0,1.0
260,1.0,1.0
261,1.0,1.0
262,1.0,1.0
263,1.0,1.0
264,1.0,1.0
265,1.0,1.0
266,1.0,1.0
267,1.0,1.0
268,1.0,1.0
269,1.0,1.0
270,2.0,1.0
271,1.0,0.0
272,1.0,0.0
273,2.0,0.0
274,3.0,0.0
275,2.0,0.0
276,3.0,0.0
277,3.0,0.0
278,2.0,1.0
279,1.0,1.0
280,0.0,0.0
281,1.0,0.0
282,1.0,1.0
283,2.0,2.0
284,2.0,2.0
285,3.0,2.0
286,3.0,2.0
287,3.0,2.0
288,4.0,2.0
289,4.0,2.0
290,4.0,2.0
291,4.0,2.0
292,4.0,2.0
293,4.0,2.0
294,4.0,2.0
295,3.0,0.0
296,3.0,0.0
297,1.0,0.0
298,1.0,0.0
299,2.0,1.0
300,1.0,2.0
301,1.0,2.0
302,0.0,1.0
303,0.0,1.0
304,0.0,0.0
305,0.0,0.0
306,0.0,0.0
307,0.0,0.0
308,0.0,0.0
309,0.0,0.0
310,0.0,0.0
311,0.0,0.0
312,0.0,0.0
313,0.0,0.0
314,0.0,0.0
315,0.0,0.0
316,0.0,0.0
317,0.0,0.0
318,0.0,1.0
319,0.0,1.0
320,0.0,1.0
321,0.0,1.0
322,0.0,1.0
323,0.0,3.0
324,0.0,3.0
325,0.0,3.0
326,0.0,2.0
327,1.0,1.0
328,1.0,1.0
329,0.0,0.0
330,0.0,0.0
331,0.0,0.0
332,0.0,0.0
333,0.0,0.0
334,1.0,0.0
335,1.0,0.0
336,1.0,0.0
337,1.0,0.0
338,1.0,0.0
339,1.0,0.0
340,1.0,1.0
341,1.0,1.0
342,1.0,1.0
343,1.0,1.0
344,0.0,2.0
345,1.0,3.0
346,1.0,3.0
347,2.0,3.0
348,2.0,2.0
349,1.0,2.0
350,0.0,2.0
351,0.0,1.0
352,0.0,1.0
353,0.0,0.0
354,0.0,0.0
355,0.0,0.0
356,1.0,0.0
357,2.0,0.0
358,2.0,0.0
359,2.0,0.0
360,2.0,1.0
361,2.0,1.0
362,2.0,2.0
363,2.0,2.0
364,2.0,2.0
365,2.0,2.0
366,3.0,2.0
367,4.0,2.0
368,4.0,3.0
369,4.0,3.0
370,3.0,2.0
371,2.0,2.0
372,1.0,1.0
373,1.0,1.0
374,1.0,0.0
375,1.0,0.0
376,1.0,0.0
377,1.0,0.0
378,2.0,0.0
379,2.0,0.0
380,2.0,0.0
381,2.0,1.0
382,2.0,1.0
383,2.0,1.0
384,2.0,2.0
385,4.0,2.0
386,5.0,2.0
387,5.0,2.0
388,5.0,2.0
389,5.0,3.0
390,5.0,3.0
391,4.0,2.0
392,4.0,2.0
393,3.0,2.0
394,3.0,2.0
395,4.0,2.0
396,4.0,2.0
397,3.0,2.0
398,2.0,2.0
399,2.0,0.0
400,1.0,1.0
401,1.0,2.0
402,2.0,2.0
403,4.0,2.0
404,4.0,2.0
405,4.0,3.0
406,4.0,3.0
407,4.0,3.0
408,4.0,3.0
409,4.0,4.0
410,4.0,4.0
411,4.0,4.0
412,4.0,4.0
413,4.0,4.0
414,4.0,4.0
415,3.0,2.0
416,3.0,2.0
417,2.0,1.0
418,1.0,0.0
419,1.0,0.0
420,1.0,0.0
421,1.0,2.0
422,0.0,3.0
423,1.0,1.0
424,1.0,1.0
425,1.0,0.0
426,1.0,0.0
427,1.0,0.0
428,1.0,0.0
429,3.0,0.0
430,3.0,0.0
431,3.0,0.0
432,4.0,0.0
433,5.0,0.0
434,5.0,0.0
435,5.0,0.0
436,5.0,0.0
437,5.0,0.0
438,5.0,0.0
439,3.0,0.0
440,2.0,0.0
441,1.0,0.0
442,1.0,0.0
443,1.0,0.0
444,1.0,0.0
445,0.0,0.0
446,1.0,0.0
447,2.0,0.0
448,2.0,0.0
449,2.0,0.0
450,0.0,1.0
451,0.0,1.0
452,0.0,1.0
453,0.0,2.0
454,1.0,2.0
455,1.0,2.0
456,1.0,2.0
457,1.0,2.0
458,2.0,3.0
459,2.0,3.0
460,3.0,3.0
461,3.0,3.0
462,3.0,3.0
463,3.0,3.0
464,3.0,3.0
465,3.0,2.0
466,2.0,2.0
467,2.0,2.0
468,2.0,2.0
469,3.0,0.0
470,3.0,0.0
471,1.0,0.0
472,0.0,0.0
473,1.0,0.0
474,1.0,0.0
475,1.0,1.0
476,2.0,1.0
477,2.0,1.0
478,2.0,1.0
479,3.0,1.0
480,3.0,1.0
481,4.0,1.0
482,4.0,1.0
483,4.0,2.0
484,4.0,3.0
485,4.0,3.0
486,4.0,3.0
487,3.0,2.0
488,3.0,2.0
489,2.0,2.0
490,1.0,2.0
491,1.0,2.0
492,1.0,2.0
493,1.0,2.0
494,1.0,1.0
495,1.0,1.0
496,0.0,0.0
497,0.0,0.0
498,1.0,0.0
499,1.0,0.0
500,2.0,0.0
501,2.0,0.0
502,2.0,1.0
503,2.0,1.0
504,2.0,1.0
505,2.0,1.0
506,2.0,1.0
507,2.0,1.0
508,3.0,2.0
509,3.0,2.0
510,3.0,2.0
511,2.0,2.0
512,1.0,2.0
513,1.0,2.0
514,1.0,2.0
515,1.0,2.0
516,1.0,1.0
517,1.0,1.0
518,1.0,1.0
519,0.0,1.0
520,0.0,1.0
521,0.0,1.0
522,0.0,2.0
523,0.0,2.0
524,0.0,2.0
525,0.0,2.0
526,1.0,2.0
527,1.0,2.0
528,1.0,2.0
529,1.0,2.0
530,1.0,2.0
531,1.0,2.0
532,1.0,2.0
533,2.0,2.0
534,2.0,2.0
535,2.0,1.0
536,2.0,2.0
537,2.0,1.0
538,3.0,1.0
539,4.0,1.0
540,4.0,1.0
541,3.0,0.0
542,1.0,1.0
543,1.0,1.0
544,2.0,1.0
545,4.0,0.0
546,3.0,1.0
547,3.0,1.0
548,3.0,2.0
549,4.0,2.0
550,4.0,2.0
551,4.0,3.0
552,4.0,3.0
553,4.0,4.0
554,4.0,4.0
555,4.0,4.0
556,4.0,4.0
557,4.0,4.0
558,4.0,4.0
559,3.0,2.0
560,3.0,2.0
561,1.0,3.0
562,0.0,4.0
563,0.0,4.0
564,0.0,3.0
565,0.0,2.0
566,0.0,1.0
567,0.0,0.0
568,0.0,0.0
569,1.0,1.0
570,1.0,1.0
571,2.0,1.0
572,4.0,1.0
573,5.0,1.0
574,5.0,1.0
575,6.0,1.0
576,6.0,1.0
577,6.0,1.0
578,6.0,1.0
579,7.0,1.0
580,7.0,1.0
581,7.0,2.0
582,7.0,2.0
583,6.0,1.0
584,4.0,1.0
585,3.0,1.0
586,3.0,2.0
587,3.0,2.0
588,2.0,1.0
589,2.0,1.0
590,2.0,2.0
591,2.0,2.0
592,3.0,2.0
593,2.0,1.0
594,1.0,1.0
595,3.0,1.0
596,3.0,1.0
597,3.0,1.0
598,3.0,2.0
599,4.0,2.0
600,4.0,2.0
601,4.0,2.0
602,4.0,2.0
603,4.0,2.0
604,4.0,2.0
605,4.0,2.0
606,5.0,2.0
607,5.0,3.0
608,5.0,3.0
609,4.0,3.0
610,4.0,4.0
611,3.0,3.0
612,2.0,3.0
613,2.0,1.0
614,2.0,0.0
615,2.0,0.0
616,2.0,0.0
617,1.0,0.0
618,2.0,1.0
619,2.0,1.0
620,2.0,1.0
621,2.0,1.0
622,2.0,1.0
623,2.0,1.0
624,2.0,1.0
625,2.0,2.0
626,2.0,2.0
627,2.0,2.0
628,2.0,2.0
629,4.0,2.0
630,4.0,2.0
631,3.0,1.0
632,3.0,1.0
633,3.0,1.0
634,3.0,1.0
635,3.0,1.0
636,3.0,1.0
637,3.0,1.0
638,3.0,1.0
639,3.0,1.0
640,3.0,2.0
641,3.0,2.0
642,0.0,2.0
643,0.0,2.0
644,0.0,2.0
645,0.0,2.0
646,1.0,2.0
647,1.0,2.0
648,1.0,2.0
649,1.0,2.0
650,1.0,3.0
651,1.0,3.0
652,1.0,3.0
653,1.0,4.0
654,2.0,4.0
655,1.0,3.0
656,2.0,3.0
657,2.0,2.0
658,2.0,2.0
659,1.0,2.0
660,1.0,2.0
661,1.0,3.0
662,1.0,3.0
663,1.0,3.0
664,2.0,3.0
665,2.0,3.0
666,2.0,3.0
667,2.0,3.0
668,2.0,3.0
669,2.0,3.0
670,3.0,3.0
671,3.0,3.0
672,4.0,3.0
673,4.0,4.0
674,5.0,4.0
675,5.0,4.0
676,5.0,4.0
677,5.0,4.0
678,5.0,4.0
679,5.0,3.0
680,5.0,2.0
681,5.0,2.0
682,5.0,2.0
683,3.0,2.0
684,2.0,1.0
685,1.0,1.0
686,1.0,1.0
687,0.0,3.0
688,0.0,3.0
689,0.0,2.0
690,0.0,3.0
691,0.0,3.0
692,0.0,3.0
693,0.0,3.0
694,0.0,4.0
695,0.0,4.0
696,0.0,5.0
697,0.0,5.0
698,0.0,5.0
699,1.0,5.0
700,1.0,5.0
701,1.0,5.0
702,1.0,5.0
703,1.0,3.0
704,2.0,3.0
705,2.0,2.0
706,2.0,2.0
707,2.0,3.0
708,2.0,3.0
709,1.0,2.0
710,2.0,2.0
711,2.0,3.0
712,1.0,3.0
713,2.0,3.0
714,2.0,0.0
715,2.0,0.0
716,2.0,0.0
717,2.0,0.0
718,3.0,0.0
719,4.0,0.0
720,4.0,0.0
721,5.0,0.0
722,5.0,0.0
723,5.0,0.0
724,5.0,0.0
725,5.0,0.0
726,6.0,0.0
727,5.0,0.0
728,4.0,0.0
729,4.0,0.0
730,3.0,1.0
731,3.0,1.0
732,3.0,1.0
733,3.0,0.0
734,3.0,0.0
735,3.0,0.0
736,2.0,1.0
737,2.0,1.0
738,1.0,0.0
739,1.0,0.0
740,1.0,0.0
741,1.0,0.0
742,1.0,0.0
743,1.0,0.0
744,1.0,0.0
745,1.0,0.0
746,1.0,0.0
747,1.0,0.0
748,2.0,0.0
749,2.0,0.0
750,2.0,0.0
751,1.0,1.0
752,1.0,2.0
753,1.0,3.0
754,1.0,2.0
755,1.0,2.0
756,1.0,4.0
757,2.0,2.0
758,2.0,2.0
759,3.0,2.0
760,2.0,2.0
761,3.0,2.0
762,2.0,1.0
763,2.0,1.0
764,2.0,1.0
765,2.0,1.0
766,3.0,2.0
767,3.0,2.0
768,3.0,2.0
769,3.0,3.0
770,3.0,4.0
771,3.0,5.0
772,3.0,5.0
773,3.0,5.0
774,3.0,5.0
775,3.0,4.0
776,2.0,4.0
777,2.0,4.0
778,1.0,4.0
779,1.0,4.0
780,0.0,4.0
781,0.0,4.0
782,0.0,3.0
783,0.0,4.0
784,0.0,5.0
785,0.0,4.0
786,0.0,2.0
787,0.0,2.0
788,1.0,2.0
789,1.0,2.0
790,1.0,2.0
791,2.0,2.0
792,2.0,2.0
793,2.0,2.0
794,2.0,2.0
795,2.0,3.0
796,2.0,3.0
797,3.0,3.0
798,3.0,4.0
799,2.0,3.0
800,2.0,2.0
801,2.0,2.0
802,2.0,3.0
803,2.0,3.0
804,1.0,3.0
805,1.0,3.0
806,1.0,4.0
807,2.0,1.0
808,2.0,2.0
809,1.0,2.0
810,1.0,2.0
811,2.0,2.0
812,2.0,2.0
813,3.0,3.0
814,3.0,3.0
815,4.0,4.0
816,4.0,4.0
817,5.0,4.0
818,5.0,4.0
819,5.0,4.0
820,5.0,4.0
821,6.0,4.0
822,6.0,5.0
823,5.0,3.0
824,4.0,3.0
825,5.0,4.0
826,5.0,4.0
827,5.0,4.0
828,7.0,3.0
829,7.0,3.0
830,6.0,4.0
831,4.0,2.0
832,3.0,2.0
833,1.0,2.0
834,2.0,1.0
835,2.0,1.0
836,2.0,1.0
837,3.0,1.0
838,3.0,1.0
839,3.0,1.0
840,3.0,1.0
841,3.0,1.0
842,4.0,1.0
843,4.0,1.0
844,4.0,1.0
845,4.0,2.0
846,5.0,2.0
847,4.0,2.0
848,4.0,5.0
849,4.0,5.0
850,4.0,2.0
851,4.0,1.0
852,5.0,2.0
853,5.0,3.0
854,4.0,3.0
855,5.0,1.0
856,3.0,1.0
857,0.0,1.0
858,0.0,1.0
859,0.0,1.0
860,0.0,2.0
861,1.0,2.0
862,1.0,2.0
863,3.0,3.0
864,4.0,3.0
865,4.0,3.0
866,4.0,4.0
867,4.0,4.0
868,4.0,4.0
869,4.0,5.0
870,4.0,6.0
871,5.0,4.0
872,5.0,4.0
873,5.0,4.0
874,6.0,4.0
875,6.0,3.0
876,7.0,3.0
877,6.0,4.0
878,3.0,2.0
879,3.0,0.0
880,3.0,0.0
881,2.0,1.0
882,3.0,1.0
883,3.0,2.0
884,3.0,2.0
885,4.0,2.0
886,4.0,2.0
887,4.0,2.0
888,4.0,2.0
889,4.0,2.0
890,4.0,2.0
891,4.0,2.0
892,4.0,2.0
893,4.0,2.0
894,4.0,2.0
895,3.0,1.0
896,3.0,0.0
897,2.0,0.0
898,2.0,0.0
899,2.0,1.0
900,2.0,2.0
901,3.0,2.0
902,3.0,0.0
903,3.0,1.0
904,2.0,1.0
905,0.0,1.0
906,0.0,2.0
907,0.0,3.0
908,0.0,3.0
909,0.0,4.0
910,0.0,4.0
911,0.0,4.0
912,0.0,4.0
913,0.0,4.0
914,0.0,4.0
915,0.0,5.0
916,0.0,5.0
917,1.0,5.0
918,1.0,5.0
919,1.0,5.0
920,1.0,3.0
921,1.0,2.0
922,1.0,1.0
923,1.0,1.0
924,1.0,1.0
925,1.0,1.0
926,1.0,1.0
927,1.0,1.0
928,1.0,0.0
929,1.0,1.0
930,0.0,1.0
931,1.0,1.0
932,1.0,1.0
933,1.0,1.0
934,1.0,1.0
935,2.0,1.0
936,2.0,1.0
937,2.0,2.0
938,2.0,2.0
939,2.0,2.0
940,2.0,3.0
941,2.0,3.0
942,3.0,3.0
943,2.0,2.0
944,2.0,2.0
945,3.0,4.0
946,3.0,4.0
947,2.0,4.0
948,1.0,2.0
949,2.0,2.0
950,2.0,2.0
951,2.0,1.0
952,1.0,1.0
953,1.0,1.0
954,2.0,1.0
955,2.0,2.0
956,2.0,3.0
957,2.0,3.0
958,2.0,3.0
959,2.0,3.0
960,3.0,3.0
961,3.0,3.0
962,3.0,3.0
963,3.0,4.0
964,3.0,4.0
965,3.0,4.0
966,4.0,4.0
967,2.0,4.0
968,3.0,3.0
969,3.0,3.0
970,3.0,2.0
971,3.0,1.0
972,3.0,2.0
973,3.0,2.0
974,1.0,1.0
975,1.0,1.0
976,1.0,0.0
977,1.0,0.0
978,1.0,0.0
979,2.0,0.0
980,2.0,1.0
981,2.0,1.0
982,2.0,2.0
983,2.0,2.0
984,2.0,3.0
985,2.0,3.0
986,2.0,3.0
987,2.0,3.0
988,2.0,3.0
989,2.0,5.0
990,2.0,5.0
991,2.0,5.0
992,1.0,6.0
993,1.0,5.0
994,1.0,4.0
995,1.0,4.0
996,2.0,3.0
997,1.0,3.0
998,1.0,4.0
999,0.0,4.0
1000,1.0,3.0
1001,2.0,2.0
1002,1.0,1.0
1003,2.0,2.0
1004,2.0,3.0
1005,2.0,3.0
1006,2.0,3.0
1007,2.0,3.0
1008,2.0,3.0
1009,2.0,3.0
1010,3.0,3.0
1011,3.0,3.0
1012,3.0,3.0
1013,3.0,3.0
1014,3.0,3.0
1015,2.0,0.0
1016,2.0,0.0
1017,1.0,0.0
1018,1.0,0.0
1019,1.0,0.0
1020,1.0,0.0
1021,1.0,0.0
1022,1.0,0.0
1023,0.0,0.0
1024,0.0,0.0
1025,0.0,0.0
1026,0.0,0.0
1027,0.0,1.0
1028,0.0,3.0
1029,0.0,3.0
1030,1.0,4.0
1031,1.0,4.0
1032,2.0,4.0
1033,2.0,4.0
1034,2.0,4.0
1035,2.0,4.0
1036,2.0,4.0
1037,2.0,4.0
1038,2.0,4.0
1039,2.0,1.0
1040,1.0,0.0
1041,1.0,1.0
1042,1.0,1.0
1043,0.0,0.0
1044,0.0,0.0
1045,0.0,0.0
1046,0.0,0.0
1047,0.0,0.0
1048,0.0,1.0
1049,1.0,1.0
1050,1.0,0.0
1051,1.0,0.0
1052,1.0,0.0
1053,1.0,0.0
1054,1.0,0.0
1055,2.0,0.0
1056,2.0,0.0
1057,2.0,0.0
1058,3.0,2.0
1059,3.0,2.0
1060,3.0,2.0
1061,3.0,2.0
1062,3.0,2.0
1063,1.0,0.0
1064,1.0,1.0
1065,1.0,1.0
1066,1.0,1.0
1067,0.0,1.0
1068,0.0,1.0
1069,0.0,0.0
1070,0.0,0.0
1071,0.0,0.0
1072,0.0,0.0
1073,0.0,0.0
1074,0.0,0.0
1075,0.0,0.0
1076,1.0,0.0
1077,1.0,0.0
1078,1.0,1.0
1079,1.0,1.0
1080,1.0,1.0
1081,1.0,1.0
1082,1.0,1.0
1083,1.0,1.0
1084,1.0,1.0
1085,1.0,1.0
1086,2.0,1.0
1087,1.0,1.0
1088,1.0,0.0
1089,1.0,0.0
1090,1.0,1.0
1091,1.0,2.0
1092,2.0,2.0
1093,2.0,2.0
1094,1.0,1.0
1095,1.0,2.0
1096,0.0,2.0
1097,0.0,0.0
1098,1.0,0.0
1099,1.0,0.0
1100,1.0,0.0
1101,2.0,0.0
1102,2.0,1.0
1103,2.0,2.0
1104,2.0,2.0
1105,3.0,2.0
1106,5.0,2.0
1107,5.0,3.0
1108,6.0,3.0
1109,7.0,3.0
1110,7.0,3.0
1111,6.0,1.0
1112,5.0,1.0
1113,7.0,1.0
1114,7.0,1.0
1115,7.0,2.0
1116,7.0,2.0
1117,7.0,2.0
1118,6.0,1.0
1119,4.0,1.0
1120,3.0,0.0
1121,1.0,0.0
1122,0.0,0.0
1123,1.0,0.0
1124,1.0,0.0
1125,1.0,0.0
1126,1.0,1.0
1127,2.0,1.0
1128,2.0,1.0
1129,2.0,1.0
1130,2.0,2.0
1131,2.0,2.0
1132,2.0,2.0
1133,2.0,2.0
1134,2.0,3.0
1135,2.0,4.0
1136,1.0,4.0
1137,1.0,3.0
1138,2.0,3.0
1139,2.0,4.0
1140,2.0,4.0
1141,1.0,3.0
1142,0.0,3.0
1143,0.0,2.0
1144,0.0,2.0
1145,0.0,1.0
1146,0.0,1.0
1147,1.0,1.0
1148,1.0,1.0
1149,1.0,2.0
1150,2.0,3.0
1151,2.0,3.0
1152,2.0,3.0
1153,2.0,3.0
1154,2.0,4.0
1155,2.0,4.0
1156,3.0,5.0
1157,3.0,5.0
1158,3.0,5.0
1159,4.0,6.0
1160,4.0,7.0
1161,3.0,8.0
1162,4.0,9.0
1163,3.0,8.0
1164,4.0,9.0
1165,3.0,8.0
1166,2.0,6.0
1167,1.0,5.0
1168,1.0,4.0
1169,0.0,3.0
1170,0.0,2.0
1171,0.0,2.0
1172,0.0,2.0
1173,1.0,2.0
1174,2.0,2.0
1175,2.0,2.0
1176,2.0,3.0
1177,2.0,3.0
1178,2.0,4.0
1179,2.0,4.0
1180,2.0,5.0
1181,2.0,5.0
1182,2.0,5.0
1183,2.0,4.0
1184,2.0,4.0
1185,2.0,5.0
1186,2.0,4.0
1187,2.0,5.0
1188,2.0,5.0
1189,2.0,5.0
1190,1.0,5.0
1191,1.0,4.0
1192,1.0,2.0
1193,0.0,1.0
1194,1.0,1.0
1195,3.0,1.0
1196,3.0,1.0
1197,3.0,1.0
1198,3.0,2.0
1199,4.0,2.0
1200,5.0,2.0
1201,6.0,2.0
1202,6.0,2.0
1203,6.0,2.0
1204,6.0,2.0
1205,6.0,2.0
1206,6.0,2.0
1207,4.0,3.0
1208,3.0,3.0
1209,4.0,3.0
1210,4.0,2.0
1211,4.0,2.0
1212,3.0,1.0
1213,1.0,1.0
1214,0.0,0.0
1215,0.0,3.0
1216,0.0,3.0
1217,0.0,2.0
1218,0.0,1.0
1219,0.0,1.0
1220,0.0,2.0
1221,0.0,3.0
1222,1.0,3.0
1223,1.0,3.0
1224,1.0,4.0
1225,2.0,4.0
1226,2.0,4.0
1227,2.0,4.0
1228,2.0,4.0
1229,2.0,4.0
1230,4.0,4.0
1231,4.0,3.0
1232,3.0,3.0
1233,3.0,3.0
1234,3.0,3.0
1235,3.0,3.0
1236,3.0,2.0
1237,3.0,3.0
1238,2.0,2.0
1239,2.0,2.0
1240,2.0,0.0
1241,4.0,0.0
1242,3.0,0.0
1243,3.0,0.0
1244,3.0,0.0
1245,3.0,1.0
1246,3.0,2.0
1247,3.0,2.0
1248,3.0,2.0
1249,4.0,2.0
1250,4.0,2.0
1251,5.0,2.0
1252,5.0,2.0
1253,5.0,2.0
1254,5.0,2.0
1255,2.0,2.0
1256,2.0,2.0
1257,2.0,2.0
1258,2.0,1.0
1259,1.0,1.0
1260,0.0,1.0
1261,0.0,0.0
1262,0.0,0.0
1263,0.0,0.0
1264,1.0,0.0
1265,2.0,0.0
1266,2.0,0.0
1267,2.0,1.0
1268,4.0,1.0
1269,4.0,1.0
1270,4.0,1.0
1271,4.0,1.0
1272,4.0,2.0
1273,4.0,2.0
1274,4.0,2.0
1275,4.0,2.0
1276,4.0,3.0
1277,4.0,3.0
1278,4.0,3.0
1279,1.0,3.0
1280,2.0,3.0
1281,3.0,3.0
1282,2.0,3.0
1283,2.0,2.0
1284,1.0,3.0
1285,0.0,4.0
1286,0.0,4.0
1287,0.0,3.0
1288,0.0,2.0
1289,0.0,1.0
1290,0.0,1.0
1291,1.0,2.0
1292,1.0,2.0
1293,1.0,2.0
1294,1.0,2.0
1295,1.0,2.0
1296,1.0,2.0
1297,1.0,3.0
1298,1.0,4.0
1299,1.0,4.0
1300,1.0,4.0
1301,1.0,4.0
1302,1.0,5.0
1303,0.0,4.0
1304,0.0,4.0
1305,0.0,5.0
1306,0.0,4.0
1307,0.0,5.0
1308,0.0,6.0
1309,0.0,5.0
1310,0.0,3.0
1311,0.0,2.0
1312,0.0,3.0
1313,1.0,2.0
1314,2.0,2.0
1315,2.0,3.0
1316,2.0,3.0
1317,2.0,3.0
1318,2.0,3.0
1319,2.0,3.0
1320,2.0,5.0
1321,2.0,6.0
1322,2.0,6.0
1323,2.0,7.0
1324,3.0,7.0
1325,3.0,7.0
1326,4.0,7.0
1327,3.0,6.0
1328,2.0,6.0
1329,3.0,6.0
1330,3.0,7.0
1331,4.0,7.0
1332,3.0,7.0
1333,4.0,8.0
1334,4.0,7.0
1335,3.0,6.0
1336,1.0,3.0
1337,0.0,2.0
1338,0.0,2.0
1339,0.0,2.0
1340,0.0,2.0
1341,0.0,2.0
1342,0.0,2.0
1343,0.0,2.0
1344,0.0,2.0
1345,0.0,2.0
1346,0.0,3.0
1347,0.0,3.0
1348,0.0,3.0
1349,0.0,3.0
1350,1.0,3.0
1351,1.0,3.0
1352,1.0,3.0
1353,1.0,4.0
1354,1.0,4.0
1355,1.0,4.0
1356,1.0,4.0
1357,1.0,3.0
1358,2.0,2.0
1359,2.0,1.0
1360,2.0,1.0
1361,1.0,1.0
1362,0.0,1.0
1363,0.0,2.0
1364,0.0,2.0
1365,0.0,2.0
1366,0.0,2.0
1367,0.0,2.0
1368,1.0,3.0
1369,1.0,4.0
1370,4.0,4.0
1371,4.0,4.0
1372,4.0,4.0
1373,4.0,4.0
1374,5.0,5.0
1375,5.0,4.0
1376,6.0,4.0
1377,6.0,4.0
1378,6.0,4.0
1379,5.0,4.0
1380,5.0,3.0
1381,5.0,1.0
1382,6.0,0.0
1383,5.0,0.0
1384,5.0,1.0
1385,4.0,1.0
1386,3.0,0.0
1387,4.0,0.0
1388,4.0,0.0
1389,4.0,1.0
1390,4.0,1.0
1391,4.0,1.0
1392,4.0,1.0
1393,4.0,1.0
1394,4.0,1.0
1395,4.0,1.0
1396,4.0,1.0
1397,4.0,1.0
1398,4.0,1.0
1399,3.0,0.0
1400,3.0,1.0
1401,2.0,2.0
1402,2.0,1.0
1403,1.0,1.0
1404,1.0,0.0
1405,1.0,0.0
1406,1.0,1.0
1407,1.0,1.0
1408,0.0,2.0
1409,0.0,2.0
1410,0.0,2.0
1411,0.0,2.0
1412,0.0,3.0
1413,0.0,3.0
1414,0.0,3.0
1415,0.0,4.0
1416,0.0,5.0
1417,0.0,6.0
1418,0.0,7.0
1419,0.0,7.0
1420,0.0,7.0
1421,0.0,7.0
1422,0.0,7.0
1423,0.0,6.0
1424,0.0,5.0
1425,0.0,7.0
1426,0.0,8.0
1427,0.0,7.0
1428,0.0,7.0
1429,0.0,7.0
1430,0.0,7.0
1431,0.0,7.0
1432,0.0,7.0
1433,0.0,5.0
1434,0.0,5.0
1435,3.0,5.0
1436,3.0,5.0
1437,3.0,5.0
1438,3.0,7.0
1439,3.0,7.0
1440,3.0,7.0
1441,3.0,7.0
1442,3.0,7.0
1443,3.0,7.0
1444,3.0,8.0
1445,3.0,8.0
1446,3.0,8.0
1447,2.0,7.0
1448,0.0,7.0
1449,1.0,8.0
1450,2.0,8.0
1451,1.0,8.0
1452,1.0,8.0
1453,2.0,8.0
1454,1.0,8.0
1455,1.0,6.0
1456,1.0,5.0
1457,1.0,3.0
1458,1.0,1.0
1459,1.0,1.0
1460,1.0,1.0
1461,1.0,1.0
1462,1.0,1.0
1463,1.0,1.0
1464,1.0,1.0
1465,1.0,1.0
1466,1.0,1.0
1467,1.0,1.0
1468,2.0,1.0
1469,2.0,1.0
1470,2.0,1.0
1471,1.0,0.0
1472,2.0,0.0
1473,2.0,2.0
1474,1.0,2.0
1475,1.0,2.0
1476,1.0,2.0
1477,2.0,2.0
1478,2.0,0.0
1479,2.0,0.0
1480,2.0,0.0
1481,1.0,0.0
1482,1.0,0.0
1483,2.0,0.0
1484,2.0,0.0
1485,2.0,1.0
1486,2.0,1.0
1487,2.0,1.0
1488,2.0,1.0
1489,2.0,1.0
1490,2.0,1.0
1491,2.0,1.0
1492,2.0,1.0
1493,2.0,1.0
1494,2.0,1.0
1495,1.0,1.0
1496,0.0,2.0
1497,0.0,1.0
1498,0.0,0.0
1499,0.0,1.0
1500,0.0,1.0
1501,0.0,1.0
1502,0.0,1.0
1503,0.0,1.0
1504,0.0,0.0
1505,1.0,0.0
1506,1.0,0.0
1507,1.0,0.0
1508,1.0,1.0
1509,1.0,2.0
1510,1.0,2.0
1511,1.0,2.0
1512,1.0,2.0
1513,1.0,3.0
1514,1.0,3.0
1515,1.0,3.0
1516,2.0,4.0
1517,2.0,4.0
1518,3.0,5.0
1519,2.0,4.0
1520,3.0,3.0
1521,4.0,3.0
1522,4.0,3.0
1523,4.0,3.0
1524,3.0,4.0
1525,1.0,5.0
1526,0.0,5.0
1527,0.0,4.0
1528,0.0,2.0
1529,0.0,2.0
1530,0.0,1.0
1531,0.0,1.0
1532,1.0,2.0
1533,1.0,3.0
1534,2.0,3.0
1535,3.0,3.0
1536,3.0,3.0
1537,3.0,3.0
1538,5.0,3.0
1539,5.0,3.0
1540,5.0,3.0
1541,5.0,3.0
1542,5.0,3.0
1543,4.0,3.0
1544,3.0,1.0
1545,2.0,0.0
1546,1.0,0.0
1547,0.0,0.0
1548,0.0,0.0
1549,0.0,0.0
1550,1.0,0.0
1551,1.0,1.0
1552,0.0,2.0
1553,1.0,2.0
1554,1.0,0.0
1555,1.0,0.0
1556,1.0,0.0
1557,2.0,0.0
1558,2.0,0.0
1559,2.0,0.0
1560,2.0,1.0
1561,2.0,1.0
1562,2.0,1.0
1563,2.0,1.0
1564,2.0,1.0
1565,3.0,1.0
1566,3.0,1.0
1567,3.0,2.0
1568,2.0,2.0
1569,2.0,1.0
1570,1.0,1.0
1571,1.0,1.0
1572,1.0,1.0
1573,1.0,0.0
1574,1.0,0.0
1575,1.0,1.0
1576,1.0,1.0
1577,1.0,1.0
1578,1.0,1.0
1579,1.0,1.0
1580,1.0,1.0
1581,1.0,1.0
1582,1.0,1.0
1583,1.0,1.0
1584,1.0,2.0
1585,1.0,2.0
1586,1.0,2.0
1587,2.0,2.0
1588,2.0,2.0
1589,2.0,2.0
1590,2.0,2.0
1591,1.0,1.0
1592,1.0,1.0
1593,1.0,2.0
1594,2.0,2.0
1595,2.0,1.0
1596,2.0,0.0
1597,1.0,0.0
1598,1.0,0.0
1599,1.0,0.0
1600,1.0,1.0
1601,1.0,2.0
1602,0.0,2.0
1603,0.0,2.0
1604,1.0,2.0
1605,2.0,2.0
1606,2.0,2.0
1607,2.0,2.0
1608,2.0,2.0
1609,2.0,2.0
1610,2.0,2.0
1611,3.0,2.0
1612,3.0,2.0
1613,4.0,2.0
1614,4.0,3.0
1615,2.0,3.0
1616,2.0,1.0
1617,2.0,1.0
1618,2.0,1.0
1619,3.0,1.0
1620,3.0,1.0
1621,3.0,1.0
1622,2.0,1.0
1623,2.0,2.0
1624,3.0,2.0
1625,2.0,1.0
1626,0.0,0.0
1627,1.0,0.0
1628,1.0,0.0
1629,2.0,0.0
1630,2.0,1.0
1631,2.0,1.0
1632,2.0,1.0
1633,2.0,1.0
1634,2.0,1.0
1635,2.0,2.0
1636,2.0,3.0
1637,3.0,3.0
1638,3.0,3.0
1639,3.0,2.0
1640,2.0,2.0
1641,2.0,2.0
1642,2.0,2.0
1643,2.0,2.0
1644,2.0,2.0
1645,2.0,1.0
1646,3.0,1.0
1647,2.0,1.0
1648,2.0,2.0
1649,2.0,1.0
1650,1.0,1.0
1651,1.0,1.0
1652,1.0,1.0
1653,1.0,1.0
1654,1.0,1.0
1655,2.0,1.0
1656,2.0,1.0
1657,2.0,1.0
1658,2.0,1.0
1659,2.0,1.0
1660,2.0,1.0
1661,4.0,1.0
1662,4.0,1.0
1663,3.0,2.0
1664,3.0,2.0
1665,3.0,3.0
1666,3.0,2.0
1667,3.0,1.0
1668,3.0,0.0
1669,3.0,1.0
1670,2.0,1.0
1671,1.0,2.0
1672,0.0,1.0
1673,0.0,3.0
1674,1.0,2.0
1675,1.0,2.0
1676,2.0,2.0
1677,2.0,2.0
1678,2.0,3.0
1679,2.0,3.0
1680,2.0,3.0
1681,2.0,3.0
1682,3.0,3.0
1683,4.0,3.0
1684,4.0,3.0
1685,4.0,3.0
1686,4.0,3.0
1687,4.0,1.0
1688,2.0,0.0
1689,2.0,0.0
1690,2.0,0.0
1691,3.0,0.0
1692,3.0,0.0
1693,2.0,0.0
1694,2.0,0.0
1695,1.0,0.0
1696,1.0,0.0
1697,1.0,1.0
1698,1.0,1.0
1699,2.0,1.0
1700,2.0,1.0
1701,2.0,1.0
1702,2.0,1.0
1703,2.0,1.0
1704,2.0,1.0
1705,2.0,1.0
1706,2.0,1.0
1707,2.0,1.0
1708,2.0,1.0
1709,2.0,1.0
1710,2.0,1.0
1711,1.0,0.0
1712,1.0,0.0
1713,2.0,0.0
1714,2.0,0.0
1715,1.0,0.0
1716,0.0,1.0
1717,1.0,1.0
1718,1.0,0.0
1719,0.0,1.0
1720,0.0,1.0
1721,1.0,1.0
1722,2.0,1.0
1723,2.0,1.0
1724,2.0,1.0
1725,2.0,1.0
1726,2.0,1.0
1727,2.0,1.0
1728,2.0,1.0
1729,2.0,1.0
1730,3.0,1.0
1731,3.0,1.0
1732,3.0,1.0
1733,3.0,1.0
1734,4.0,1.0
1735,4.0,0.0
1736,3.0,0.0
1737,3.0,0.0
1738,3.0,1.0
1739,1.0,1.0
1740,1.0,1.0
1741,0.0,1.0
1742,0.0,0.0
1743,0.0,0.0
1744,0.0,0.0
1745,0.0,0.0
1746,0.0,0.0
1747,0.0,0.0
1748,0.0,0.0
1749,1.0,0.0
1750,2.0,0.0
1751,2.0,0.0
1752,2.0,0.0
1753,2.0,0.0
1754,2.0,0.0
1755,3.0,0.0
1756,3.0,0.0
1757,3.0,0.0
1758,4.0,0.0
1759,3.0,0.0
1760,3.0,0.0
1761,3.0,0.0
1762,2.0,0.0
1763,2.0,1.0
1764,3.0,1.0
1765,2.0,0.0
1766,1.0,0.0
1767,0.0,0.0
1768,0.0,0.0
1769,0.0,1.0
1770,2.0,2.0
1771,2.0,2.0
1772,2.0,2.0
1773,2.0,2.0
1774,2.0,2.0
1775,2.0,2.0
1776,3.0,2.0
1777,3.0,2.0
1778,3.0,2.0
1779,3.0,2.0
1780,3.0,2.0
1781,3.0,2.0
1782,3.0,2.0
1783,2.0,1.0
1784,1.0,0.0
1785,1.0,0.0
1786,0.0,0.0
1787,0.0,0.0
1788,0.0,0.0
1789,0.0,0.0
1790,0.0,0.0
1791,0.0,0.0
1792,0.0,2.0
1793,0.0,2.0
1794,1.0,0.0
1795,1.0,0.0
1796,1.0,0.0
1797,1.0,1.0
1798,1.0,1.0
1799,1.0,1.0
1800,4.0,1.0
1801,4.0,1.0
1802,4.0,2.0
1803,4.0,2.0
1804,4.0,3.0
1805,5.0,3.0
1806,5.0,3.0
1807,3.0,2.0
1808,3.0,2.0
1809,2.0,2.0
1810,2.0,2.0
1811,2.0,2.0
1812,2.0,2.0
1813,1.0,2.0
1814,1.0,3.0
1815,0.0,3.0
1816,0.0,2.0
1817,0.0,4.0
1818,0.0,3.0
1819,0.0,3.0
1820,0.0,3.0
1821,0.0,5.0
1822,1.0,5.0
1823,1.0,7.0
1824,3.0,7.0
1825,3.0,7.0
1826,3.0,7.0
1827,3.0,8.0
1828,4.0,8.0
1829,4.0,8.0
1830,4.0,8.0
1831,4.0,5.0
1832,3.0,4.0
1833,4.0,4.0
1834,5.0,4.0
1835,4.0,3.0
1836,3.0,5.0
1837,1.0,6.0
1838,0.0,7.0
1839,0.0,5.0
1840,1.0,5.0
1841,1.0,3.0
1842,1.0,3.0
1843,1.0,3.0
1844,1.0,3.0
1845,1.0,3.0
1846,1.0,3.0
1847,1.0,3.0
1848,1.0,3.0
1849,1.0,3.0
1850,1.0,3.0
1851,1.0,3.0
1852,1.0,3.0
1853,1.0,3.0
1854,1.0,3.0
1855,0.0,1.0
1856,0.0,1.0
1857,0.0,1.0
1858,0.0,1.0
1859,0.0,1.0
1860,0.0,1.0
1861,1.0,1.0
1862,2.0,1.0
1863,2.0,0.0
1864,2.0,0.0
1865,1.0,0.0
1866,1.0,0.0
1867,1.0,0.0
1868,2.0,0.0
1869,2.0,0.0
1870,2.0,0.0
1871,2.0,0.0
1872,2.0,0.0
1873,2.0,1.0
1874,2.0,1.0
1875,2.0,2.0
1876,2.0,2.0
1877,2.0,2.0
1878,2.0,2.0
1879,1.0,3.0
1880,0.0,3.0
1881,0.0,3.0
1882,0.0,2.0
1883,0.0,3.0
1884,0.0,2.0
1885,0.0,3.0
1886,0.0,2.0
1887,0.0,2.0
1888,0.0,0.0
1889,0.0,0.0
1890,0.0,0.0
1891,0.0,0.0
1892,0.0,0.0
1893,0.0,0.0
1894,0.0,0.0
1895,0.0,0.0
1896,0.0,0.0
1897,0.0,0.0
1898,0.0,0.0
1899,1.0,0.0
1900,1.0,1.0
1901,1.0,1.0
1902,1.0,1.0
1903,1.0,2.0
1904,1.0,3.0
1905,1.0,3.0
1906,1.0,1.0
1907,0.0,1.0
1908,0.0,1.0
1909,1.0,2.0
1910,1.0,3.0
1911,1.0,2.0
1912,0.0,0.0
1913,0.0,0.0
1914,0.0,0.0
1915,1.0,0.0
1916,1.0,0.0
1917,1.0,0.0
1918,1.0,1.0
1919,1.0,1.0
1920,1.0,1.0
1921,1.0,1.0
1922,1.0,2.0
1923,1.0,2.0
1924,1.0,2.0
1925,1.0,2.0
1926,1.0,2.0
1927,0.0,2.0
1928,0.0,2.0
1929,2.0,1.0
1930,2.0,1.0
1931,1.0,2.0
1932,0.0,2.0
1933,0.0,2.0
1934,0.0,1.0
1935,0.0,1.0
1936,0.0,0.0
1937,0.0,1.0
1938,0.0,1.0
1939,0.0,1.0
1940,0.0,1.0
1941,0.0,3.0
1942,0.0,3.0
1943,0.0,3.0
1944,0.0,3.0
1945,0.0,3.0
1946,1.0,3.0
1947,1.0,3.0
1948,1.0,3.0
1949,1.0,3.0
1950,1.0,3.0
1951,2.0,1.0
1952,2.0,1.0
1953,2.0,1.0
1954,1.0,0.0
1955,1.0,1.0
1956,1.0,2.0
1957,1.0,2.0
1958,2.0,1.0
1959,1.0,0.0
1960,1.0,0.0
1961,1.0,1.0
1962,1.0,1.0
1963,1.0,1.0
1964,2.0,1.0
1965,2.0,2.0
1966,2.0,2.0
1967,2.0,2.0
1968,2.0,2.0
1969,2.0,2.0
1970,2.0,2.0
1971,2.0,2.0
1972,2.0,3.0
1973,3.0,3.0
1974,3.0,3.0
1975,4.0,3.0
1976,3.0,1.0
1977,2.0,1.0
1978,1.0,1.0
1979,1.0,1.0
1980,2.0,2.0
1981,2.0,2.0
1982,2.0,1.0
1983,1.0,1.0
1984,2.0,1.0
1985,2.0,1.0
1986,1.0,1.0
1987,2.0,1.0
1988,2.0,1.0
1989,2.0,1.0
1990,2.0,1.0
1991,2.0,1.0
1992,2.0,1.0
1993,3.0,1.0
1994,3.0,1.0
1995,3.0,1.0
1996,3.0,1.0
1997,3.0,1.0
1998,3.0,1.0
1999,2.0,1.0
2000,2.0,1.0
2001,1.0,1.0
2002,1.0,0.0
2003,1.0,0.0
2004,1.0,1.0
2005,2.0,1.0
2006,2.0,1.0
2007,1.0,0.0
2008,1.0,0.0
2009,0.0,0.0
2010,0.0,0.0
2011,0.0,1.0
2012,1.0,1.0
2013,4.0,1.0
2014,4.0,2.0
2015,4.0,2.0
2016,4.0,2.0
2017,4.0,3.0
2018,4.0,3.0
2019,4.0,4.0
2020,5.0,6.0
2021,5.0,6.0
2022,5.0,7.0
2023,2.0,6.0
2024,1.0,6.0
2025,1.0,6.0
2026,1.0,5.0
2027,1.0,6.0
2028,2.0,6.0
2029,1.0,6.0
2030,1.0,6.0
2031,0.0,4.0
2032,0.0,2.0
2033,0.0,2.0
2034,0.0,0.0
2035,1.0,0.0
2036,1.0,1.0
2037,1.0,1.0
2038,1.0,1.0
2039,1.0,1.0
2040,1.0,1.0
2041,1.0,1.0
2042,1.0,1.0
2043,1.0,2.0
2044,2.0,2.0
2045,2.0,2.0
2046,2.0,3.0
2047,2.0,3.0
2048,1.0,5.0
2049,2.0,4.0
2050,3.0,4.0
2051,4.0,4.0
2052,4.0,3.0
2053,1.0,3.0
2054,1.0,3.0
2055,0.0,1.0
2056,0.0,0.0
2057,0.0,1.0
2058,0.0,1.0
2059,0.0,1.0
2060,0.0,2.0
2061,0.0,2.0
2062,1.0,2.0
2063,1.0,3.0
2064,1.0,3.0
2065,1.0,3.0
2066,2.0,3.0
2067,2.0,3.0
2068,2.0,3.0
2069,2.0,3.0
2070,2.0,3.0
2071,3.0,3.0
2072,2.0,3.0
2073,3.0,2.0
2074,2.0,1.0
2075,1.0,1.0
2076,1.0,1.0
2077,0.0,2.0
2078,0.0,2.0
2079,0.0,2.0
2080,1.0,1.0
2081,1.0,0.0
2082,0.0,0.0
2083,0.0,0.0
2084,0.0,0.0
2085,0.0,0.0
2086,0.0,0.0
2087,0.0,0.0
2088,1.0,0.0
2089,1.0,0.0
2090,2.0,0.0
2091,2.0,0.0
2092,2.0,0.0
2093,3.0,0.0
2094,3.0,0.0
2095,3.0,0.0
2096,3.0,0.0
2097,3.0,0.0
2098,3.0,0.0
2099,2.0,0.0
2100,2.0,1.0
2101,1.0,1.0
2102,1.0,2.0
2103,0.0,2.0
2104,0.0,1.0
2105,0.0,1.0
2106,0.0,0.0
2107,0.0,0.0
2108,1.0,0.0
2109,1.0,0.0
2110,1.0,0.0
2111,1.0,1.0
2112,1.0,1.0
2113,1.0,2.0
2114,1.0,2.0
2115,1.0,2.0
2116,1.0,2.0
2117,1.0,2.0
2118,1.0,2.0
2119,0.0,1.0
2120,0.0,1.0
2121,0.0,1.0
2122,0.0,1.0
2123,0.0,1.0
2124,1.0,1.0
2125,1.0,2.0
2126,1.0,1.0
2127,1.0,1.0
2128,1.0,0.0
2129,1.0,0.0
2130,1.0,0.0
2131,1.0,0.0
2132,2.0,0.0
2133,2.0,0.0
2134,2.0,0.0
2135,2.0,0.0
2136,2.0,0.0
2137,2.0,0.0
2138,2.0,0.0
2139,3.0,0.0
2140,3.0,0.0
2141,3.0,0.0
2142,3.0,0.0
2143,2.0,0.0
2144,3.0,0.0
2145,2.0,1.0
2146,2.0,1.0
2147,1.0,1.0
2148,1.0,1.0
2149,1.0,0.0
2150,1.0,0.0
2151,2.0,0.0
2152,2.0,0.0
2153,2.0,0.0
2154,2.0,1.0
2155,2.0,1.0
2156,2.0,1.0
2157,2.0,1.0
2158,2.0,1.0
2159,2.0,1.0
2160,2.0,1.0
2161,2.0,3.0
2162,2.0,3.0
2163,2.0,3.0
2164,2.0,3.0
2165,2.0,3.0
2166,2.0,3.0
2167,2.0,3.0
2168,0.0,3.0
2169,0.0,2.0
2170,0.0,2.0
2171,1.0,2.0
2172,1.0,2.0
2173,1.0,1.0
2174,0.0,0.0
2175,0.0,0.0
2176,0.0,0.0
2177,0.0,2.0
2178,0.0,3.0
2179,0.0,4.0
2180,0.0,4.0
2181,0.0,4.0
2182,0.0,4.0
2183,0.0,4.0
2184,0.0,4.0
2185,0.0,4.0
2186,0.0,4.0
2187,0.0,4.0
2188,0.0,4.0
2189,0.0,4.0
2190,0.0,4.0
2191,0.0,2.0
2192,0.0,1.0
2193,0.0,0.0
2194,0.0,1.0
2195,0.0,1.0
2196,0.0,1.0
2197,1.0,1.0
2198,2.0,1.0
2199,1.0,0.0
2200,0.0,0.0
2201,0.0,0.0
2202,0.0,0.0
2203,0.0,0.0
2204,0.0,0.0
2205,1.0,1.0
2206,1.0,1.0
2207,1.0,2.0
2208,1.0,2.0
2209,1.0,2.0
2210,1.0,2.0
2211,1.0,2.0
2212,2.0,2.0
2213,2.0,2.0
2214,2.0,2.0
2215,2.0,2.0
2216,1.0,1.0
2217,1.0,1.0
2218,1.0,2.0
2219,2.0,2.0
2220,2.0,2.0
2221,2.0,1.0
2222,1.0,0.0
2223,2.0,1.0
2224,1.0,1.0
2225,1.0,0.0
2226,0.0,0.0
2227,0.0,0.0
2228,0.0,0.0
2229,0.0,0.0
2230,0.0,0.0
2231,1.0,0.0
2232,1.0,0.0
2233,1.0,0.0
2234,1.0,0.0
2235,1.0,0.0
2236,1.0,0.0
2237,1.0,0.0
2238,1.0,0.0
2239,1.0,2.0
2240,1.0,2.0
2241,0.0,0.0
2242,0.0,0.0
2243,0.0,0.0
2244,0.0,2.0
2245,0.0,2.0
2246,0.0,1.0
2247,0.0,2.0
2248,0.0,1.0
2249,0.0,0.0
2250,0.0,0.0
2251,1.0,0.0
2252,1.0,0.0
2253,2.0,1.0
2254,2.0,1.0
2255,2.0,1.0
2256,2.0,2.0
2257,2.0,2.0
2258,2.0,2.0
2259,2.0,2.0
2260,2.0,2.0
2261,2.0,2.0
2262,2.0,2.0
2263,0.0,2.0
2264,0.0,1.0
2265,0.0,1.0
2266,0.0,1.0
2267,3.0,1.0
2268,3.0,1.0
2269,3.0,1.0
2270,2.0,1.0
2271,2.0,1.0
2272,2.0,1.0
2273,1.0,0.0
2274,0.0,0.0
2275,0.0,0.0
2276,0.0,1.0
2277,0.0,1.0
2278,0.0,2.0
2279,1.0,2.0
2280,1.0,2.0
2281,1.0,2.0
2282,1.0,2.0
2283,1.0,3.0
2284,1.0,4.0
2285,1.0,4.0
2286,1.0,6.0
2287,2.0,6.0
2288,2.0,6.0
2289,2.0,5.0
2290,2.0,4.0
2291,1.0,4.0
2292,1.0,3.0
2293,1.0,4.0
2294,0.0,3.0
2295,0.0,4.0
2296,0.0,3.0
2297,0.0,2.0
2298,1.0,0.0
2299,2.0,0.0
2300,2.0,0.0
2301,2.0,0.0
2302,2.0,0.0
2303,2.0,0.0
2304,2.0,1.0
2305,2.0,1.0
2306,2.0,1.0
2307,2.0,1.0
2308,2.0,2.0
2309,2.0,2.0
2310,2.0,2.0
2311,2.0,2.0
2312,2.0,3.0
2313,2.0,3.0
2314,2.0,3.0
2315,0.0,3.0
2316,0.0,3.0
2317,0.0,3.0
2318,0.0,3.0
2319,0.0,3.0
2320,0.0,3.0
2321,0.0,2.0
2322,0.0,1.0
2323,0.0,1.0
2324,1.0,1.0
2325,2.0,1.0
2326,2.0,1.0
2327,2.0,1.0
2328,2.0,1.0
2329,3.0,1.0
2330,3.0,1.0
2331,4.0,1.0
2332,4.0,1.0
2333,4.0,1.0
2334,4.0,1.0
2335,3.0,0.0
2336,3.0,0.0
2337,4.0,1.0
2338,4.0,1.0
2339,2.0,1.0
2340,2.0,1.0
2341,2.0,1.0
2342,1.0,0.0
2343,1.0,1.0
2344,2.0,1.0
2345,1.0,2.0
2346,1.0,1.0
2347,3.0,1.0
2348,3.0,1.0
2349,3.0,1.0
2350,4.0,1.0
2351,4.0,2.0
2352,4.0,2.0
2353,4.0,3.0
2354,4.0,3.0
2355,4.0,3.0
2356,4.0,3.0
2357,4.0,3.0
2358,4.0,3.0
2359,3.0,1.0
2360,0.0,1.0
2361,0.0,1.0
2362,1.0,1.0
2363,2.0,1.0
2364,3.0,0.0
2365,2.0,0.0
2366,2.0,0.0
2367,1.0,0.0
2368,1.0,1.0
2369,1.0,1.0
2370,1.0,0.0
2371,2.0,0.0
2372,2.0,0.0
2373,2.0,1.0
2374,2.0,1.0
2375,2.0,1.0
2376,2.0,2.0
2377,3.0,2.0
2378,3.0,3.0
2379,3.0,3.0
2380,3.0,4.0
2381,3.0,4.0
2382,3.0,4.0
2383,1.0,3.0
2384,0.0,2.0
2385,0.0,2.0
2386,0.0,2.0
2387,0.0,2.0
2388,0.0,2.0
2389,1.0,2.0
2390,1.0,3.0
2391,1.0,3.0
2392,0.0,2.0
2393,0.0,1.0
2394,0.0,0.0
2395,0.0,0.0
2396,0.0,0.0
2397,1.0,2.0
2398,1.0,3.0
2399,1.0,3.0
2400,2.0,3.0
2401,2.0,3.0
2402,2.0,4.0
2403,2.0,4.0
2404,2.0,4.0
2405,2.0,4.0
2406,2.0,4.0
2407,2.0,3.0
2408,2.0,2.0
2409,3.0,1.0
2410,2.0,1.0
2411,0.0,1.0
2412,0.0,2.0
2413,0.0,2.0
2414,0.0,2.0
2415,0.0,1.0
2416,0.0,1.0
2417,0.0,0.0
2418,1.0,0.0
2419,1.0,0.0
2420,1.0,0.0
2421,1.0,0.0
2422,1.0,0.0
2423,2.0,0.0
2424,2.0,0.0
2425,3.0,0.0
2426,3.0,0.0
2427,3.0,0.0
2428,3.0,0.0
2429,3.0,1.0
2430,4.0,2.0
2431,3.0,2.0
2432,2.0,2.0
2433,3.0,3.0
2434,5.0,5.0
2435,4.0,4.0
2436,2.0,2.0
2437,2.0,3.0
2438,1.0,3.0
2439,1.0,3.0
2440,2.0,0.0
2441,2.0,0.0
2442,2.0,0.0
2443,2.0,0.0
2444,3.0,1.0
2445,4.0,1.0
2446,4.0,1.0
2447,4.0,1.0
2448,4.0,1.0
2449,4.0,2.0
2450,4.0,2.0
2451,4.0,2.0
2452,4.0,2.0
2453,4.0,2.0
2454,5.0,3.0
2455,3.0,2.0
2456,1.0,2.0
2457,1.0,2.0
2458,1.0,3.0
2459,1.0,3.0
2460,1.0,2.0
2461,1.0,2.0
2462,1.0,2.0
2463,1.0,1.0
2464,1.0,1.0
2465,2.0,0.0
2466,1.0,0.0
2467,1.0,1.0
2468,2.0,1.0
2469,2.0,1.0
2470,2.0,1.0
2471,2.0,1.0
2472,3.0,1.0
2473,3.0,1.0
2474,3.0,2.0
2475,3.0,2.0
2476,3.0,2.0
2477,3.0,2.0
2478,3.0,3.0
2479,1.0,4.0
2480,1.0,3.0
2481,1.0,4.0
2482,2.0,3.0
2483,2.0,4.0
2484,2.0,4.0
2485,1.0,3.0
2486,1.0,3.0
2487,1.0,4.0
2488,0.0,3.0
2489,0.0,2.0
2490,0.0,2.0
2491,0.0,2.0
2492,1.0,2.0
2493,1.0,3.0
2494,1.0,3.0
2495,1.0,3.0
2496,1.0,3.0
2497,1.0,3.0
2498,1.0,4.0
2499,1.0,4.0
2500,2.0,4.0
2501,3.0,4.0
2502,3.0,4.0
2503,2.0,3.0
2504,2.0,3.0
2505,2.0,2.0
2506,3.0,2.0
2507,3.0,2.0
2508,3.0,2.0
2509,2.0,3.0
2510,2.0,2.0
2511,2.0,1.0
2512,2.0,1.0
2513,1.0,1.0
2514,1.0,1.0
2515,1.0,2.0
2516,1.0,2.0
2517,1.0,3.0
2518,2.0,3.0
2519,2.0,4.0
2520,2.0,4.0
2521,2.0,4.0
2522,3.0,4.0
2523,3.0,4.0
2524,3.0,5.0
2525,3.0,5.0
2526,3.0,6.0
2527,3.0,5.0
2528,3.0,5.0
2529,3.0,4.0
2530,2.0,4.0
2531,2.0,3.0
2532,2.0,3.0
2533,2.0,3.0
2534,1.0,3.0
2535,1.0,2.0
2536,1.0,2.0
2537,1.0,2.0
2538,1.0,2.0
2539,2.0,2.0
2540,2.0,2.0
2541,2.0,4.0
2542,3.0,4.0
2543,3.0,5.0
2544,3.0,5.0
2545,3.0,5.0
2546,4.0,5.0
2547,4.0,5.0
2548,4.0,5.0
2549,4.0,5.0
2550,4.0,5.0
2551,3.0,2.0
2552,3.0,2.0
2553,2.0,2.0
2554,2.0,3.0
2555,2.0,4.0
2556,2.0,4.0
2557,1.0,4.0
2558,1.0,2.0
2559,1.0,2.0
2560,1.0,2.0
2561,1.0,0.0
2562,1.0,0.0
2563,1.0,0.0
2564,1.0,0.0
2565,1.0,0.0
2566,1.0,0.0
2567,1.0,0.0
2568,2.0,0.0
2569,2.0,0.0
2570,2.0,0.0
2571,3.0,0.0
2572,3.0,0.0
2573,3.0,0.0
2574,3.0,1.0
2575,2.0,2.0
2576,2.0,2.0
2577,2.0,2.0
2578,2.0,3.0
2579,2.0,2.0
2580,1.0,2.0
2581,1.0,1.0
2582,1.0,1.0
2583,1.0,2.0
2584,1.0,2.0
2585,1.0,2.0
2586,1.0,0.0
2587,2.0,1.0
2588,2.0,1.0
2589,3.0,2.0
2590,3.0,2.0
2591,3.0,2.0
2592,3.0,2.0
2593,4.0,2.0
2594,4.0,2.0
2595,4.0,2.0
2596,4.0,2.0
2597,5.0,2.0
2598,5.0,2.0
2599,5.0,2.0
2600,4.0,0.0
2601,4.0,0.0
2602,3.0,0.0
2603,3.0,0.0
2604,3.0,0.0
2605,2.0,0.0
2606,3.0,0.0
2607,3.0,0.0
2608,2.0,0.0
2609,2.0,0.0
2610,1.0,0.0
2611,2.0,0.0
2612,3.0,0.0
2613,4.0,1.0
2614,4.0,2.0
2615,4.0,3.0
2616,4.0,3.0
2617,4.0,3.0
2618,4.0,3.0
2619,4.0,3.0
2620,4.0,4.0
2621,4.0,4.0
2622,4.0,4.0
2623,2.0,4.0
2624,1.0,4.0
2625,1.0,4.0
2626,1.0,2.0
2627,3.0,2.0
2628,3.0,1.0
2629,3.0,2.0
2630,3.0,1.0
2631,2.0,1.0
2632,1.0,1.0
2633,1.0,1.0
2634,0.0,1.0
2635,0.0,1.0
2636,0.0,1.0
2637,0.0,1.0
2638,0.0,2.0
2639,0.0,2.0
2640,0.0,2.0
2641,0.0,2.0
2642,0.0,4.0
2643,0.0,4.0
2644,0.0,4.0
2645,0.0,5.0
2646,0.0,5.0
2647,0.0,4.0
2648,0.0,4.0
2649,0.0,4.0
2650,0.0,3.0
2651,1.0,3.0
2652,1.0,4.0
2653,1.0,4.0
2654,0.0,4.0
2655,0.0,3.0
2656,0.0,1.0
2657,0.0,1.0
2658,0.0,1.0
2659,0.0,1.0
2660,1.0,1.0
2661,1.0,1.0
2662,1.0,1.0
2663,1.0,1.0
2664,1.0,1.0
2665,1.0,1.0
2666,1.0,1.0
2667,1.0,1.0
2668,2.0,1.0
2669,2.0,1.0
2670,2.0,1.0
2671,1.0,0.0
2672,1.0,1.0
2673,1.0,2.0
2674,1.0,2.0
2675,1.0,1.0
2676,1.0,1.0
2677,1.0,1.0
2678,1.0,1.0
2679,0.0,0.0
2680,0.0,0.0
2681,0.0,0.0
2682,0.0,0.0
2683,0.0,0.0
2684,0.0,1.0
2685,0.0,3.0
2686,0.0,3.0
2687,0.0,3.0
2688,0.0,3.0
2689,0.0,3.0
2690,0.0,3.0
2691,0.0,3.0
2692,0.0,3.0
2693,0.0,3.0
2694,0.0,3.0
2695,0.0,0.0
2696,0.0,0.0
2697,1.0,0.0
2698,1.0,0.0
2699,1.0,0.0
2700,1.0,0.0
2701,1.0,0.0
2702,2.0,0.0
2703,1.0,0.0
2704,1.0,0.0
2705,0.0,1.0
2706,0.0,1.0
2707,0.0,1.0
2708,0.0,1.0
2709,0.0,1.0
2710,0.0,1.0
2711,0.0,1.0
2712,0.0,2.0
2713,0.0,2.0
2714,0.0,2.0
2715,0.0,2.0
2716,0.0,2.0
2717,0.0,3.0
2718,0.0,3.0
2719,0.0,2.0
2720,1.0,2.0
2721,3.0,2.0
2722,2.0,2.0
2723,2.0,1.0
2724,0.0,1.0
2725,0.0,1.0
2726,0.0,1.0
2727,1.0,1.0
2728,1.0,1.0
2729,0.0,0.0
2730,0.0,0.0
2731,1.0,0.0
2732,2.0,1.0
2733,2.0,1.0
2734,2.0,1.0
2735,2.0,1.0
2736,2.0,2.0
2737,2.0,3.0
2738,2.0,3.0
2739,2.0,3.0
2740,2.0,3.0
2741,2.0,3.0
2742,3.0,4.0
2743,3.0,4.0
2744,3.0,4.0
2745,1.0,3.0
2746,1.0,2.0
2747,1.0,1.0
2748,1.0,1.0
2749,1.0,1.0
2750,2.0,1.0
2751,2.0,1.0
2752,1.0,1.0
2753,0.0,0.0
2754,0.0,1.0
2755,0.0,1.0
2756,0.0,2.0
2757,0.0,2.0
2758,1.0,2.0
2759,2.0,2.0
2760,2.0,3.0
2761,2.0,4.0
2762,2.0,4.0
2763,2.0,4.0
2764,2.0,4.0
2765,2.0,5.0
2766,2.0,5.0
2767,3.0,4.0
2768,4.0,3.0
2769,4.0,3.0
2770,3.0,4.0
2771,1.0,4.0
2772,0.0,4.0
2773,2.0,3.0
2774,3.0,3.0
2775,2.0,3.0
2776,1.0,2.0
2777,0.0,1.0
2778,0.0,0.0
2779,1.0,0.0
2780,1.0,0.0
2781,1.0,0.0
2782,1.0,0.0
2783,1.0,0.0
2784,1.0,0.0
2785,1.0,0.0
2786,1.0,1.0
2787,1.0,1.0
2788,1.0,1.0
2789,2.0,1.0
2790,2.0,1.0
2791,1.0,1.0
2792,1.0,1.0
2793,1.0,1.0
2794,1.0,1.0
2795,1.0,1.0
2796,1.0,1.0
2797,1.0,1.0
2798,2.0,0.0
2799,1.0,1.0
2800,0.0,1.0
2801,0.0,0.0
2802,0.0,1.0
2803,1.0,2.0
2804,1.0,3.0
2805,1.0,3.0
2806,1.0,3.0
2807,1.0,3.0
2808,1.0,3.0
2809,1.0,3.0
2810,1.0,3.0
2811,1.0,3.0
2812,1.0,3.0
2813,1.0,3.0
2814,1.0,4.0
2815,1.0,4.0
2816,1.0,4.0
2817,1.0,3.0
2818,1.0,2.0
2819,0.0,2.0
2820,0.0,2.0
2821,0.0,2.0
2822,0.0,2.0
2823,0.0,0.0
2824,0.0,0.0
2825,0.0,0.0
2826,0.0,0.0
2827,0.0,0.0
2828,0.0,0.0
2829,0.0,0.0
2830,0.0,0.0
2831,0.0,0.0
2832,1.0,0.0
2833,1.0,0.0
2834,1.0,0.0
2835,1.0,0.0
2836,1.0,0.0
2837,1.0,1.0
2838,2.0,3.0
2839,2.0,3.0
2840,1.0,3.0
2841,1.0,3.0
2842,1.0,4.0
2843,1.0,5.0
2844,2.0,5.0
2845,3.0,5.0
2846,2.0,5.0
2847,2.0,5.0
2848,0.0,3.0
2849,0.0,1.0
2850,1.0,0.0
2851,2.0,0.0
2852,2.0,0.0
2853,2.0,1.0
2854,2.0,1.0
2855,2.0,3.0
2856,2.0,3.0
2857,2.0,4.0
2858,2.0,4.0
2859,2.0,4.0
2860,2.0,4.0
2861,2.0,5.0
2862,2.0,5.0
2863,3.0,7.0
2864,3.0,7.0
2865,2.0,6.0
2866,1.0,7.0
2867,0.0,7.0
2868,0.0,6.0
2869,0.0,7.0
2870,0.0,6.0
2871,0.0,5.0
2872,0.0,4.0
2873,0.0,1.0
2874,0.0,1.0
2875,0.0,1.0
2876,0.0,1.0
2877,0.0,1.0
2878,,
2879,,
