,liq_100,liq_101
0,1.0,0.0
1,4.0,0.0
2,5.0,0.0
3,7.0,1.0
4,9.0,2.0
5,11.0,2.0
6,15.0,3.0
7,14.0,5.0
8,12.0,4.0
9,11.0,1.0
10,7.0,1.0
11,6.0,1.0
12,3.0,1.0
13,2.0,2.0
14,0.0,5.0
15,2.0,3.0
16,2.0,3.0
17,5.0,3.0
18,4.0,2.0
19,6.0,3.0
20,7.0,3.0
21,7.0,3.0
22,7.0,4.0
23,8.0,5.0
24,8.0,7.0
25,8.0,8.0
26,9.0,8.0
27,10.0,8.0
28,12.0,9.0
29,12.0,11.0
30,13.0,11.0
31,9.0,9.0
32,7.0,9.0
33,8.0,7.0
34,8.0,6.0
35,7.0,4.0
36,4.0,2.0
37,2.0,1.0
38,2.0,2.0
39,2.0,2.0
40,1.0,0.0
41,1.0,1.0
42,0.0,2.0
43,0.0,3.0
44,1.0,4.0
45,2.0,6.0
46,2.0,6.0
47,4.0,8.0
48,5.0,9.0
49,6.0,11.0
50,7.0,12.0
51,7.0,14.0
52,8.0,17.0
53,9.0,17.0
54,10.0,19.0
55,9.0,15.0
56,7.0,14.0
57,7.0,14.0
58,6.0,13.0
59,5.0,12.0
60,6.0,10.0
61,1.0,10.0
62,0.0,7.0
63,1.0,3.0
64,1.0,2.0
65,1.0,2.0
66,1.0,1.0
67,2.0,1.0
68,4.0,4.0
69,4.0,6.0
70,5.0,8.0
71,5.0,9.0
72,5.0,9.0
73,6.0,9.0
74,6.0,10.0
75,8.0,10.0
76,8.0,11.0
77,8.0,12.0
78,10.0,12.0
79,9.0,9.0
80,9.0,6.0
81,9.0,7.0
82,10.0,5.0
83,8.0,5.0
84,4.0,6.0
85,1.0,6.0
86,2.0,6.0
87,5.0,6.0
88,5.0,7.0
89,3.0,5.0
90,1.0,4.0
91,2.0,4.0
92,3.0,4.0
93,4.0,4.0
94,5.0,4.0
95,7.0,4.0
96,7.0,5.0
97,7.0,5.0
98,8.0,7.0
99,9.0,8.0
100,9.0,10.0
101,10.0,14.0
102,11.0,14.0
103,9.0,9.0
104,8.0,11.0
105,7.0,12.0
106,5.0,11.0
107,5.0,8.0
108,8.0,5.0
109,6.0,6.0
110,5.0,3.0
111,4.0,2.0
112,4.0,1.0
113,3.0,4.0
114,3.0,4.0
115,3.0,6.0
116,4.0,6.0
117,5.0,8.0
118,8.0,9.0
119,8.0,10.0
120,10.0,11.0
121,12.0,13.0
122,12.0,14.0
123,13.0,14.0
124,14.0,14.0
125,15.0,16.0
126,15.0,17.0
127,11.0,16.0
128,9.0,14.0
129,8.0,13.0
130,8.0,11.0
131,5.0,11.0
132,4.0,11.0
133,2.0,7.0
134,1.0,6.0
135,3.0,3.0
136,4.0,3.0
137,3.0,1.0
138,6.0,1.0
139,6.0,3.0
140,6.0,5.0
141,8.0,6.0
142,9.0,8.0
143,9.0,9.0
144,10.0,10.0
145,10.0,10.0
146,12.0,10.0
147,13.0,11.0
148,16.0,13.0
149,17.0,15.0
150,19.0,16.0
151,16.0,12.0
152,17.0,11.0
153,15.0,11.0
154,12.0,11.0
155,9.0,9.0
156,9.0,7.0
157,9.0,4.0
158,6.0,3.0
159,3.0,2.0
160,2.0,2.0
161,3.0,2.0
162,5.0,3.0
163,5.0,3.0
164,7.0,4.0
165,8.0,8.0
166,10.0,11.0
167,10.0,12.0
168,10.0,13.0
169,13.0,16.0
170,13.0,16.0
171,13.0,16.0
172,13.0,16.0
173,15.0,18.0
174,16.0,18.0
175,11.0,15.0
176,7.0,16.0
177,6.0,15.0
178,6.0,11.0
179,6.0,9.0
180,5.0,9.0
181,5.0,7.0
182,2.0,6.0
183,2.0,3.0
184,3.0,4.0
185,4.0,6.0
186,4.0,6.0
187,5.0,6.0
188,5.0,6.0
189,6.0,6.0
190,7.0,7.0
191,9.0,7.0
192,10.0,7.0
193,11.0,8.0
194,12.0,9.0
195,14.0,9.0
196,17.0,9.0
197,17.0,9.0
198,18.0,9.0
199,13.0,9.0
200,12.0,8.0
201,12.0,6.0
202,12.0,3.0
203,13.0,3.0
204,13.0,4.0
205,11.0,4.0
206,7.0,4.0
207,6.0,2.0
208,3.0,3.0
209,2.0,6.0
210,0.0,5.0
211,0.0,8.0
212,0.0,10.0
213,0.0,12.0
214,2.0,14.0
215,3.0,16.0
216,3.0,17.0
217,5.0,17.0
218,5.0,17.0
219,6.0,17.0
220,7.0,18.0
221,8.0,18.0
222,8.0,18.0
223,7.0,14.0
224,6.0,10.0
225,9.0,9.0
226,9.0,10.0
227,9.0,10.0
228,8.0,11.0
229,8.0,8.0
230,5.0,8.0
231,4.0,7.0
232,4.0,2.0
233,3.0,1.0
234,1.0,0.0
235,1.0,2.0
236,2.0,3.0
237,2.0,3.0
238,2.0,3.0
239,2.0,3.0
240,4.0,3.0
241,5.0,4.0
242,5.0,5.0
243,7.0,6.0
244,7.0,7.0
245,7.0,8.0
246,9.0,10.0
247,8.0,9.0
248,12.0,8.0
249,12.0,8.0
250,12.0,8.0
251,10.0,12.0
252,8.0,12.0
253,5.0,11.0
254,4.0,8.0
255,4.0,6.0
256,3.0,4.0
257,1.0,5.0
258,2.0,4.0
259,5.0,5.0
260,6.0,5.0
261,7.0,8.0
262,7.0,9.0
263,9.0,10.0
264,11.0,11.0
265,11.0,11.0
266,12.0,11.0
267,13.0,11.0
268,14.0,13.0
269,14.0,14.0
270,15.0,15.0
271,10.0,10.0
272,8.0,11.0
273,8.0,10.0
274,9.0,8.0
275,7.0,7.0
276,8.0,4.0
277,8.0,4.0
278,8.0,5.0
279,5.0,3.0
280,3.0,1.0
281,4.0,2.0
282,3.0,2.0
283,5.0,5.0
284,5.0,6.0
285,6.0,7.0
286,6.0,7.0
287,6.0,11.0
288,6.0,11.0
289,8.0,12.0
290,9.0,12.0
291,9.0,12.0
292,9.0,14.0
293,9.0,15.0
294,10.0,16.0
295,7.0,14.0
296,7.0,14.0
297,7.0,14.0
298,7.0,12.0
299,6.0,9.0
300,8.0,5.0
301,8.0,4.0
302,5.0,3.0
303,3.0,1.0
304,1.0,1.0
305,3.0,3.0
306,4.0,3.0
307,4.0,3.0
308,7.0,4.0
309,10.0,5.0
310,10.0,5.0
311,14.0,5.0
312,14.0,5.0
313,15.0,7.0
314,16.0,8.0
315,16.0,9.0
316,18.0,9.0
317,19.0,11.0
318,20.0,12.0
319,13.0,9.0
320,11.0,11.0
321,12.0,12.0
322,11.0,10.0
323,12.0,9.0
324,10.0,8.0
325,9.0,6.0
326,6.0,5.0
327,6.0,4.0
328,3.0,1.0
329,4.0,1.0
330,4.0,1.0
331,5.0,3.0
332,5.0,3.0
333,7.0,5.0
334,7.0,8.0
335,8.0,8.0
336,9.0,8.0
337,12.0,10.0
338,12.0,10.0
339,13.0,11.0
340,14.0,14.0
341,15.0,16.0
342,18.0,17.0
343,14.0,12.0
344,14.0,10.0
345,15.0,9.0
346,13.0,9.0
347,11.0,8.0
348,11.0,7.0
349,9.0,7.0
350,10.0,5.0
351,9.0,5.0
352,6.0,4.0
353,6.0,5.0
354,4.0,4.0
355,4.0,4.0
356,6.0,4.0
357,9.0,5.0
358,10.0,7.0
359,12.0,7.0
360,13.0,9.0
361,14.0,11.0
362,16.0,12.0
363,16.0,12.0
364,16.0,13.0
365,16.0,13.0
366,18.0,14.0
367,16.0,12.0
368,16.0,12.0
369,16.0,13.0
370,14.0,13.0
371,10.0,11.0
372,9.0,10.0
373,11.0,7.0
374,10.0,6.0
375,9.0,3.0
376,9.0,1.0
377,7.0,4.0
378,7.0,3.0
379,7.0,4.0
380,10.0,4.0
381,10.0,5.0
382,12.0,6.0
383,13.0,7.0
384,13.0,8.0
385,14.0,10.0
386,15.0,10.0
387,18.0,10.0
388,18.0,10.0
389,19.0,12.0
390,19.0,12.0
391,13.0,8.0
392,13.0,8.0
393,12.0,8.0
394,12.0,7.0
395,12.0,7.0
396,15.0,7.0
397,13.0,4.0
398,13.0,3.0
399,12.0,2.0
400,11.0,4.0
401,8.0,6.0
402,6.0,6.0
403,6.0,8.0
404,8.0,10.0
405,9.0,11.0
406,9.0,11.0
407,9.0,12.0
408,9.0,13.0
409,9.0,13.0
410,9.0,13.0
411,12.0,14.0
412,12.0,14.0
413,12.0,14.0
414,12.0,14.0
415,11.0,9.0
416,9.0,8.0
417,5.0,6.0
418,5.0,4.0
419,6.0,3.0
420,7.0,2.0
421,6.0,1.0
422,3.0,5.0
423,1.0,5.0
424,0.0,3.0
425,4.0,2.0
426,6.0,1.0
427,8.0,3.0
428,8.0,5.0
429,9.0,5.0
430,10.0,5.0
431,10.0,7.0
432,12.0,9.0
433,15.0,10.0
434,15.0,10.0
435,17.0,10.0
436,18.0,11.0
437,18.0,13.0
438,18.0,14.0
439,16.0,10.0
440,15.0,10.0
441,13.0,11.0
442,14.0,9.0
443,12.0,9.0
444,8.0,6.0
445,6.0,6.0
446,6.0,5.0
447,7.0,5.0
448,5.0,5.0
449,2.0,4.0
450,2.0,2.0
451,2.0,2.0
452,2.0,2.0
453,3.0,2.0
454,3.0,3.0
455,4.0,3.0
456,5.0,3.0
457,5.0,4.0
458,6.0,6.0
459,7.0,7.0
460,8.0,8.0
461,11.0,8.0
462,12.0,9.0
463,11.0,8.0
464,11.0,9.0
465,11.0,11.0
466,10.0,12.0
467,9.0,11.0
468,8.0,9.0
469,9.0,8.0
470,9.0,6.0
471,12.0,4.0
472,12.0,2.0
473,9.0,3.0
474,6.0,3.0
475,6.0,7.0
476,7.0,7.0
477,11.0,8.0
478,12.0,12.0
479,13.0,12.0
480,14.0,14.0
481,14.0,15.0
482,16.0,15.0
483,16.0,18.0
484,16.0,18.0
485,16.0,18.0
486,17.0,19.0
487,13.0,17.0
488,10.0,14.0
489,10.0,12.0
490,8.0,11.0
491,9.0,12.0
492,9.0,13.0
493,8.0,9.0
494,5.0,5.0
495,3.0,3.0
496,1.0,1.0
497,2.0,2.0
498,2.0,3.0
499,2.0,4.0
500,2.0,5.0
501,3.0,5.0
502,7.0,6.0
503,9.0,7.0
504,9.0,9.0
505,9.0,9.0
506,9.0,10.0
507,10.0,12.0
508,12.0,16.0
509,13.0,17.0
510,13.0,19.0
511,14.0,18.0
512,13.0,18.0
513,13.0,19.0
514,12.0,17.0
515,12.0,16.0
516,9.0,15.0
517,9.0,14.0
518,8.0,10.0
519,11.0,9.0
520,9.0,7.0
521,8.0,5.0
522,8.0,5.0
523,8.0,5.0
524,10.0,6.0
525,12.0,7.0
526,14.0,8.0
527,15.0,8.0
528,15.0,8.0
529,17.0,9.0
530,19.0,10.0
531,19.0,10.0
532,21.0,11.0
533,23.0,12.0
534,25.0,12.0
535,22.0,11.0
536,21.0,7.0
537,18.0,8.0
538,18.0,9.0
539,17.0,8.0
540,15.0,9.0
541,14.0,9.0
542,13.0,8.0
543,11.0,7.0
544,9.0,3.0
545,10.0,3.0
546,8.0,0.0
547,9.0,1.0
548,10.0,4.0
549,13.0,7.0
550,14.0,7.0
551,15.0,8.0
552,16.0,8.0
553,19.0,9.0
554,21.0,10.0
555,21.0,11.0
556,23.0,15.0
557,26.0,15.0
558,28.0,16.0
559,28.0,15.0
560,27.0,14.0
561,22.0,14.0
562,18.0,15.0
563,19.0,14.0
564,18.0,11.0
565,18.0,9.0
566,18.0,10.0
567,16.0,8.0
568,14.0,7.0
569,14.0,7.0
570,13.0,4.0
571,13.0,4.0
572,14.0,5.0
573,14.0,5.0
574,17.0,6.0
575,18.0,7.0
576,18.0,10.0
577,21.0,14.0
578,23.0,15.0
579,23.0,17.0
580,24.0,17.0
581,24.0,20.0
582,25.0,21.0
583,21.0,18.0
584,18.0,16.0
585,17.0,15.0
586,19.0,14.0
587,18.0,13.0
588,16.0,13.0
589,14.0,14.0
590,13.0,12.0
591,10.0,11.0
592,11.0,10.0
593,12.0,11.0
594,9.0,10.0
595,9.0,11.0
596,12.0,13.0
597,12.0,14.0
598,13.0,14.0
599,14.0,15.0
600,14.0,16.0
601,14.0,17.0
602,16.0,21.0
603,17.0,22.0
604,17.0,24.0
605,18.0,31.0
606,19.0,31.0
607,16.0,26.0
608,14.0,25.0
609,13.0,25.0
610,11.0,28.0
611,8.0,31.0
612,11.0,32.0
613,12.0,33.0
614,8.0,33.0
615,10.0,31.0
616,9.0,28.0
617,6.0,28.0
618,5.0,28.0
619,5.0,28.0
620,5.0,30.0
621,5.0,31.0
622,6.0,32.0
623,7.0,33.0
624,7.0,33.0
625,10.0,33.0
626,11.0,34.0
627,11.0,37.0
628,11.0,38.0
629,11.0,38.0
630,12.0,38.0
631,10.0,33.0
632,10.0,32.0
633,10.0,30.0
634,13.0,29.0
635,10.0,26.0
636,11.0,24.0
637,8.0,24.0
638,8.0,23.0
639,10.0,23.0
640,6.0,22.0
641,3.0,19.0
642,4.0,17.0
643,4.0,17.0
644,5.0,17.0
645,5.0,18.0
646,5.0,19.0
647,6.0,21.0
648,9.0,22.0
649,9.0,23.0
650,10.0,23.0
651,11.0,24.0
652,12.0,24.0
653,13.0,26.0
654,15.0,27.0
655,13.0,24.0
656,14.0,22.0
657,14.0,19.0
658,12.0,18.0
659,13.0,17.0
660,13.0,14.0
661,13.0,13.0
662,13.0,15.0
663,9.0,12.0
664,7.0,10.0
665,8.0,11.0
666,5.0,9.0
667,5.0,11.0
668,7.0,15.0
669,7.0,18.0
670,8.0,19.0
671,9.0,19.0
672,9.0,20.0
673,9.0,21.0
674,9.0,22.0
675,11.0,24.0
676,11.0,24.0
677,11.0,25.0
678,12.0,29.0
679,12.0,27.0
680,9.0,23.0
681,10.0,21.0
682,10.0,19.0
683,11.0,17.0
684,7.0,15.0
685,6.0,17.0
686,6.0,17.0
687,6.0,17.0
688,9.0,18.0
689,5.0,16.0
690,8.0,12.0
691,10.0,13.0
692,11.0,13.0
693,12.0,14.0
694,13.0,15.0
695,13.0,17.0
696,13.0,18.0
697,13.0,18.0
698,15.0,19.0
699,15.0,19.0
700,18.0,20.0
701,19.0,21.0
702,21.0,22.0
703,16.0,18.0
704,13.0,14.0
705,13.0,11.0
706,12.0,10.0
707,13.0,9.0
708,14.0,8.0
709,16.0,9.0
710,15.0,8.0
711,15.0,6.0
712,10.0,5.0
713,5.0,7.0
714,3.0,8.0
715,4.0,10.0
716,4.0,12.0
717,7.0,13.0
718,10.0,14.0
719,13.0,14.0
720,15.0,15.0
721,17.0,15.0
722,19.0,15.0
723,20.0,16.0
724,20.0,16.0
725,20.0,17.0
726,20.0,20.0
727,18.0,15.0
728,14.0,11.0
729,12.0,11.0
730,11.0,11.0
731,10.0,8.0
732,13.0,9.0
733,10.0,11.0
734,12.0,10.0
735,10.0,8.0
736,7.0,7.0
737,7.0,3.0
738,6.0,1.0
739,6.0,1.0
740,6.0,2.0
741,6.0,3.0
742,9.0,4.0
743,9.0,4.0
744,11.0,7.0
745,12.0,7.0
746,13.0,8.0
747,14.0,9.0
748,15.0,10.0
749,16.0,10.0
750,17.0,12.0
751,15.0,10.0
752,14.0,14.0
753,12.0,11.0
754,12.0,8.0
755,13.0,7.0
756,13.0,7.0
757,13.0,5.0
758,10.0,4.0
759,9.0,2.0
760,7.0,3.0
761,5.0,4.0
762,5.0,2.0
763,5.0,2.0
764,7.0,3.0
765,9.0,4.0
766,9.0,4.0
767,11.0,6.0
768,12.0,7.0
769,14.0,9.0
770,15.0,9.0
771,15.0,9.0
772,16.0,10.0
773,16.0,11.0
774,16.0,12.0
775,14.0,9.0
776,12.0,10.0
777,9.0,11.0
778,10.0,10.0
779,9.0,7.0
780,10.0,10.0
781,7.0,9.0
782,4.0,8.0
783,4.0,7.0
784,3.0,6.0
785,3.0,3.0
786,1.0,3.0
787,1.0,5.0
788,3.0,6.0
789,5.0,6.0
790,5.0,9.0
791,5.0,9.0
792,7.0,10.0
793,9.0,10.0
794,9.0,10.0
795,9.0,11.0
796,10.0,11.0
797,11.0,11.0
798,11.0,13.0
799,12.0,9.0
800,11.0,6.0
801,10.0,5.0
802,9.0,6.0
803,7.0,6.0
804,7.0,6.0
805,6.0,6.0
806,6.0,7.0
807,4.0,5.0
808,3.0,8.0
809,2.0,8.0
810,2.0,5.0
811,3.0,7.0
812,7.0,7.0
813,8.0,10.0
814,10.0,11.0
815,10.0,13.0
816,11.0,13.0
817,11.0,15.0
818,11.0,17.0
819,11.0,18.0
820,12.0,20.0
821,12.0,20.0
822,12.0,22.0
823,10.0,19.0
824,7.0,17.0
825,6.0,16.0
826,6.0,14.0
827,8.0,15.0
828,8.0,13.0
829,5.0,12.0
830,3.0,9.0
831,2.0,8.0
832,2.0,6.0
833,2.0,5.0
834,1.0,4.0
835,2.0,5.0
836,2.0,6.0
837,3.0,7.0
838,4.0,8.0
839,6.0,8.0
840,6.0,9.0
841,6.0,11.0
842,6.0,12.0
843,7.0,14.0
844,8.0,14.0
845,9.0,14.0
846,9.0,15.0
847,7.0,13.0
848,8.0,11.0
849,7.0,9.0
850,8.0,9.0
851,9.0,10.0
852,9.0,10.0
853,7.0,10.0
854,5.0,8.0
855,5.0,8.0
856,4.0,9.0
857,5.0,10.0
858,4.0,8.0
859,6.0,8.0
860,9.0,8.0
861,10.0,8.0
862,10.0,10.0
863,10.0,10.0
864,12.0,10.0
865,13.0,14.0
866,13.0,16.0
867,13.0,18.0
868,15.0,18.0
869,15.0,19.0
870,16.0,20.0
871,11.0,14.0
872,8.0,14.0
873,9.0,12.0
874,8.0,12.0
875,9.0,12.0
876,8.0,9.0
877,10.0,9.0
878,8.0,7.0
879,6.0,4.0
880,5.0,4.0
881,3.0,3.0
882,3.0,1.0
883,3.0,2.0
884,6.0,2.0
885,7.0,3.0
886,8.0,6.0
887,8.0,6.0
888,9.0,9.0
889,11.0,10.0
890,12.0,12.0
891,12.0,13.0
892,12.0,14.0
893,12.0,14.0
894,13.0,14.0
895,8.0,13.0
896,7.0,12.0
897,9.0,12.0
898,10.0,13.0
899,11.0,9.0
900,9.0,9.0
901,10.0,8.0
902,6.0,5.0
903,3.0,1.0
904,4.0,2.0
905,3.0,4.0
906,2.0,5.0
907,4.0,6.0
908,6.0,8.0
909,6.0,8.0
910,6.0,9.0
911,6.0,10.0
912,6.0,12.0
913,7.0,13.0
914,9.0,14.0
915,10.0,17.0
916,10.0,17.0
917,11.0,19.0
918,12.0,19.0
919,9.0,14.0
920,9.0,14.0
921,8.0,16.0
922,7.0,16.0
923,6.0,16.0
924,6.0,14.0
925,4.0,12.0
926,4.0,9.0
927,4.0,7.0
928,4.0,7.0
929,1.0,5.0
930,1.0,3.0
931,3.0,5.0
932,3.0,7.0
933,5.0,7.0
934,6.0,7.0
935,7.0,7.0
936,9.0,8.0
937,10.0,9.0
938,13.0,11.0
939,13.0,12.0
940,15.0,13.0
941,17.0,13.0
942,21.0,15.0
943,20.0,14.0
944,20.0,15.0
945,19.0,14.0
946,20.0,13.0
947,19.0,15.0
948,17.0,15.0
949,16.0,13.0
950,14.0,11.0
951,11.0,9.0
952,9.0,7.0
953,5.0,6.0
954,4.0,5.0
955,5.0,5.0
956,6.0,6.0
957,9.0,6.0
958,10.0,9.0
959,10.0,10.0
960,11.0,10.0
961,12.0,10.0
962,14.0,11.0
963,15.0,11.0
964,15.0,12.0
965,17.0,12.0
966,18.0,12.0
967,14.0,7.0
968,13.0,7.0
969,12.0,8.0
970,13.0,7.0
971,12.0,6.0
972,15.0,5.0
973,18.0,4.0
974,17.0,3.0
975,15.0,3.0
976,10.0,4.0
977,8.0,3.0
978,7.0,3.0
979,7.0,5.0
980,7.0,9.0
981,8.0,12.0
982,8.0,12.0
983,11.0,12.0
984,11.0,13.0
985,13.0,13.0
986,13.0,16.0
987,13.0,17.0
988,13.0,18.0
989,15.0,20.0
990,15.0,20.0
991,9.0,15.0
992,8.0,14.0
993,13.0,12.0
994,13.0,14.0
995,12.0,13.0
996,9.0,13.0
997,6.0,13.0
998,5.0,11.0
999,3.0,9.0
1000,4.0,5.0
1001,6.0,3.0
1002,7.0,2.0
1003,7.0,2.0
1004,12.0,3.0
1005,13.0,3.0
1006,14.0,4.0
1007,14.0,5.0
1008,14.0,6.0
1009,14.0,6.0
1010,16.0,8.0
1011,16.0,9.0
1012,17.0,12.0
1013,19.0,12.0
1014,19.0,13.0
1015,14.0,12.0
1016,11.0,10.0
1017,9.0,9.0
1018,6.0,8.0
1019,6.0,7.0
1020,7.0,7.0
1021,5.0,7.0
1022,6.0,6.0
1023,7.0,7.0
1024,7.0,5.0
1025,4.0,2.0
1026,3.0,1.0
1027,4.0,4.0
1028,5.0,4.0
1029,6.0,4.0
1030,7.0,4.0
1031,7.0,4.0
1032,8.0,4.0
1033,9.0,5.0
1034,11.0,5.0
1035,11.0,5.0
1036,11.0,6.0
1037,11.0,8.0
1038,12.0,8.0
1039,13.0,8.0
1040,11.0,6.0
1041,10.0,5.0
1042,10.0,6.0
1043,9.0,6.0
1044,5.0,3.0
1045,3.0,1.0
1046,3.0,3.0
1047,4.0,3.0
1048,5.0,2.0
1049,5.0,1.0
1050,3.0,0.0
1051,3.0,2.0
1052,3.0,2.0
1053,4.0,2.0
1054,4.0,2.0
1055,7.0,3.0
1056,8.0,4.0
1057,9.0,4.0
1058,10.0,5.0
1059,12.0,5.0
1060,13.0,6.0
1061,14.0,8.0
1062,15.0,8.0
1063,13.0,5.0
1064,13.0,10.0
1065,11.0,11.0
1066,9.0,7.0
1067,7.0,6.0
1068,4.0,3.0
1069,3.0,2.0
1070,1.0,1.0
1071,2.0,1.0
1072,3.0,1.0
1073,2.0,2.0
1074,1.0,3.0
1075,1.0,3.0
1076,2.0,5.0
1077,5.0,6.0
1078,5.0,7.0
1079,5.0,8.0
1080,8.0,8.0
1081,8.0,8.0
1082,9.0,11.0
1083,9.0,11.0
1084,10.0,13.0
1085,11.0,14.0
1086,11.0,17.0
1087,6.0,13.0
1088,3.0,12.0
1089,5.0,12.0
1090,6.0,11.0
1091,9.0,11.0
1092,7.0,6.0
1093,8.0,3.0
1094,6.0,3.0
1095,6.0,2.0
1096,2.0,0.0
1097,2.0,2.0
1098,1.0,2.0
1099,4.0,5.0
1100,5.0,6.0
1101,6.0,6.0
1102,8.0,7.0
1103,8.0,7.0
1104,9.0,9.0
1105,10.0,10.0
1106,11.0,10.0
1107,12.0,11.0
1108,13.0,12.0
1109,17.0,12.0
1110,20.0,12.0
1111,19.0,7.0
1112,15.0,7.0
1113,14.0,7.0
1114,15.0,7.0
1115,15.0,5.0
1116,15.0,5.0
1117,13.0,4.0
1118,12.0,3.0
1119,11.0,2.0
1120,11.0,2.0
1121,10.0,3.0
1122,7.0,5.0
1123,8.0,6.0
1124,10.0,7.0
1125,10.0,10.0
1126,11.0,12.0
1127,12.0,16.0
1128,12.0,17.0
1129,13.0,17.0
1130,14.0,21.0
1131,15.0,22.0
1132,15.0,24.0
1133,15.0,25.0
1134,15.0,27.0
1135,11.0,22.0
1136,11.0,22.0
1137,8.0,21.0
1138,5.0,22.0
1139,4.0,21.0
1140,5.0,18.0
1141,5.0,16.0
1142,6.0,11.0
1143,6.0,10.0
1144,5.0,10.0
1145,4.0,10.0
1146,5.0,8.0
1147,7.0,8.0
1148,8.0,8.0
1149,9.0,9.0
1150,10.0,10.0
1151,10.0,12.0
1152,11.0,13.0
1153,13.0,14.0
1154,16.0,16.0
1155,18.0,17.0
1156,21.0,19.0
1157,23.0,19.0
1158,25.0,21.0
1159,22.0,20.0
1160,21.0,15.0
1161,21.0,14.0
1162,20.0,16.0
1163,18.0,16.0
1164,19.0,14.0
1165,20.0,14.0
1166,20.0,13.0
1167,18.0,15.0
1168,17.0,15.0
1169,14.0,14.0
1170,11.0,15.0
1171,12.0,15.0
1172,12.0,16.0
1173,16.0,17.0
1174,18.0,18.0
1175,20.0,20.0
1176,21.0,21.0
1177,22.0,23.0
1178,23.0,24.0
1179,23.0,24.0
1180,24.0,25.0
1181,24.0,29.0
1182,24.0,29.0
1183,18.0,24.0
1184,14.0,20.0
1185,15.0,17.0
1186,16.0,13.0
1187,14.0,11.0
1188,13.0,11.0
1189,11.0,12.0
1190,10.0,11.0
1191,10.0,11.0
1192,10.0,10.0
1193,7.0,9.0
1194,6.0,6.0
1195,6.0,6.0
1196,8.0,6.0
1197,8.0,10.0
1198,8.0,11.0
1199,8.0,12.0
1200,11.0,12.0
1201,11.0,13.0
1202,12.0,13.0
1203,13.0,14.0
1204,14.0,15.0
1205,17.0,16.0
1206,17.0,17.0
1207,15.0,17.0
1208,14.0,15.0
1209,12.0,13.0
1210,10.0,12.0
1211,12.0,11.0
1212,12.0,12.0
1213,15.0,12.0
1214,14.0,10.0
1215,12.0,10.0
1216,11.0,9.0
1217,11.0,9.0
1218,10.0,10.0
1219,10.0,11.0
1220,12.0,13.0
1221,14.0,13.0
1222,14.0,15.0
1223,14.0,15.0
1224,14.0,16.0
1225,14.0,16.0
1226,14.0,16.0
1227,17.0,17.0
1228,17.0,18.0
1229,18.0,20.0
1230,20.0,21.0
1231,14.0,17.0
1232,13.0,15.0
1233,10.0,12.0
1234,10.0,10.0
1235,7.0,8.0
1236,8.0,10.0
1237,7.0,8.0
1238,4.0,8.0
1239,2.0,8.0
1240,3.0,6.0
1241,5.0,3.0
1242,4.0,3.0
1243,5.0,4.0
1244,6.0,5.0
1245,6.0,6.0
1246,6.0,7.0
1247,8.0,7.0
1248,8.0,8.0
1249,10.0,10.0
1250,13.0,12.0
1251,13.0,12.0
1252,15.0,13.0
1253,15.0,14.0
1254,16.0,15.0
1255,11.0,11.0
1256,9.0,11.0
1257,7.0,12.0
1258,4.0,8.0
1259,2.0,9.0
1260,0.0,8.0
1261,1.0,7.0
1262,2.0,7.0
1263,3.0,6.0
1264,2.0,5.0
1265,3.0,3.0
1266,3.0,3.0
1267,6.0,5.0
1268,6.0,7.0
1269,6.0,10.0
1270,7.0,12.0
1271,7.0,14.0
1272,8.0,14.0
1273,10.0,16.0
1274,11.0,17.0
1275,14.0,18.0
1276,14.0,19.0
1277,14.0,19.0
1278,16.0,20.0
1279,15.0,17.0
1280,13.0,14.0
1281,11.0,15.0
1282,13.0,13.0
1283,12.0,13.0
1284,11.0,10.0
1285,9.0,11.0
1286,10.0,10.0
1287,7.0,14.0
1288,6.0,10.0
1289,5.0,9.0
1290,3.0,5.0
1291,4.0,5.0
1292,5.0,5.0
1293,8.0,8.0
1294,10.0,9.0
1295,10.0,10.0
1296,12.0,10.0
1297,12.0,11.0
1298,12.0,11.0
1299,12.0,12.0
1300,12.0,12.0
1301,12.0,13.0
1302,12.0,14.0
1303,8.0,11.0
1304,8.0,9.0
1305,7.0,10.0
1306,6.0,9.0
1307,5.0,8.0
1308,5.0,6.0
1309,5.0,6.0
1310,1.0,6.0
1311,2.0,5.0
1312,3.0,3.0
1313,3.0,3.0
1314,2.0,2.0
1315,3.0,3.0
1316,6.0,3.0
1317,7.0,3.0
1318,9.0,4.0
1319,11.0,8.0
1320,11.0,8.0
1321,12.0,8.0
1322,12.0,9.0
1323,13.0,12.0
1324,16.0,12.0
1325,16.0,14.0
1326,17.0,15.0
1327,15.0,13.0
1328,12.0,11.0
1329,10.0,13.0
1330,9.0,13.0
1331,6.0,13.0
1332,7.0,9.0
1333,6.0,6.0
1334,7.0,7.0
1335,3.0,5.0
1336,5.0,2.0
1337,8.0,3.0
1338,6.0,2.0
1339,9.0,4.0
1340,13.0,5.0
1341,14.0,7.0
1342,15.0,7.0
1343,15.0,9.0
1344,17.0,9.0
1345,20.0,9.0
1346,21.0,9.0
1347,23.0,9.0
1348,25.0,10.0
1349,26.0,11.0
1350,27.0,13.0
1351,23.0,9.0
1352,18.0,10.0
1353,16.0,11.0
1354,16.0,10.0
1355,16.0,8.0
1356,16.0,7.0
1357,14.0,6.0
1358,13.0,6.0
1359,11.0,5.0
1360,9.0,3.0
1361,7.0,6.0
1362,4.0,7.0
1363,7.0,9.0
1364,8.0,10.0
1365,10.0,10.0
1366,11.0,12.0
1367,13.0,15.0
1368,13.0,17.0
1369,13.0,19.0
1370,13.0,19.0
1371,14.0,19.0
1372,15.0,20.0
1373,15.0,23.0
1374,18.0,24.0
1375,15.0,19.0
1376,16.0,17.0
1377,14.0,13.0
1378,12.0,12.0
1379,11.0,13.0
1380,11.0,13.0
1381,10.0,11.0
1382,8.0,9.0
1383,7.0,7.0
1384,8.0,6.0
1385,8.0,5.0
1386,8.0,4.0
1387,8.0,5.0
1388,8.0,7.0
1389,9.0,8.0
1390,9.0,8.0
1391,10.0,10.0
1392,10.0,12.0
1393,12.0,16.0
1394,12.0,20.0
1395,14.0,21.0
1396,18.0,23.0
1397,18.0,25.0
1398,18.0,25.0
1399,17.0,21.0
1400,16.0,21.0
1401,13.0,22.0
1402,10.0,23.0
1403,9.0,22.0
1404,10.0,21.0
1405,10.0,19.0
1406,6.0,18.0
1407,7.0,19.0
1408,5.0,18.0
1409,2.0,17.0
1410,3.0,14.0
1411,3.0,16.0
1412,4.0,19.0
1413,5.0,19.0
1414,8.0,19.0
1415,8.0,19.0
1416,9.0,20.0
1417,11.0,21.0
1418,13.0,22.0
1419,15.0,22.0
1420,17.0,23.0
1421,18.0,23.0
1422,20.0,23.0
1423,17.0,20.0
1424,14.0,20.0
1425,17.0,19.0
1426,17.0,16.0
1427,16.0,13.0
1428,14.0,13.0
1429,13.0,11.0
1430,12.0,10.0
1431,11.0,10.0
1432,7.0,9.0
1433,8.0,10.0
1434,7.0,8.0
1435,7.0,10.0
1436,9.0,10.0
1437,12.0,12.0
1438,14.0,13.0
1439,14.0,14.0
1440,14.0,14.0
1441,14.0,17.0
1442,14.0,18.0
1443,14.0,20.0
1444,16.0,21.0
1445,16.0,21.0
1446,17.0,23.0
1447,14.0,21.0
1448,13.0,18.0
1449,13.0,17.0
1450,9.0,17.0
1451,6.0,15.0
1452,9.0,15.0
1453,7.0,16.0
1454,6.0,17.0
1455,7.0,14.0
1456,8.0,15.0
1457,7.0,15.0
1458,6.0,11.0
1459,7.0,12.0
1460,8.0,14.0
1461,9.0,17.0
1462,11.0,17.0
1463,13.0,18.0
1464,13.0,21.0
1465,14.0,21.0
1466,14.0,21.0
1467,16.0,22.0
1468,18.0,23.0
1469,19.0,23.0
1470,20.0,24.0
1471,16.0,19.0
1472,14.0,16.0
1473,12.0,15.0
1474,12.0,16.0
1475,14.0,15.0
1476,16.0,15.0
1477,14.0,13.0
1478,14.0,12.0
1479,11.0,10.0
1480,9.0,5.0
1481,6.0,4.0
1482,4.0,4.0
1483,4.0,6.0
1484,4.0,7.0
1485,5.0,8.0
1486,6.0,8.0
1487,6.0,9.0
1488,6.0,10.0
1489,6.0,11.0
1490,6.0,12.0
1491,6.0,12.0
1492,8.0,14.0
1493,8.0,14.0
1494,9.0,15.0
1495,5.0,11.0
1496,5.0,9.0
1497,7.0,9.0
1498,7.0,9.0
1499,7.0,9.0
1500,9.0,9.0
1501,8.0,10.0
1502,5.0,8.0
1503,4.0,6.0
1504,2.0,7.0
1505,1.0,7.0
1506,2.0,6.0
1507,3.0,7.0
1508,6.0,7.0
1509,7.0,9.0
1510,7.0,10.0
1511,9.0,11.0
1512,10.0,13.0
1513,10.0,15.0
1514,10.0,16.0
1515,10.0,20.0
1516,11.0,21.0
1517,13.0,22.0
1518,14.0,22.0
1519,11.0,17.0
1520,9.0,17.0
1521,7.0,16.0
1522,6.0,16.0
1523,4.0,13.0
1524,2.0,11.0
1525,1.0,8.0
1526,1.0,7.0
1527,3.0,8.0
1528,5.0,7.0
1529,4.0,5.0
1530,4.0,4.0
1531,5.0,5.0
1532,6.0,7.0
1533,7.0,8.0
1534,8.0,9.0
1535,8.0,11.0
1536,8.0,13.0
1537,9.0,14.0
1538,9.0,17.0
1539,9.0,17.0
1540,10.0,17.0
1541,12.0,17.0
1542,13.0,18.0
1543,9.0,16.0
1544,6.0,15.0
1545,6.0,15.0
1546,6.0,15.0
1547,6.0,16.0
1548,8.0,13.0
1549,5.0,14.0
1550,4.0,15.0
1551,4.0,13.0
1552,5.0,11.0
1553,2.0,9.0
1554,3.0,8.0
1555,4.0,8.0
1556,5.0,9.0
1557,7.0,11.0
1558,8.0,11.0
1559,8.0,11.0
1560,9.0,13.0
1561,10.0,15.0
1562,12.0,16.0
1563,13.0,17.0
1564,15.0,17.0
1565,16.0,20.0
1566,17.0,21.0
1567,14.0,18.0
1568,11.0,15.0
1569,10.0,15.0
1570,11.0,15.0
1571,12.0,14.0
1572,10.0,13.0
1573,10.0,12.0
1574,6.0,11.0
1575,3.0,11.0
1576,2.0,11.0
1577,1.0,10.0
1578,2.0,9.0
1579,5.0,10.0
1580,5.0,10.0
1581,7.0,10.0
1582,8.0,11.0
1583,8.0,13.0
1584,9.0,14.0
1585,12.0,15.0
1586,13.0,19.0
1587,13.0,22.0
1588,14.0,25.0
1589,15.0,25.0
1590,18.0,27.0
1591,12.0,23.0
1592,11.0,20.0
1593,10.0,17.0
1594,9.0,16.0
1595,9.0,15.0
1596,7.0,15.0
1597,7.0,11.0
1598,8.0,10.0
1599,6.0,10.0
1600,4.0,10.0
1601,2.0,10.0
1602,4.0,8.0
1603,4.0,9.0
1604,6.0,11.0
1605,6.0,13.0
1606,8.0,13.0
1607,8.0,13.0
1608,12.0,13.0
1609,13.0,14.0
1610,14.0,14.0
1611,15.0,16.0
1612,17.0,18.0
1613,17.0,18.0
1614,17.0,19.0
1615,13.0,17.0
1616,11.0,13.0
1617,10.0,15.0
1618,9.0,13.0
1619,10.0,11.0
1620,13.0,9.0
1621,14.0,7.0
1622,14.0,7.0
1623,13.0,7.0
1624,10.0,5.0
1625,9.0,2.0
1626,7.0,4.0
1627,7.0,4.0
1628,7.0,4.0
1629,10.0,5.0
1630,12.0,6.0
1631,14.0,9.0
1632,15.0,10.0
1633,15.0,11.0
1634,15.0,12.0
1635,15.0,15.0
1636,15.0,16.0
1637,16.0,16.0
1638,16.0,17.0
1639,16.0,14.0
1640,14.0,12.0
1641,11.0,14.0
1642,7.0,12.0
1643,4.0,13.0
1644,4.0,10.0
1645,3.0,9.0
1646,5.0,8.0
1647,5.0,7.0
1648,3.0,3.0
1649,3.0,2.0
1650,2.0,2.0
1651,3.0,4.0
1652,6.0,6.0
1653,9.0,8.0
1654,10.0,9.0
1655,11.0,10.0
1656,11.0,10.0
1657,11.0,10.0
1658,15.0,11.0
1659,15.0,12.0
1660,15.0,13.0
1661,15.0,13.0
1662,16.0,13.0
1663,16.0,10.0
1664,12.0,10.0
1665,10.0,10.0
1666,11.0,11.0
1667,11.0,7.0
1668,9.0,4.0
1669,6.0,3.0
1670,4.0,2.0
1671,5.0,1.0
1672,3.0,1.0
1673,2.0,3.0
1674,2.0,3.0
1675,2.0,5.0
1676,3.0,5.0
1677,4.0,6.0
1678,5.0,6.0
1679,5.0,7.0
1680,6.0,8.0
1681,7.0,9.0
1682,8.0,10.0
1683,11.0,11.0
1684,13.0,11.0
1685,14.0,12.0
1686,16.0,13.0
1687,12.0,13.0
1688,11.0,10.0
1689,14.0,7.0
1690,15.0,6.0
1691,15.0,6.0
1692,14.0,4.0
1693,13.0,2.0
1694,12.0,2.0
1695,12.0,1.0
1696,10.0,1.0
1697,8.0,0.0
1698,7.0,0.0
1699,9.0,1.0
1700,11.0,1.0
1701,15.0,2.0
1702,15.0,2.0
1703,15.0,2.0
1704,15.0,2.0
1705,17.0,2.0
1706,17.0,3.0
1707,17.0,4.0
1708,17.0,4.0
1709,17.0,5.0
1710,19.0,7.0
1711,14.0,4.0
1712,11.0,3.0
1713,10.0,4.0
1714,8.0,6.0
1715,6.0,5.0
1716,5.0,3.0
1717,5.0,1.0
1718,4.0,2.0
1719,2.0,1.0
1720,2.0,2.0
1721,1.0,2.0
1722,1.0,1.0
1723,2.0,1.0
1724,2.0,2.0
1725,3.0,6.0
1726,3.0,7.0
1727,3.0,7.0
1728,4.0,8.0
1729,5.0,9.0
1730,5.0,10.0
1731,6.0,11.0
1732,6.0,11.0
1733,6.0,11.0
1734,7.0,12.0
1735,5.0,10.0
1736,4.0,10.0
1737,5.0,9.0
1738,6.0,6.0
1739,6.0,4.0
1740,5.0,4.0
1741,4.0,4.0
1742,1.0,6.0
1743,3.0,5.0
1744,2.0,4.0
1745,3.0,1.0
1746,2.0,0.0
1747,4.0,2.0
1748,4.0,4.0
1749,5.0,6.0
1750,6.0,8.0
1751,6.0,10.0
1752,8.0,11.0
1753,8.0,11.0
1754,8.0,11.0
1755,8.0,12.0
1756,8.0,13.0
1757,10.0,14.0
1758,10.0,14.0
1759,8.0,10.0
1760,5.0,9.0
1761,5.0,8.0
1762,4.0,7.0
1763,4.0,6.0
1764,3.0,7.0
1765,1.0,8.0
1766,1.0,5.0
1767,2.0,5.0
1768,5.0,3.0
1769,3.0,3.0
1770,2.0,4.0
1771,3.0,5.0
1772,4.0,5.0
1773,7.0,7.0
1774,7.0,8.0
1775,7.0,9.0
1776,9.0,10.0
1777,10.0,11.0
1778,10.0,12.0
1779,12.0,12.0
1780,13.0,15.0
1781,13.0,15.0
1782,13.0,17.0
1783,11.0,10.0
1784,7.0,9.0
1785,4.0,10.0
1786,4.0,9.0
1787,3.0,10.0
1788,2.0,8.0
1789,1.0,9.0
1790,3.0,8.0
1791,3.0,5.0
1792,2.0,4.0
1793,1.0,2.0
1794,2.0,2.0
1795,3.0,2.0
1796,9.0,4.0
1797,9.0,5.0
1798,9.0,6.0
1799,9.0,7.0
1800,9.0,8.0
1801,10.0,12.0
1802,10.0,13.0
1803,12.0,14.0
1804,13.0,16.0
1805,13.0,16.0
1806,14.0,16.0
1807,12.0,15.0
1808,11.0,14.0
1809,7.0,13.0
1810,7.0,14.0
1811,7.0,12.0
1812,7.0,15.0
1813,6.0,12.0
1814,5.0,13.0
1815,3.0,10.0
1816,1.0,9.0
1817,1.0,8.0
1818,5.0,4.0
1819,5.0,4.0
1820,8.0,5.0
1821,9.0,5.0
1822,9.0,7.0
1823,10.0,8.0
1824,11.0,9.0
1825,11.0,9.0
1826,11.0,10.0
1827,11.0,14.0
1828,12.0,15.0
1829,14.0,15.0
1830,15.0,16.0
1831,11.0,15.0
1832,7.0,15.0
1833,6.0,14.0
1834,8.0,15.0
1835,10.0,17.0
1836,14.0,15.0
1837,8.0,14.0
1838,2.0,10.0
1839,1.0,12.0
1840,3.0,12.0
1841,2.0,10.0
1842,3.0,10.0
1843,3.0,10.0
1844,4.0,10.0
1845,4.0,10.0
1846,4.0,10.0
1847,5.0,11.0
1848,7.0,11.0
1849,7.0,11.0
1850,8.0,11.0
1851,9.0,11.0
1852,9.0,11.0
1853,9.0,11.0
1854,11.0,11.0
1855,8.0,8.0
1856,6.0,7.0
1857,8.0,9.0
1858,11.0,7.0
1859,10.0,7.0
1860,11.0,6.0
1861,10.0,4.0
1862,4.0,1.0
1863,2.0,2.0
1864,1.0,2.0
1865,1.0,1.0
1866,4.0,2.0
1867,5.0,2.0
1868,7.0,4.0
1869,9.0,5.0
1870,9.0,5.0
1871,9.0,7.0
1872,10.0,8.0
1873,10.0,8.0
1874,11.0,9.0
1875,11.0,9.0
1876,12.0,9.0
1877,13.0,12.0
1878,13.0,14.0
1879,8.0,10.0
1880,6.0,9.0
1881,5.0,11.0
1882,5.0,9.0
1883,6.0,9.0
1884,5.0,7.0
1885,4.0,6.0
1886,4.0,8.0
1887,5.0,5.0
1888,6.0,4.0
1889,6.0,2.0
1890,2.0,1.0
1891,3.0,2.0
1892,4.0,5.0
1893,4.0,5.0
1894,5.0,7.0
1895,7.0,7.0
1896,8.0,8.0
1897,10.0,9.0
1898,10.0,9.0
1899,11.0,10.0
1900,11.0,11.0
1901,11.0,12.0
1902,11.0,14.0
1903,7.0,10.0
1904,7.0,11.0
1905,6.0,10.0
1906,7.0,9.0
1907,4.0,6.0
1908,3.0,7.0
1909,3.0,6.0
1910,4.0,6.0
1911,4.0,9.0
1912,3.0,4.0
1913,3.0,4.0
1914,3.0,2.0
1915,5.0,2.0
1916,7.0,5.0
1917,8.0,5.0
1918,9.0,6.0
1919,11.0,8.0
1920,14.0,8.0
1921,15.0,8.0
1922,15.0,9.0
1923,17.0,10.0
1924,19.0,10.0
1925,19.0,13.0
1926,23.0,14.0
1927,20.0,13.0
1928,18.0,10.0
1929,18.0,10.0
1930,19.0,10.0
1931,17.0,9.0
1932,12.0,8.0
1933,9.0,7.0
1934,10.0,6.0
1935,8.0,6.0
1936,7.0,6.0
1937,6.0,2.0
1938,3.0,0.0
1939,5.0,0.0
1940,5.0,1.0
1941,5.0,4.0
1942,7.0,6.0
1943,7.0,9.0
1944,7.0,11.0
1945,8.0,11.0
1946,8.0,11.0
1947,8.0,13.0
1948,11.0,15.0
1949,12.0,16.0
1950,14.0,16.0
1951,11.0,11.0
1952,10.0,12.0
1953,9.0,12.0
1954,10.0,12.0
1955,12.0,11.0
1956,13.0,10.0
1957,10.0,9.0
1958,11.0,6.0
1959,7.0,5.0
1960,7.0,7.0
1961,4.0,5.0
1962,4.0,4.0
1963,4.0,5.0
1964,4.0,5.0
1965,6.0,6.0
1966,9.0,6.0
1967,9.0,7.0
1968,9.0,8.0
1969,9.0,9.0
1970,10.0,12.0
1971,11.0,13.0
1972,13.0,13.0
1973,15.0,15.0
1974,17.0,15.0
1975,15.0,12.0
1976,15.0,11.0
1977,15.0,11.0
1978,13.0,10.0
1979,10.0,10.0
1980,11.0,9.0
1981,12.0,10.0
1982,9.0,8.0
1983,6.0,5.0
1984,5.0,3.0
1985,4.0,5.0
1986,3.0,4.0
1987,3.0,4.0
1988,3.0,5.0
1989,3.0,7.0
1990,4.0,9.0
1991,4.0,11.0
1992,4.0,11.0
1993,4.0,11.0
1994,4.0,12.0
1995,4.0,13.0
1996,4.0,13.0
1997,5.0,13.0
1998,7.0,13.0
1999,6.0,10.0
2000,5.0,9.0
2001,5.0,7.0
2002,3.0,6.0
2003,3.0,5.0
2004,4.0,5.0
2005,3.0,5.0
2006,3.0,6.0
2007,3.0,5.0
2008,3.0,2.0
2009,3.0,0.0
2010,2.0,3.0
2011,3.0,4.0
2012,3.0,5.0
2013,3.0,6.0
2014,5.0,6.0
2015,7.0,7.0
2016,7.0,10.0
2017,7.0,11.0
2018,7.0,11.0
2019,8.0,11.0
2020,8.0,12.0
2021,8.0,13.0
2022,9.0,13.0
2023,4.0,12.0
2024,5.0,10.0
2025,6.0,9.0
2026,5.0,8.0
2027,3.0,7.0
2028,3.0,7.0
2029,6.0,5.0
2030,5.0,4.0
2031,7.0,2.0
2032,6.0,2.0
2033,3.0,2.0
2034,4.0,2.0
2035,5.0,2.0
2036,5.0,4.0
2037,6.0,5.0
2038,6.0,5.0
2039,6.0,6.0
2040,6.0,6.0
2041,7.0,7.0
2042,9.0,8.0
2043,9.0,9.0
2044,9.0,10.0
2045,10.0,10.0
2046,11.0,11.0
2047,10.0,7.0
2048,10.0,4.0
2049,11.0,5.0
2050,10.0,4.0
2051,7.0,4.0
2052,4.0,4.0
2053,3.0,3.0
2054,1.0,4.0
2055,0.0,6.0
2056,0.0,5.0
2057,1.0,8.0
2058,3.0,6.0
2059,4.0,9.0
2060,5.0,10.0
2061,7.0,11.0
2062,8.0,12.0
2063,8.0,13.0
2064,8.0,14.0
2065,9.0,15.0
2066,9.0,15.0
2067,10.0,16.0
2068,10.0,18.0
2069,12.0,18.0
2070,13.0,18.0
2071,11.0,11.0
2072,9.0,10.0
2073,8.0,7.0
2074,7.0,6.0
2075,6.0,7.0
2076,5.0,7.0
2077,5.0,6.0
2078,5.0,5.0
2079,4.0,6.0
2080,2.0,5.0
2081,0.0,5.0
2082,0.0,5.0
2083,2.0,6.0
2084,3.0,6.0
2085,4.0,6.0
2086,6.0,6.0
2087,7.0,8.0
2088,8.0,9.0
2089,8.0,11.0
2090,11.0,11.0
2091,11.0,15.0
2092,11.0,15.0
2093,11.0,15.0
2094,13.0,16.0
2095,10.0,11.0
2096,9.0,7.0
2097,9.0,8.0
2098,9.0,9.0
2099,8.0,7.0
2100,6.0,8.0
2101,6.0,7.0
2102,4.0,4.0
2103,2.0,1.0
2104,2.0,1.0
2105,4.0,1.0
2106,6.0,2.0
2107,6.0,3.0
2108,7.0,3.0
2109,7.0,4.0
2110,7.0,6.0
2111,8.0,7.0
2112,10.0,8.0
2113,11.0,8.0
2114,11.0,9.0
2115,14.0,9.0
2116,15.0,9.0
2117,20.0,10.0
2118,21.0,11.0
2119,17.0,10.0
2120,16.0,8.0
2121,14.0,7.0
2122,13.0,6.0
2123,13.0,5.0
2124,16.0,5.0
2125,16.0,5.0
2126,14.0,4.0
2127,11.0,1.0
2128,10.0,2.0
2129,10.0,3.0
2130,4.0,3.0
2131,6.0,3.0
2132,6.0,8.0
2133,9.0,14.0
2134,10.0,15.0
2135,12.0,15.0
2136,13.0,16.0
2137,13.0,18.0
2138,13.0,20.0
2139,14.0,21.0
2140,15.0,21.0
2141,15.0,23.0
2142,16.0,23.0
2143,12.0,18.0
2144,11.0,17.0
2145,10.0,17.0
2146,9.0,16.0
2147,9.0,13.0
2148,9.0,10.0
2149,9.0,10.0
2150,7.0,12.0
2151,4.0,14.0
2152,4.0,12.0
2153,3.0,10.0
2154,3.0,7.0
2155,3.0,8.0
2156,3.0,9.0
2157,4.0,9.0
2158,4.0,10.0
2159,4.0,13.0
2160,5.0,13.0
2161,6.0,14.0
2162,7.0,14.0
2163,7.0,15.0
2164,7.0,17.0
2165,8.0,20.0
2166,11.0,22.0
2167,9.0,20.0
2168,7.0,18.0
2169,8.0,18.0
2170,7.0,17.0
2171,10.0,18.0
2172,9.0,16.0
2173,8.0,15.0
2174,6.0,13.0
2175,4.0,11.0
2176,1.0,10.0
2177,1.0,7.0
2178,2.0,5.0
2179,4.0,7.0
2180,4.0,7.0
2181,4.0,7.0
2182,6.0,8.0
2183,6.0,9.0
2184,7.0,11.0
2185,8.0,13.0
2186,10.0,13.0
2187,11.0,16.0
2188,12.0,17.0
2189,12.0,20.0
2190,15.0,20.0
2191,10.0,18.0
2192,9.0,15.0
2193,8.0,16.0
2194,7.0,18.0
2195,8.0,20.0
2196,7.0,21.0
2197,7.0,16.0
2198,7.0,15.0
2199,5.0,11.0
2200,6.0,10.0
2201,7.0,7.0
2202,4.0,5.0
2203,4.0,5.0
2204,4.0,9.0
2205,5.0,9.0
2206,6.0,9.0
2207,8.0,10.0
2208,10.0,11.0
2209,11.0,12.0
2210,12.0,12.0
2211,13.0,12.0
2212,14.0,12.0
2213,14.0,13.0
2214,14.0,14.0
2215,9.0,13.0
2216,11.0,12.0
2217,9.0,10.0
2218,10.0,10.0
2219,9.0,8.0
2220,6.0,8.0
2221,6.0,7.0
2222,5.0,5.0
2223,7.0,5.0
2224,8.0,6.0
2225,5.0,7.0
2226,2.0,4.0
2227,2.0,5.0
2228,4.0,5.0
2229,5.0,6.0
2230,5.0,6.0
2231,5.0,7.0
2232,7.0,7.0
2233,7.0,8.0
2234,8.0,9.0
2235,8.0,9.0
2236,9.0,12.0
2237,10.0,13.0
2238,11.0,15.0
2239,9.0,11.0
2240,7.0,8.0
2241,6.0,10.0
2242,5.0,11.0
2243,4.0,10.0
2244,5.0,11.0
2245,4.0,8.0
2246,3.0,5.0
2247,2.0,6.0
2248,1.0,5.0
2249,2.0,5.0
2250,1.0,4.0
2251,2.0,5.0
2252,4.0,6.0
2253,4.0,6.0
2254,4.0,7.0
2255,7.0,9.0
2256,8.0,9.0
2257,9.0,10.0
2258,9.0,11.0
2259,12.0,12.0
2260,12.0,13.0
2261,13.0,13.0
2262,15.0,13.0
2263,12.0,10.0
2264,10.0,8.0
2265,9.0,7.0
2266,8.0,6.0
2267,8.0,5.0
2268,6.0,5.0
2269,6.0,2.0
2270,4.0,0.0
2271,3.0,1.0
2272,3.0,2.0
2273,2.0,2.0
2274,2.0,1.0
2275,4.0,1.0
2276,4.0,4.0
2277,6.0,5.0
2278,8.0,5.0
2279,8.0,6.0
2280,8.0,7.0
2281,9.0,7.0
2282,10.0,9.0
2283,12.0,9.0
2284,14.0,10.0
2285,14.0,13.0
2286,15.0,15.0
2287,13.0,11.0
2288,12.0,10.0
2289,10.0,10.0
2290,11.0,9.0
2291,10.0,8.0
2292,9.0,10.0
2293,8.0,10.0
2294,6.0,7.0
2295,4.0,3.0
2296,5.0,1.0
2297,5.0,2.0
2298,4.0,5.0
2299,7.0,6.0
2300,8.0,7.0
2301,9.0,8.0
2302,9.0,9.0
2303,10.0,11.0
2304,12.0,12.0
2305,13.0,13.0
2306,14.0,15.0
2307,14.0,16.0
2308,14.0,17.0
2309,14.0,18.0
2310,15.0,18.0
2311,12.0,13.0
2312,11.0,11.0
2313,10.0,10.0
2314,8.0,9.0
2315,9.0,9.0
2316,8.0,10.0
2317,7.0,7.0
2318,5.0,7.0
2319,4.0,4.0
2320,4.0,5.0
2321,2.0,5.0
2322,0.0,3.0
2323,1.0,3.0
2324,3.0,3.0
2325,3.0,4.0
2326,4.0,5.0
2327,5.0,5.0
2328,6.0,6.0
2329,7.0,7.0
2330,7.0,9.0
2331,8.0,10.0
2332,8.0,11.0
2333,10.0,12.0
2334,11.0,12.0
2335,10.0,7.0
2336,10.0,7.0
2337,12.0,8.0
2338,12.0,9.0
2339,10.0,9.0
2340,10.0,9.0
2341,10.0,7.0
2342,8.0,5.0
2343,7.0,5.0
2344,6.0,2.0
2345,6.0,1.0
2346,6.0,0.0
2347,6.0,1.0
2348,6.0,2.0
2349,6.0,2.0
2350,8.0,3.0
2351,11.0,4.0
2352,14.0,4.0
2353,15.0,4.0
2354,15.0,5.0
2355,16.0,7.0
2356,17.0,9.0
2357,17.0,9.0
2358,18.0,10.0
2359,17.0,8.0
2360,14.0,9.0
2361,14.0,10.0
2362,12.0,10.0
2363,10.0,8.0
2364,9.0,4.0
2365,7.0,4.0
2366,5.0,3.0
2367,3.0,4.0
2368,5.0,2.0
2369,6.0,3.0
2370,4.0,3.0
2371,4.0,3.0
2372,5.0,3.0
2373,6.0,3.0
2374,7.0,3.0
2375,9.0,3.0
2376,9.0,5.0
2377,9.0,7.0
2378,11.0,9.0
2379,14.0,10.0
2380,14.0,10.0
2381,15.0,11.0
2382,17.0,14.0
2383,16.0,12.0
2384,13.0,12.0
2385,11.0,13.0
2386,11.0,12.0
2387,11.0,9.0
2388,10.0,8.0
2389,10.0,9.0
2390,8.0,9.0
2391,8.0,8.0
2392,5.0,5.0
2393,4.0,4.0
2394,4.0,3.0
2395,4.0,3.0
2396,4.0,4.0
2397,4.0,6.0
2398,5.0,6.0
2399,6.0,7.0
2400,6.0,7.0
2401,7.0,9.0
2402,7.0,9.0
2403,8.0,11.0
2404,11.0,13.0
2405,11.0,14.0
2406,11.0,17.0
2407,10.0,15.0
2408,9.0,15.0
2409,9.0,14.0
2410,9.0,14.0
2411,10.0,13.0
2412,7.0,13.0
2413,8.0,14.0
2414,6.0,13.0
2415,3.0,11.0
2416,1.0,8.0
2417,3.0,5.0
2418,4.0,1.0
2419,4.0,3.0
2420,4.0,4.0
2421,5.0,5.0
2422,5.0,6.0
2423,7.0,6.0
2424,8.0,7.0
2425,12.0,7.0
2426,13.0,7.0
2427,13.0,8.0
2428,14.0,9.0
2429,17.0,10.0
2430,19.0,10.0
2431,19.0,8.0
2432,19.0,10.0
2433,18.0,10.0
2434,16.0,9.0
2435,16.0,8.0
2436,15.0,8.0
2437,11.0,6.0
2438,10.0,6.0
2439,8.0,5.0
2440,7.0,4.0
2441,8.0,2.0
2442,7.0,1.0
2443,7.0,1.0
2444,7.0,3.0
2445,9.0,3.0
2446,9.0,3.0
2447,10.0,5.0
2448,10.0,6.0
2449,10.0,6.0
2450,10.0,8.0
2451,10.0,10.0
2452,10.0,11.0
2453,15.0,12.0
2454,15.0,14.0
2455,11.0,13.0
2456,9.0,12.0
2457,7.0,12.0
2458,6.0,11.0
2459,6.0,10.0
2460,7.0,9.0
2461,8.0,9.0
2462,9.0,10.0
2463,9.0,8.0
2464,6.0,6.0
2465,3.0,3.0
2466,2.0,3.0
2467,4.0,5.0
2468,6.0,5.0
2469,7.0,5.0
2470,7.0,8.0
2471,9.0,9.0
2472,10.0,10.0
2473,12.0,11.0
2474,12.0,13.0
2475,14.0,14.0
2476,14.0,15.0
2477,14.0,16.0
2478,16.0,16.0
2479,12.0,15.0
2480,12.0,14.0
2481,12.0,14.0
2482,13.0,14.0
2483,12.0,15.0
2484,10.0,16.0
2485,9.0,15.0
2486,10.0,14.0
2487,7.0,11.0
2488,4.0,7.0
2489,4.0,7.0
2490,3.0,5.0
2491,5.0,6.0
2492,5.0,8.0
2493,6.0,8.0
2494,8.0,9.0
2495,8.0,9.0
2496,9.0,10.0
2497,10.0,12.0
2498,11.0,14.0
2499,12.0,14.0
2500,12.0,14.0
2501,14.0,15.0
2502,15.0,15.0
2503,14.0,13.0
2504,12.0,11.0
2505,12.0,11.0
2506,10.0,11.0
2507,9.0,9.0
2508,10.0,8.0
2509,8.0,7.0
2510,5.0,6.0
2511,6.0,7.0
2512,4.0,6.0
2513,3.0,4.0
2514,1.0,4.0
2515,2.0,6.0
2516,2.0,6.0
2517,3.0,8.0
2518,5.0,9.0
2519,6.0,10.0
2520,7.0,10.0
2521,10.0,10.0
2522,12.0,10.0
2523,12.0,10.0
2524,12.0,12.0
2525,13.0,13.0
2526,13.0,14.0
2527,12.0,11.0
2528,10.0,7.0
2529,10.0,8.0
2530,9.0,9.0
2531,14.0,9.0
2532,17.0,8.0
2533,16.0,6.0
2534,12.0,6.0
2535,9.0,4.0
2536,4.0,3.0
2537,4.0,2.0
2538,2.0,6.0
2539,7.0,6.0
2540,9.0,7.0
2541,9.0,9.0
2542,11.0,11.0
2543,13.0,12.0
2544,16.0,13.0
2545,16.0,13.0
2546,17.0,14.0
2547,17.0,19.0
2548,19.0,22.0
2549,19.0,23.0
2550,22.0,23.0
2551,20.0,21.0
2552,18.0,18.0
2553,20.0,16.0
2554,19.0,16.0
2555,17.0,17.0
2556,16.0,15.0
2557,15.0,14.0
2558,15.0,12.0
2559,12.0,7.0
2560,10.0,5.0
2561,8.0,1.0
2562,6.0,2.0
2563,7.0,4.0
2564,10.0,5.0
2565,11.0,7.0
2566,14.0,7.0
2567,15.0,8.0
2568,15.0,10.0
2569,17.0,11.0
2570,19.0,11.0
2571,20.0,11.0
2572,25.0,12.0
2573,25.0,13.0
2574,26.0,17.0
2575,25.0,15.0
2576,21.0,12.0
2577,19.0,11.0
2578,17.0,12.0
2579,16.0,13.0
2580,14.0,12.0
2581,15.0,12.0
2582,15.0,14.0
2583,14.0,12.0
2584,9.0,10.0
2585,8.0,8.0
2586,8.0,6.0
2587,8.0,6.0
2588,8.0,7.0
2589,8.0,8.0
2590,9.0,8.0
2591,10.0,11.0
2592,10.0,11.0
2593,12.0,14.0
2594,12.0,14.0
2595,15.0,17.0
2596,16.0,18.0
2597,18.0,18.0
2598,18.0,19.0
2599,15.0,19.0
2600,14.0,17.0
2601,13.0,15.0
2602,15.0,12.0
2603,15.0,11.0
2604,13.0,10.0
2605,8.0,8.0
2606,4.0,7.0
2607,6.0,4.0
2608,7.0,3.0
2609,6.0,3.0
2610,5.0,1.0
2611,7.0,2.0
2612,7.0,3.0
2613,8.0,5.0
2614,9.0,7.0
2615,9.0,9.0
2616,10.0,11.0
2617,11.0,11.0
2618,12.0,11.0
2619,14.0,11.0
2620,16.0,14.0
2621,17.0,15.0
2622,18.0,17.0
2623,17.0,16.0
2624,15.0,18.0
2625,16.0,18.0
2626,15.0,16.0
2627,17.0,13.0
2628,14.0,11.0
2629,15.0,12.0
2630,13.0,10.0
2631,9.0,8.0
2632,7.0,4.0
2633,6.0,3.0
2634,5.0,2.0
2635,6.0,3.0
2636,7.0,4.0
2637,7.0,5.0
2638,8.0,6.0
2639,9.0,6.0
2640,10.0,6.0
2641,10.0,7.0
2642,12.0,8.0
2643,12.0,10.0
2644,13.0,11.0
2645,13.0,12.0
2646,13.0,15.0
2647,11.0,12.0
2648,10.0,10.0
2649,9.0,12.0
2650,12.0,11.0
2651,13.0,12.0
2652,12.0,11.0
2653,9.0,9.0
2654,8.0,8.0
2655,11.0,7.0
2656,9.0,8.0
2657,7.0,5.0
2658,6.0,4.0
2659,6.0,6.0
2660,7.0,8.0
2661,8.0,9.0
2662,8.0,10.0
2663,10.0,10.0
2664,10.0,10.0
2665,11.0,11.0
2666,11.0,12.0
2667,12.0,12.0
2668,13.0,14.0
2669,15.0,14.0
2670,17.0,16.0
2671,13.0,12.0
2672,12.0,7.0
2673,11.0,8.0
2674,12.0,8.0
2675,13.0,10.0
2676,9.0,10.0
2677,8.0,8.0
2678,8.0,4.0
2679,8.0,4.0
2680,11.0,5.0
2681,10.0,4.0
2682,7.0,4.0
2683,7.0,7.0
2684,8.0,8.0
2685,11.0,8.0
2686,14.0,10.0
2687,14.0,12.0
2688,15.0,14.0
2689,16.0,16.0
2690,17.0,16.0
2691,20.0,16.0
2692,21.0,18.0
2693,23.0,20.0
2694,25.0,22.0
2695,23.0,21.0
2696,23.0,18.0
2697,21.0,16.0
2698,19.0,17.0
2699,17.0,17.0
2700,13.0,16.0
2701,13.0,14.0
2702,14.0,10.0
2703,14.0,8.0
2704,15.0,6.0
2705,12.0,7.0
2706,7.0,6.0
2707,8.0,7.0
2708,8.0,8.0
2709,8.0,8.0
2710,10.0,9.0
2711,10.0,9.0
2712,11.0,11.0
2713,12.0,11.0
2714,14.0,14.0
2715,16.0,14.0
2716,17.0,14.0
2717,19.0,14.0
2718,19.0,14.0
2719,13.0,10.0
2720,9.0,7.0
2721,9.0,9.0
2722,8.0,9.0
2723,10.0,9.0
2724,10.0,8.0
2725,9.0,5.0
2726,7.0,2.0
2727,6.0,2.0
2728,8.0,1.0
2729,7.0,2.0
2730,8.0,2.0
2731,10.0,3.0
2732,11.0,4.0
2733,12.0,5.0
2734,12.0,5.0
2735,13.0,6.0
2736,15.0,8.0
2737,16.0,9.0
2738,16.0,10.0
2739,16.0,12.0
2740,17.0,12.0
2741,18.0,14.0
2742,18.0,15.0
2743,11.0,11.0
2744,9.0,12.0
2745,8.0,15.0
2746,10.0,14.0
2747,13.0,11.0
2748,9.0,9.0
2749,8.0,7.0
2750,8.0,7.0
2751,6.0,5.0
2752,3.0,4.0
2753,3.0,2.0
2754,3.0,3.0
2755,4.0,3.0
2756,4.0,4.0
2757,5.0,5.0
2758,6.0,6.0
2759,7.0,7.0
2760,7.0,8.0
2761,7.0,11.0
2762,9.0,11.0
2763,10.0,12.0
2764,14.0,14.0
2765,15.0,14.0
2766,16.0,14.0
2767,14.0,11.0
2768,14.0,11.0
2769,14.0,12.0
2770,12.0,10.0
2771,11.0,10.0
2772,12.0,11.0
2773,12.0,9.0
2774,11.0,7.0
2775,8.0,7.0
2776,6.0,4.0
2777,4.0,4.0
2778,3.0,6.0
2779,4.0,7.0
2780,4.0,7.0
2781,4.0,8.0
2782,5.0,8.0
2783,6.0,9.0
2784,9.0,10.0
2785,11.0,11.0
2786,13.0,12.0
2787,13.0,12.0
2788,14.0,12.0
2789,14.0,13.0
2790,14.0,13.0
2791,11.0,10.0
2792,11.0,11.0
2793,11.0,11.0
2794,10.0,8.0
2795,9.0,6.0
2796,8.0,5.0
2797,6.0,7.0
2798,6.0,5.0
2799,5.0,4.0
2800,5.0,2.0
2801,7.0,3.0
2802,7.0,2.0
2803,9.0,2.0
2804,9.0,2.0
2805,11.0,3.0
2806,14.0,4.0
2807,15.0,6.0
2808,15.0,7.0
2809,19.0,8.0
2810,20.0,9.0
2811,20.0,9.0
2812,21.0,10.0
2813,23.0,10.0
2814,23.0,10.0
2815,17.0,8.0
2816,15.0,6.0
2817,17.0,6.0
2818,16.0,5.0
2819,15.0,5.0
2820,14.0,6.0
2821,16.0,9.0
2822,11.0,8.0
2823,7.0,5.0
2824,6.0,3.0
2825,3.0,2.0
2826,2.0,4.0
2827,2.0,4.0
2828,3.0,6.0
2829,5.0,6.0
2830,7.0,7.0
2831,9.0,7.0
2832,10.0,8.0
2833,11.0,8.0
2834,12.0,10.0
2835,15.0,11.0
2836,15.0,12.0
2837,15.0,12.0
2838,17.0,13.0
2839,15.0,9.0
2840,16.0,7.0
2841,17.0,9.0
2842,16.0,11.0
2843,11.0,10.0
2844,9.0,8.0
2845,9.0,8.0
2846,8.0,7.0
2847,8.0,7.0
2848,6.0,4.0
2849,3.0,5.0
2850,3.0,3.0
2851,3.0,4.0
2852,4.0,4.0
2853,5.0,5.0
2854,5.0,5.0
2855,5.0,6.0
2856,6.0,6.0
2857,7.0,6.0
2858,9.0,6.0
2859,9.0,7.0
2860,10.0,8.0
2861,12.0,12.0
2862,13.0,15.0
2863,15.0,13.0
2864,12.0,14.0
2865,10.0,15.0
2866,9.0,14.0
2867,10.0,13.0
2868,12.0,13.0
2869,9.0,14.0
2870,7.0,12.0
2871,6.0,12.0
2872,5.0,10.0
2873,4.0,9.0
2874,3.0,8.0
2875,3.0,8.0
2876,4.0,8.0
2877,7.0,8.0
2878,7.0,
2879,,
