,channel_100,channel_101,channel_102,channel_103
0,0,0,0,0
1,0,0,0,0
2,0,0,0,0
3,0,0,0,0
4,0,0,0,0
5,0,0,0,0
6,0,0,0,1
7,0,0,0,0
8,0,0,0,0
9,5,4,5,3
10,7,2,6,2
11,3,3,4,2
12,3,2,2,3
13,3,3,1,3
14,4,4,1,5
15,2,3,1,3
16,2,3,2,0
17,2,3,4,3
18,1,3,4,3
19,2,2,3,1
20,3,1,1,2
21,1,1,1,2
22,1,0,0,0
23,0,0,0,0
24,0,0,0,0
25,0,0,0,0
26,0,0,1,0
27,0,0,0,0
28,0,0,0,0
29,0,0,0,0
30,0,0,0,0
31,0,0,0,0
32,0,0,0,0
33,9,6,5,7
34,9,9,7,7
35,6,9,4,7
36,3,5,3,5
37,2,4,3,6
38,4,4,3,4
39,5,2,4,7
40,9,4,6,5
41,4,1,0,4
42,2,5,1,3
43,0,5,3,3
44,0,3,4,5
45,0,0,2,1
46,0,0,1,1
47,0,0,0,0
48,0,0,0,0
49,1,0,0,0
50,0,0,0,0
51,0,0,0,0
52,0,0,0,0
53,0,0,0,0
54,0,0,0,0
55,0,0,0,0
56,0,0,0,0
57,6,8,8,11
58,7,4,8,9
59,5,2,8,10
60,1,2,4,5
61,1,5,5,1
62,4,4,7,2
63,5,6,5,8
64,3,8,5,9
65,1,5,4,10
66,3,2,2,7
67,5,0,6,4
68,6,1,6,7
69,2,1,4,2
70,0,2,0,1
71,0,0,0,0
72,0,0,0,0
73,0,0,0,0
74,0,0,0,0
75,0,0,0,0
76,0,0,0,0
77,0,0,0,0
78,0,0,0,0
79,0,0,0,0
80,0,0,0,0
81,9,10,11,10
82,6,9,8,11
83,5,7,4,6
84,6,3,4,5
85,3,3,2,6
86,4,5,2,4
87,3,8,1,3
88,7,6,6,4
89,6,6,6,5
90,5,8,5,5
91,5,4,4,4
92,5,4,5,4
93,1,2,3,4
94,0,1,2,1
95,0,0,0,0
96,0,0,0,0
97,0,0,0,0
98,0,0,0,0
99,0,0,0,0
100,0,0,0,0
101,0,0,0,0
102,0,0,0,0
103,0,0,0,0
104,0,0,0,0
105,10,12,5,9
106,11,13,10,9
107,6,7,8,6
108,4,5,8,5
109,3,2,6,5
110,7,6,5,6
111,2,6,4,5
112,3,8,4,4
113,4,5,8,8
114,2,4,7,10
115,4,6,5,6
116,5,5,5,7
117,3,4,4,4
118,0,0,1,0
119,0,0,0,0
120,0,0,0,0
121,0,0,0,0
122,0,0,0,0
123,0,0,0,0
124,0,0,0,0
125,0,0,0,0
126,0,0,0,0
127,0,0,0,0
128,0,0,0,0
129,6,8,8,4
130,7,5,6,7
131,4,2,5,3
132,6,3,3,5
133,7,5,5,7
134,5,3,6,8
135,4,7,7,8
136,4,4,7,10
137,3,8,4,5
138,5,6,5,5
139,4,11,7,4
140,4,9,6,7
141,2,5,1,4
142,0,0,0,0
143,0,0,0,0
144,0,0,0,0
145,0,0,0,0
146,0,0,0,0
147,0,0,0,0
148,0,0,0,0
149,0,0,0,0
150,0,0,0,0
151,0,0,0,0
152,0,0,0,0
153,8,6,7,7
154,7,10,8,6
155,7,9,5,6
156,5,2,5,2
157,1,9,6,5
158,5,7,6,4
159,6,6,7,4
160,6,6,5,5
161,8,9,4,4
162,5,9,5,5
163,3,7,6,5
164,4,7,4,5
165,1,3,2,2
166,0,1,1,0
167,0,0,0,0
168,0,0,0,0
169,0,1,0,0
170,0,0,0,0
171,0,0,0,0
172,0,0,0,0
173,0,0,0,0
174,0,0,0,0
175,0,0,0,0
176,0,0,0,0
177,10,13,10,9
178,7,8,8,6
179,5,8,8,4
180,6,3,2,9
181,4,4,4,6
182,4,4,7,6
183,5,7,5,6
184,4,5,5,4
185,8,2,8,4
186,8,3,6,4
187,2,4,3,2
188,2,4,5,1
189,0,1,2,0
190,0,1,2,0
191,0,0,0,0
192,0,0,0,0
193,0,0,0,0
194,0,0,0,0
195,0,0,0,0
196,0,0,0,0
197,0,0,0,0
198,0,0,0,0
199,0,0,0,0
200,0,0,0,0
201,9,7,10,7
202,7,8,9,6
203,6,3,6,6
204,4,6,3,6
205,5,9,5,6
206,2,3,7,5
207,5,1,5,7
208,4,4,5,5
209,5,7,3,6
210,5,6,2,9
211,3,6,4,7
212,2,3,5,3
213,1,2,1,2
214,0,0,1,1
215,0,0,0,0
216,0,0,0,0
217,0,0,0,0
218,0,0,0,0
219,0,0,0,0
220,0,0,1,0
221,0,0,0,0
222,0,0,0,0
223,0,0,0,0
224,0,0,0,0
225,7,11,6,9
226,9,14,6,8
227,5,8,3,7
228,3,5,4,5
229,3,2,5,5
230,9,3,7,4
231,5,4,5,4
232,7,7,5,4
233,6,6,6,6
234,5,4,3,2
235,3,2,5,4
236,4,1,5,4
237,1,1,3,3
238,0,0,1,0
239,1,0,0,0
240,0,0,0,0
241,0,0,0,0
242,0,0,0,0
243,0,0,0,0
244,0,0,0,0
245,0,1,0,0
246,0,0,0,0
247,0,0,0,0
248,0,0,0,0
249,8,5,7,8
250,12,7,9,7
251,7,6,9,5
252,5,2,7,5
253,4,2,2,3
254,6,5,5,2
255,5,7,2,2
256,3,7,7,3
257,5,2,6,2
258,6,1,6,4
259,8,0,6,3
260,7,0,7,4
261,3,0,1,2
262,1,1,0,0
263,0,0,0,0
264,0,0,0,0
265,0,0,0,0
266,0,0,0,0
267,0,0,0,0
268,0,0,0,0
269,0,0,0,0
270,0,0,0,0
271,0,0,0,0
272,0,0,0,0
273,10,9,11,4
274,11,8,5,5
275,6,9,7,4
276,8,2,2,4
277,3,1,2,5
278,4,4,6,3
279,3,6,7,0
280,2,6,7,1
281,5,4,6,5
282,5,5,5,3
283,6,4,8,1
284,3,4,4,2
285,1,3,2,1
286,1,1,0,1
287,0,0,0,0
288,0,0,0,0
289,0,0,0,0
290,0,0,0,0
291,0,0,0,0
292,0,0,0,0
293,0,0,0,0
294,0,0,0,0
295,0,0,0,0
296,0,0,0,0
297,8,8,7,10
298,7,8,8,7
299,5,3,6,9
300,5,3,2,3
301,3,4,6,3
302,2,3,7,3
303,4,3,11,4
304,5,5,11,6
305,7,4,8,6
306,5,2,6,5
307,6,4,4,6
308,5,5,4,7
309,1,3,3,4
310,0,1,2,0
311,0,0,0,0
312,0,0,0,0
313,0,0,0,0
314,0,0,0,0
315,0,0,0,0
316,0,0,0,1
317,0,0,0,0
318,0,0,0,0
319,0,0,0,0
320,0,0,0,0
321,10,6,8,8
322,8,6,8,11
323,2,6,6,5
324,5,4,5,9
325,5,3,4,8
326,4,4,5,6
327,5,8,5,5
328,4,7,7,7
329,4,6,7,4
330,4,4,8,6
331,6,6,6,9
332,3,4,4,4
333,0,2,0,2
334,0,0,0,0
335,0,0,0,0
336,0,0,0,0
337,0,0,0,0
338,0,0,0,0
339,0,0,0,0
340,0,0,0,0
341,0,0,0,0
342,0,0,0,0
343,0,0,0,0
344,0,0,0,0
345,6,7,9,12
346,5,8,7,10
347,2,4,9,6
348,3,3,7,4
349,3,3,8,2
350,3,8,3,5
351,4,7,5,3
352,7,5,7,4
353,6,6,6,6
354,7,5,7,7
355,6,8,4,9
356,3,5,5,7
357,0,1,2,2
358,0,0,0,0
359,0,0,0,0
360,0,0,0,0
361,0,0,0,0
362,0,0,0,0
363,0,0,0,0
364,0,0,0,0
365,0,0,0,0
366,0,0,0,0
367,0,0,0,0
368,0,0,0,0
369,7,8,9,8
370,7,10,10,11
371,7,9,6,6
372,5,3,7,5
373,2,2,9,7
374,2,7,5,7
375,5,7,5,7
376,8,4,4,7
377,9,3,7,8
378,8,3,4,8
379,3,3,3,9
380,3,4,6,8
381,0,1,3,4
382,0,0,0,2
383,0,0,0,0
384,0,0,0,0
385,0,0,0,0
386,0,0,0,0
387,0,0,0,0
388,0,0,0,0
389,0,0,0,0
390,0,0,0,0
391,0,0,0,0
392,0,0,0,0
393,7,11,8,10
394,7,11,8,9
395,8,7,8,7
396,5,8,6,7
397,4,6,3,5
398,1,7,6,5
399,3,7,1,8
400,4,8,6,6
401,3,5,4,6
402,3,5,3,3
403,5,8,6,4
404,7,12,4,5
405,2,6,2,0
406,0,1,0,0
407,0,0,0,0
408,0,0,0,0
409,0,0,0,0
410,0,0,0,0
411,0,0,0,0
412,0,0,0,0
413,0,0,0,0
414,0,0,0,0
415,0,0,0,0
416,0,0,0,0
417,12,8,10,8
418,8,6,8,8
419,5,5,3,5
420,3,4,2,4
421,6,6,6,3
422,2,8,6,8
423,4,8,6,6
424,4,8,8,6
425,5,2,5,3
426,5,3,6,6
427,3,4,5,6
428,3,8,4,5
429,1,5,0,2
430,1,3,0,0
431,0,0,0,0
432,0,0,0,0
433,0,0,0,0
434,0,0,0,0
435,0,0,0,0
436,0,0,0,0
437,0,0,0,0
438,0,0,0,0
439,0,0,0,0
440,0,0,0,0
441,7,11,12,5
442,7,7,10,6
443,5,3,4,13
444,7,4,3,9
445,3,4,5,6
446,5,2,6,1
447,7,6,6,6
448,9,4,4,7
449,9,5,3,7
450,5,2,5,7
451,4,3,7,5
452,2,4,3,4
453,1,2,1,2
454,0,0,0,1
455,0,0,0,0
456,0,0,0,0
457,0,0,0,0
458,0,0,0,0
459,0,0,0,0
460,0,0,0,0
461,0,0,0,0
462,0,0,0,0
463,0,0,0,0
464,0,0,0,0
465,13,8,7,11
466,11,4,7,7
467,8,4,7,7
468,6,4,4,5
469,6,5,4,5
470,2,4,6,2
471,3,6,4,4
472,3,3,5,2
473,4,2,5,4
474,4,4,3,9
475,3,6,6,7
476,2,7,5,7
477,0,1,4,3
478,0,0,1,1
479,0,0,0,0
480,0,0,0,0
481,0,0,0,0
482,0,0,0,0
483,0,0,0,0
484,0,0,0,0
485,0,0,0,1
486,0,0,0,0
487,0,0,0,0
488,0,0,0,0
489,10,9,8,9
490,7,7,7,10
491,5,4,6,5
492,2,3,8,4
493,4,3,8,2
494,1,4,11,4
495,2,4,8,6
496,1,7,7,9
497,1,3,6,4
498,1,3,4,4
499,1,4,5,4
500,2,3,5,6
501,1,2,2,3
502,0,0,1,1
503,0,0,0,0
504,0,0,0,0
505,0,1,0,0
506,0,0,0,0
507,0,0,0,0
508,0,0,0,0
509,0,0,0,0
510,1,0,0,0
511,0,0,0,0
512,0,0,0,0
513,5,8,12,8
514,6,7,11,7
515,7,5,8,6
516,4,4,5,5
517,2,4,3,4
518,3,5,5,6
519,3,4,2,9
520,4,7,4,10
521,7,3,4,5
522,10,2,4,2
523,7,4,2,7
524,4,4,3,9
525,1,1,2,5
526,0,1,1,1
527,0,0,0,0
528,0,0,0,1
529,0,0,0,0
530,1,0,0,0
531,0,0,1,0
532,0,0,0,0
533,0,0,0,0
534,0,0,0,0
535,0,0,0,0
536,0,0,0,0
537,7,7,10,7
538,5,4,6,7
539,5,3,4,6
540,5,1,3,5
541,7,3,7,4
542,7,2,6,6
543,5,1,6,3
544,7,1,5,4
545,5,1,4,6
546,6,2,5,4
547,2,1,7,2
548,4,3,4,4
549,1,0,1,1
550,1,0,0,1
551,0,0,0,0
552,0,0,0,0
553,0,0,0,0
554,0,1,0,0
555,0,0,0,0
556,0,0,0,0
557,0,0,0,0
558,0,0,0,0
559,0,0,0,0
560,0,0,0,0
561,9,6,4,10
562,10,6,4,12
563,6,5,4,7
564,5,2,7,4
565,8,1,4,4
566,8,3,5,4
567,5,4,4,2
568,4,4,5,4
569,4,6,2,4
570,4,4,2,4
571,7,1,0,4
572,6,3,1,4
573,3,2,0,4
574,0,1,0,2
575,0,0,0,0
576,0,0,0,0
577,0,0,0,0
578,0,0,0,0
579,0,0,0,0
580,0,0,0,0
581,0,0,0,0
582,0,0,0,0
583,0,0,0,0
584,0,0,0,0
585,5,5,8,8
586,9,5,6,7
587,8,2,4,6
588,7,5,3,4
589,7,5,3,4
590,4,5,6,4
591,6,5,7,4
592,7,6,7,5
593,8,6,7,4
594,5,8,4,3
595,4,5,4,3
596,3,4,6,3
597,0,2,3,1
598,0,1,1,1
599,0,0,0,0
600,0,0,0,0
601,0,0,0,0
602,0,0,0,0
603,0,0,0,0
604,0,0,0,0
605,0,0,0,0
606,0,0,0,0
607,0,0,0,0
608,0,0,0,0
609,8,11,6,8
610,6,11,5,6
611,5,9,6,5
612,4,6,6,6
613,7,4,12,6
614,4,3,9,2
615,5,6,8,5
616,7,5,3,6
617,6,4,5,7
618,2,7,4,5
619,3,7,5,4
620,3,6,4,2
621,1,3,4,1
622,0,1,2,1
623,0,0,0,0
624,0,0,0,0
625,0,0,0,0
626,0,0,0,0
627,0,0,0,0
628,0,0,0,0
629,0,0,0,0
630,0,0,0,0
631,0,0,0,0
632,0,0,0,0
633,8,9,9,10
634,5,9,8,9
635,4,5,5,6
636,6,6,4,5
637,5,7,5,5
638,6,2,6,2
639,5,4,7,5
640,3,5,5,5
641,6,7,3,6
642,7,6,6,3
643,3,4,7,1
644,2,6,5,1
645,2,3,2,1
646,1,1,0,0
647,0,0,0,0
648,1,0,0,0
649,0,0,0,0
650,0,0,0,0
651,0,0,0,0
652,0,0,0,0
653,0,0,0,0
654,0,0,0,0
655,0,0,0,0
656,0,0,0,0
657,6,6,10,6
658,6,5,8,8
659,5,7,4,8
660,5,8,3,8
661,4,10,4,6
662,4,10,3,3
663,3,10,4,3
664,6,8,5,4
665,4,8,1,5
666,3,7,3,10
667,3,6,5,9
668,1,7,2,6
669,1,4,1,0
670,0,3,1,0
671,0,0,0,0
672,0,0,0,0
673,0,0,0,0
674,0,0,0,0
675,0,0,0,0
676,0,0,0,0
677,0,0,0,0
678,0,0,0,0
679,0,0,0,0
680,0,0,0,0
681,9,8,7,10
682,11,8,5,9
683,7,7,3,3
684,6,4,2,7
685,4,3,4,6
686,6,4,9,4
687,5,7,3,10
688,6,7,2,11
689,6,5,2,10
690,3,3,3,7
691,5,3,4,6
692,6,4,4,3
693,3,0,2,1
694,0,0,0,0
695,0,0,0,0
696,0,0,0,0
697,0,0,0,0
698,0,0,0,0
699,0,0,0,0
700,0,0,0,0
701,0,0,0,0
702,0,0,0,0
703,0,0,0,0
704,0,0,0,0
705,8,9,8,7
706,11,8,9,6
707,8,5,11,8
708,7,3,6,4
709,4,3,1,3
710,8,7,4,6
711,7,6,3,7
712,8,5,1,9
713,5,5,1,6
714,4,8,5,6
715,1,8,5,5
716,1,3,7,3
717,0,2,3,2
718,0,0,1,0
719,0,0,0,0
720,1,0,0,0
721,0,0,0,0
722,0,0,0,0
723,0,0,0,0
724,0,0,0,0
725,0,0,0,0
726,0,0,0,0
727,0,0,0,0
728,0,0,0,0
729,7,14,10,8
730,6,12,6,10
731,4,6,4,8
732,5,6,5,7
733,4,5,6,4
734,7,2,1,6
735,7,5,3,6
736,6,5,7,6
737,6,2,9,4
738,5,3,6,4
739,7,5,2,7
740,4,2,5,9
741,0,1,2,7
742,0,0,1,3
743,0,0,0,0
744,0,0,0,0
745,0,0,0,0
746,0,0,0,0
747,0,0,0,0
748,0,0,0,0
749,0,0,0,0
750,0,0,0,0
751,0,0,0,0
752,0,0,0,0
753,8,8,11,7
754,5,6,10,8
755,4,3,7,6
756,3,4,8,4
757,2,5,6,6
758,1,5,7,8
759,1,6,6,6
760,5,3,7,8
761,4,2,7,10
762,2,3,4,8
763,1,4,3,4
764,1,3,4,6
765,0,1,1,1
766,0,0,0,1
767,0,0,0,0
768,0,0,0,0
769,0,0,0,0
770,0,0,0,0
771,0,0,0,0
772,0,0,0,0
773,0,0,0,0
774,0,0,0,0
775,0,0,0,0
776,0,0,0,0
777,7,7,8,7
778,3,10,11,6
779,3,8,10,6
780,7,6,6,4
781,7,3,5,2
782,4,4,6,6
783,1,5,7,3
784,4,4,2,4
785,4,3,3,4
786,6,5,5,4
787,8,7,3,4
788,5,4,3,3
789,1,2,0,2
790,0,0,0,1
791,0,0,0,0
792,0,0,0,0
793,0,0,0,0
794,0,0,0,0
795,0,0,0,0
796,0,0,0,0
797,0,0,0,0
798,0,0,0,0
799,0,0,0,0
800,0,0,0,0
801,10,11,13,7
802,11,9,6,4
803,9,5,2,4
804,4,7,2,2
805,5,10,3,4
806,4,9,11,6
807,5,6,8,5
808,4,6,6,9
809,7,7,4,7
810,5,4,2,5
811,5,3,5,7
812,4,5,2,12
813,1,2,1,7
814,0,1,0,0
815,1,0,0,0
816,0,0,0,0
817,0,0,0,0
818,0,0,0,0
819,0,0,0,0
820,0,0,0,0
821,0,0,0,0
822,0,0,0,0
823,0,0,0,0
824,0,0,0,0
825,13,7,8,8
826,8,9,9,6
827,10,8,7,4
828,8,2,3,1
829,5,4,5,7
830,5,6,6,9
831,6,2,6,8
832,5,4,4,4
833,4,7,5,3
834,2,6,4,7
835,7,2,5,6
836,6,2,5,6
837,2,1,0,3
838,0,1,0,0
839,0,0,1,0
840,0,0,0,0
841,0,0,0,0
842,0,0,0,0
843,0,0,0,0
844,0,0,0,0
845,0,0,0,0
846,0,0,0,0
847,0,0,0,0
848,0,0,0,0
849,7,6,7,6
850,5,3,6,6
851,2,3,5,5
852,4,2,4,2
853,6,3,3,6
854,2,3,6,4
855,4,3,6,3
856,2,4,1,4
857,5,2,6,6
858,4,2,2,7
859,2,4,1,7
860,2,3,2,4
861,0,1,2,3
862,0,0,1,0
863,0,0,0,0
864,0,0,0,0
865,0,0,1,0
866,0,0,0,0
867,0,0,0,0
868,0,0,0,0
869,0,0,0,0
870,0,0,0,0
871,0,0,0,0
872,0,0,0,0
873,5,7,6,9
874,8,8,4,9
875,6,9,6,5
876,6,6,4,6
877,4,7,3,6
878,4,8,5,8
879,4,5,9,6
880,4,4,7,7
881,6,6,7,5
882,5,4,2,5
883,6,2,6,5
884,5,4,4,9
885,2,4,1,3
886,1,1,0,1
887,0,0,0,0
888,0,0,1,0
889,0,0,0,0
890,0,0,0,0
891,0,0,0,0
892,0,0,0,0
893,0,0,0,0
894,0,0,0,0
895,0,0,0,0
896,0,0,0,0
897,10,11,7,8
898,6,11,5,5
899,8,8,3,3
900,3,3,4,6
901,5,3,3,7
902,6,6,3,7
903,2,8,5,6
904,3,5,6,5
905,6,3,7,4
906,9,3,3,3
907,6,4,4,2
908,4,3,3,3
909,2,1,0,2
910,1,1,0,0
911,0,0,0,0
912,0,0,0,0
913,0,0,0,0
914,0,0,0,0
915,0,0,0,0
916,0,0,0,0
917,0,0,0,0
918,0,0,0,0
919,0,0,0,0
920,0,0,0,0
921,9,9,4,7
922,9,12,7,8
923,7,6,2,7
924,4,5,1,4
925,7,1,4,3
926,5,3,5,3
927,6,4,6,6
928,5,3,5,5
929,3,4,5,8
930,5,3,4,6
931,1,4,2,6
932,3,0,3,1
933,1,0,3,0
934,1,0,1,0
935,0,0,0,0
936,0,0,0,0
937,0,0,0,0
938,0,0,0,0
939,0,0,0,0
940,0,0,0,0
941,0,0,0,0
942,0,0,0,0
943,0,0,0,0
944,0,0,0,0
945,8,5,6,5
946,7,5,6,5
947,3,2,5,6
948,7,5,2,3
949,3,4,5,5
950,4,2,7,3
951,5,2,6,2
952,4,5,5,4
953,5,3,3,5
954,7,3,2,4
955,6,3,3,5
956,6,1,3,2
957,2,0,1,0
958,1,0,0,0
959,0,0,0,0
960,0,0,0,0
961,0,0,1,0
962,0,0,0,0
963,0,0,0,0
964,0,0,0,0
965,0,0,0,0
966,0,0,0,0
967,0,0,0,0
968,0,0,0,0
969,10,5,7,6
970,8,7,8,5
971,6,7,5,5
972,6,5,2,6
973,5,5,5,3
974,5,5,3,5
975,4,3,5,8
976,5,4,7,5
977,11,7,6,5
978,5,4,3,2
979,4,7,4,6
980,6,9,5,10
981,3,4,1,4
982,0,2,0,0
983,0,0,0,0
984,0,0,0,0
985,0,0,0,0
986,0,0,0,0
987,0,0,0,0
988,0,0,0,0
989,0,0,0,0
990,0,0,0,0
991,0,0,0,0
992,0,0,0,0
993,7,8,11,8
994,6,10,9,9
995,4,12,11,9
996,5,9,6,9
997,6,6,5,4
998,7,4,3,4
999,7,4,3,2
1000,2,7,6,3
1001,1,3,5,6
1002,4,5,5,5
1003,5,6,5,8
1004,5,4,6,7
1005,1,0,3,4
1006,1,0,1,1
1007,0,0,0,0
1008,0,0,0,0
1009,0,0,0,0
1010,0,0,0,0
1011,0,0,0,0
1012,0,0,0,0
1013,0,0,0,0
1014,0,0,0,0
1015,0,0,0,0
1016,0,0,0,0
1017,9,9,9,7
1018,10,12,8,9
1019,4,10,4,7
1020,2,4,4,4
1021,3,4,6,4
1022,5,6,6,3
1023,4,7,5,6
1024,5,7,7,6
1025,4,5,6,5
1026,2,7,8,5
1027,0,6,5,2
1028,3,5,5,2
1029,2,3,1,1
1030,0,1,1,0
1031,0,0,0,0
1032,0,0,0,0
1033,0,0,0,0
1034,0,0,0,0
1035,0,0,0,0
1036,0,0,0,0
1037,0,0,0,0
1038,0,0,0,0
1039,0,0,0,0
1040,0,0,0,0
1041,7,6,12,5
1042,10,7,9,8
1043,7,7,6,9
1044,4,6,3,3
1045,3,4,4,4
1046,1,4,5,6
1047,1,9,7,6
1048,3,9,6,4
1049,3,6,5,6
1050,3,4,6,0
1051,3,7,6,2
1052,3,6,4,2
1053,0,2,2,1
1054,0,0,2,1
1055,0,0,0,0
1056,0,0,0,0
1057,0,0,0,0
1058,0,0,0,0
1059,0,0,0,1
1060,0,0,0,0
1061,0,0,0,0
1062,0,0,0,0
1063,0,0,0,0
1064,0,0,0,0
1065,7,7,10,7
1066,7,6,10,9
1067,7,5,5,5
1068,9,5,3,5
1069,5,4,5,4
1070,6,2,7,6
1071,4,6,4,6
1072,3,6,9,6
1073,3,4,9,6
1074,4,5,5,8
1075,2,4,3,4
1076,3,4,5,3
1077,1,0,2,2
1078,0,0,0,1
1079,0,0,0,0
1080,0,0,0,0
1081,0,0,0,0
1082,0,0,0,0
1083,0,0,0,0
1084,0,0,0,0
1085,0,0,0,0
1086,0,0,0,0
1087,0,0,0,0
1088,0,0,0,0
1089,11,9,12,15
1090,14,7,10,11
1091,11,5,5,8
1092,5,2,4,6
1093,3,4,6,7
1094,3,5,9,5
1095,7,3,4,5
1096,8,3,3,4
1097,4,6,1,6
1098,3,4,5,5
1099,6,4,7,6
1100,6,6,8,8
1101,3,2,2,3
1102,1,1,1,0
1103,0,0,0,0
1104,0,0,0,0
1105,0,0,0,1
1106,0,0,0,0
1107,0,0,0,0
1108,0,0,0,0
1109,0,0,0,0
1110,0,0,0,0
1111,0,0,0,0
1112,0,0,0,0
1113,7,9,7,6
1114,7,5,4,7
1115,4,5,6,8
1116,4,6,5,5
1117,6,3,5,1
1118,2,3,3,5
1119,2,4,3,8
1120,3,8,5,7
1121,1,9,6,7
1122,0,6,5,6
1123,3,3,5,7
1124,5,3,6,6
1125,3,1,5,2
1126,0,0,2,1
1127,0,0,0,0
1128,0,0,0,0
1129,0,0,0,0
1130,0,0,0,0
1131,0,0,0,0
1132,0,0,0,0
1133,0,0,0,0
1134,0,0,0,0
1135,0,0,0,0
1136,0,0,0,0
1137,6,8,5,11
1138,4,9,3,8
1139,3,5,2,7
1140,3,4,3,5
1141,3,6,6,5
1142,6,3,8,4
1143,6,3,2,5
1144,5,4,2,9
1145,3,3,3,12
1146,1,1,5,5
1147,5,3,7,2
1148,4,2,8,4
1149,1,1,5,2
1150,0,1,0,0
1151,0,0,0,0
1152,0,0,0,0
1153,0,0,0,0
1154,0,0,0,0
1155,0,0,0,0
1156,0,0,0,0
1157,0,0,0,0
1158,1,0,0,0
1159,0,0,0,0
1160,0,0,0,0
1161,6,10,6,12
1162,10,11,7,13
1163,7,5,8,10
1164,3,4,5,6
1165,5,3,5,2
1166,6,2,5,6
1167,5,4,5,8
1168,4,6,4,9
1169,6,6,4,5
1170,8,2,3,6
1171,5,3,3,7
1172,5,4,4,5
1173,2,1,1,2
1174,0,1,0,0
1175,0,0,0,0
1176,0,0,0,0
1177,0,0,0,0
1178,0,0,0,0
1179,0,0,0,0
1180,0,0,0,0
1181,0,0,0,0
1182,0,0,0,0
1183,0,0,0,0
1184,0,0,0,0
1185,9,7,10,9
1186,9,4,11,11
1187,4,2,6,9
1188,3,3,2,6
1189,4,3,4,5
1190,3,3,5,5
1191,3,3,6,7
1192,6,2,5,11
1193,6,1,5,7
1194,9,2,5,7
1195,8,2,3,4
1196,4,2,5,7
1197,1,0,3,2
1198,0,0,1,1
1199,0,0,0,0
1200,0,0,0,0
1201,0,0,0,0
1202,0,0,0,0
1203,0,0,0,0
1204,0,0,0,0
1205,0,0,0,0
1206,0,0,0,0
1207,0,0,0,0
1208,0,0,0,0
1209,9,8,9,10
1210,8,9,10,9
1211,4,8,8,6
1212,4,5,9,5
1213,5,5,6,7
1214,3,3,4,8
1215,5,6,3,7
1216,3,5,4,9
1217,2,3,4,10
1218,5,5,4,5
1219,4,4,6,6
1220,2,4,8,7
1221,1,4,3,2
1222,0,2,1,0
1223,0,0,0,0
1224,0,0,0,0
1225,0,0,0,0
1226,0,0,0,0
1227,0,0,0,0
1228,0,0,1,0
1229,0,0,0,0
1230,0,0,0,0
1231,0,0,0,0
1232,0,0,0,0
1233,10,5,11,9
1234,7,7,8,7
1235,5,8,6,3
1236,3,5,6,6
1237,2,7,3,7
1238,1,6,2,8
1239,3,8,1,8
1240,5,6,4,3
1241,6,4,2,2
1242,6,6,2,5
1243,1,4,2,3
1244,4,2,3,6
1245,4,0,3,2
1246,1,0,2,1
1247,0,0,0,0
1248,0,0,0,0
1249,0,0,0,0
1250,0,0,0,0
1251,0,0,0,0
1252,0,0,0,0
1253,0,0,0,0
1254,0,0,0,0
1255,0,0,0,0
1256,0,0,0,0
1257,9,10,9,8
1258,7,7,8,10
1259,5,7,6,8
1260,4,2,4,2
1261,5,4,6,3
1262,5,4,6,4
1263,6,7,6,5
1264,7,7,5,9
1265,6,4,5,10
1266,4,2,2,7
1267,3,5,2,5
1268,6,1,4,7
1269,4,0,4,3
1270,1,0,3,0
1271,0,0,0,1
1272,0,0,0,0
1273,0,0,0,0
1274,0,0,0,0
1275,0,0,0,1
1276,0,0,0,0
1277,0,0,0,0
1278,0,0,0,0
1279,0,0,0,0
1280,0,0,0,0
1281,9,9,8,7
1282,6,8,6,11
1283,5,4,6,6
1284,3,4,5,7
1285,1,5,6,6
1286,4,7,7,5
1287,8,2,9,8
1288,6,6,5,7
1289,3,3,4,10
1290,0,4,7,6
1291,1,2,8,5
1292,2,4,8,8
1293,2,3,4,4
1294,1,0,0,3
1295,0,0,0,0
1296,0,0,0,0
1297,0,0,0,0
1298,0,0,0,0
1299,0,0,0,0
1300,0,0,0,0
1301,0,0,0,0
1302,0,0,0,0
1303,0,0,0,0
1304,0,0,0,0
1305,7,9,8,10
1306,5,9,11,9
1307,2,6,10,9
1308,3,2,8,7
1309,1,3,6,6
1310,4,9,5,5
1311,8,9,5,10
1312,3,8,5,9
1313,4,6,6,9
1314,4,7,8,8
1315,3,7,6,2
1316,3,5,7,5
1317,2,3,3,3
1318,1,2,1,1
1319,0,0,0,0
1320,0,0,0,0
1321,0,0,0,0
1322,0,0,1,0
1323,0,0,0,0
1324,0,0,0,0
1325,0,0,0,0
1326,0,0,0,0
1327,0,0,0,0
1328,0,0,0,0
1329,7,10,9,9
1330,8,8,4,8
1331,3,6,3,9
1332,6,10,2,5
1333,6,7,7,4
1334,2,7,6,5
1335,6,5,7,3
1336,7,4,8,4
1337,3,4,3,8
1338,3,5,5,3
1339,6,4,3,2
1340,3,3,5,6
1341,1,2,3,1
1342,0,0,1,0
1343,0,0,0,0
1344,0,0,1,0
1345,0,0,0,0
1346,0,0,0,0
1347,0,0,0,0
1348,0,0,0,0
1349,0,0,0,0
1350,0,0,0,0
1351,0,0,0,0
1352,0,0,0,0
1353,7,12,12,7
1354,10,7,10,6
1355,9,5,5,5
1356,4,4,5,3
1357,4,3,3,7
1358,3,8,4,4
1359,4,9,3,4
1360,8,5,3,4
1361,8,2,7,5
1362,8,3,6,4
1363,6,3,2,1
1364,4,4,1,3
1365,3,2,0,1
1366,0,0,0,1
1367,0,0,0,0
1368,0,0,1,0
1369,0,0,0,0
1370,0,0,0,0
1371,0,0,0,0
1372,0,0,0,0
1373,0,0,0,0
1374,0,0,0,0
1375,0,0,0,0
1376,0,0,0,0
1377,8,7,9,8
1378,6,7,6,7
1379,5,8,6,5
1380,4,8,4,5
1381,5,3,3,3
1382,5,6,4,3
1383,8,4,5,2
1384,7,5,3,3
1385,7,4,1,6
1386,5,8,2,7
1387,4,9,5,5
1388,5,8,4,2
1389,3,2,2,0
1390,2,0,0,0
1391,0,0,0,0
1392,0,0,0,0
1393,1,0,0,0
1394,0,0,0,0
1395,0,0,0,0
1396,0,0,0,0
1397,0,0,0,0
1398,0,0,0,0
1399,0,0,0,0
1400,0,0,0,0
1401,7,8,6,5
1402,8,11,5,3
1403,6,12,3,4
1404,4,4,4,4
1405,5,1,8,1
1406,4,6,4,4
1407,8,3,8,3
1408,4,8,5,2
1409,5,8,5,2
1410,7,8,4,2
1411,8,5,5,2
1412,10,4,5,2
1413,3,2,2,2
1414,0,0,0,1
1415,0,0,1,0
1416,0,0,0,0
1417,0,0,0,0
1418,0,0,0,0
1419,0,0,0,0
1420,0,0,0,0
1421,0,0,0,0
1422,0,0,0,0
1423,0,0,0,0
1424,0,0,0,0
1425,8,11,11,7
1426,9,10,7,8
1427,5,6,2,7
1428,8,4,3,3
1429,5,6,7,2
1430,7,5,6,5
1431,7,2,10,2
1432,8,3,8,5
1433,7,3,9,4
1434,6,3,6,2
1435,7,5,3,6
1436,5,4,2,5
1437,4,1,1,2
1438,1,0,0,1
1439,0,0,0,0
1440,0,0,0,0
1441,0,1,0,0
1442,0,0,0,0
1443,0,0,0,0
1444,0,0,0,0
1445,0,0,0,0
1446,0,0,0,0
1447,0,0,0,0
1448,0,0,0,0
1449,10,8,8,8
1450,8,8,8,4
1451,9,5,8,4
1452,4,4,6,2
1453,3,5,4,4
1454,4,8,3,5
1455,2,2,5,4
1456,5,1,5,3
1457,4,4,5,6
1458,5,5,4,1
1459,3,6,6,2
1460,4,6,4,5
1461,4,4,0,3
1462,1,2,0,1
1463,1,0,0,0
1464,0,0,0,0
1465,0,0,0,0
1466,0,0,0,0
1467,0,0,0,0
1468,0,0,0,0
1469,0,0,0,0
1470,0,0,0,0
1471,0,0,0,0
1472,0,0,0,0
1473,11,7,11,9
1474,10,7,7,11
1475,7,8,5,7
1476,5,6,2,7
1477,2,5,5,3
1478,4,3,6,5
1479,7,5,4,5
1480,8,6,3,7
1481,6,8,7,5
1482,8,6,4,4
1483,5,4,5,6
1484,5,6,4,3
1485,2,4,1,0
1486,0,1,0,0
1487,0,0,0,0
1488,0,1,0,0
1489,0,0,1,0
1490,0,0,0,0
1491,0,0,0,0
1492,0,0,0,0
1493,0,0,0,0
1494,0,0,0,0
1495,0,0,0,0
1496,0,0,0,0
1497,12,12,6,8
1498,10,9,7,8
1499,8,6,7,5
1500,7,3,5,5
1501,5,6,6,1
1502,1,3,2,1
1503,1,2,0,0
1504,0,0,0,0
1505,0,0,0,0
1506,0,0,0,0
1507,0,0,0,0
1508,0,0,0,0
1509,0,0,0,0
1510,0,0,0,0
1511,0,0,0,0
1512,0,0,0,0
1513,0,0,0,0
1514,0,0,0,0
1515,0,0,0,0
1516,0,0,0,0
1517,0,0,0,0
1518,0,0,0,0
1519,0,0,0,0
1520,0,0,0,0
1521,7,5,7,7
1522,12,9,11,9
1523,9,6,10,8
1524,8,4,8,7
1525,9,7,3,8
1526,8,10,5,6
1527,4,7,4,2
1528,6,3,5,6
1529,7,1,8,7
1530,3,6,5,4
1531,8,6,2,9
1532,6,4,4,8
1533,3,1,2,5
1534,2,0,1,2
1535,0,0,0,0
1536,0,0,0,0
1537,0,0,0,0
1538,0,0,0,0
1539,0,0,0,0
1540,0,0,0,0
1541,0,0,0,0
1542,0,0,0,0
1543,0,0,0,0
1544,0,0,0,0
1545,13,8,8,11
1546,13,8,9,8
1547,7,8,5,9
1548,4,6,6,6
1549,5,3,6,4
1550,6,3,7,3
1551,6,4,5,2
1552,8,2,9,5
1553,6,7,6,5
1554,4,7,8,4
1555,6,6,10,7
1556,6,6,5,6
1557,3,3,1,6
1558,0,1,0,1
1559,0,0,0,0
1560,0,0,0,0
1561,0,0,0,0
1562,0,0,0,0
1563,0,0,0,0
1564,0,0,0,0
1565,0,0,0,0
1566,0,0,0,0
1567,0,0,0,1
1568,0,1,0,0
1569,9,9,7,9
1570,5,7,10,7
1571,4,6,8,2
1572,5,8,7,3
1573,5,4,3,3
1574,5,3,5,5
1575,8,2,3,3
1576,3,1,3,2
1577,7,1,8,2
1578,9,3,5,1
1579,7,3,4,3
1580,4,0,7,1
1581,2,1,4,0
1582,2,0,4,0
1583,0,0,0,0
1584,0,0,0,0
1585,0,0,0,0
1586,0,0,0,0
1587,0,0,0,0
1588,0,0,0,0
1589,0,0,0,0
1590,0,0,0,0
1591,0,0,0,0
1592,0,0,0,0
1593,6,7,4,10
1594,6,7,8,6
1595,7,3,5,4
1596,5,1,6,6
1597,4,1,1,5
1598,7,3,5,5
1599,9,2,5,3
1600,7,3,5,5
1601,8,3,2,3
1602,6,4,5,2
1603,3,5,7,3
1604,6,4,9,7
1605,4,0,1,4
1606,2,0,1,2
1607,0,0,0,0
1608,0,0,0,0
1609,0,0,0,0
1610,0,0,0,0
1611,0,0,0,0
1612,0,0,0,0
1613,0,0,0,0
1614,0,0,0,0
1615,0,0,0,0
1616,0,0,0,0
1617,8,10,7,9
1618,7,9,7,7
1619,10,6,6,6
1620,6,4,6,4
1621,5,4,7,3
1622,3,6,6,5
1623,7,5,9,8
1624,4,6,9,6
1625,4,6,9,3
1626,5,5,5,4
1627,3,2,5,7
1628,3,5,3,4
1629,1,4,2,3
1630,0,1,2,2
1631,0,0,0,0
1632,0,0,0,0
1633,0,0,0,0
1634,0,0,0,0
1635,0,0,0,0
1636,0,0,0,0
1637,0,0,0,0
1638,0,0,0,0
1639,0,0,0,0
1640,0,0,0,0
1641,11,8,7,11
1642,10,9,8,8
1643,7,6,10,6
1644,2,3,11,4
1645,2,5,6,4
1646,5,5,6,3
1647,5,6,10,7
1648,7,3,7,7
1649,7,5,4,7
1650,5,3,6,7
1651,3,1,9,5
1652,3,3,6,6
1653,2,0,4,2
1654,2,0,1,0
1655,0,0,0,0
1656,0,0,0,0
1657,0,0,0,0
1658,0,0,0,0
1659,0,0,0,0
1660,0,0,0,0
1661,0,0,0,0
1662,0,0,0,0
1663,0,0,0,0
1664,0,0,0,0
1665,8,8,10,9
1666,4,4,8,7
1667,4,3,4,4
1668,5,4,2,3
1669,4,3,3,2
1670,4,1,4,5
1671,2,1,2,3
1672,1,1,2,1
1673,0,0,3,2
1674,0,1,3,1
1675,0,0,1,0
1676,0,0,0,0
1677,0,0,0,0
1678,0,0,0,0
1679,0,0,0,0
1680,0,0,0,0
1681,0,0,0,0
1682,0,0,0,0
1683,0,0,0,0
1684,0,0,0,0
1685,0,0,0,0
1686,0,0,0,0
1687,0,0,0,0
1688,0,0,0,0
1689,0,0,0,0
1690,0,0,0,0
1691,0,0,0,0
1692,0,0,0,0
1693,0,0,0,0
1694,0,0,0,0
1695,0,0,0,0
1696,0,0,0,0
1697,6,8,5,7
1698,8,4,9,9
1699,8,7,8,8
1700,8,8,7,3
1701,3,5,3,3
1702,2,2,0,2
1703,0,0,0,0
1704,0,0,0,0
1705,0,0,0,0
1706,0,0,0,0
1707,0,0,0,0
1708,0,0,0,0
1709,0,0,0,0
1710,0,0,0,0
1711,0,0,0,0
1712,0,0,0,0
1713,6,6,7,4
1714,6,5,8,6
1715,5,6,10,6
1716,4,4,8,4
1717,8,3,7,6
1718,9,4,9,10
1719,7,7,6,10
1720,4,10,3,10
1721,7,9,5,9
1722,9,7,11,7
1723,12,8,8,5
1724,8,9,10,7
1725,3,2,3,3
1726,0,0,0,1
1727,0,0,0,0
1728,0,0,0,0
1729,0,0,0,0
1730,0,0,0,0
1731,0,0,0,0
1732,0,0,0,0
1733,0,0,0,0
1734,0,0,0,0
1735,0,0,0,0
1736,0,0,0,0
1737,14,7,9,8
1738,11,9,7,8
1739,7,6,5,7
1740,8,6,7,7
1741,5,6,9,4
1742,4,7,4,6
1743,4,6,5,5
1744,6,5,6,7
1745,5,7,10,9
1746,7,6,8,8
1747,11,8,5,3
1748,10,7,5,6
1749,6,3,1,3
1750,2,0,0,2
1751,0,0,0,0
1752,1,0,0,0
1753,0,0,0,0
1754,0,0,0,0
1755,0,0,0,0
1756,0,0,0,0
1757,0,0,0,0
1758,0,0,0,0
1759,0,0,0,0
1760,0,0,0,0
1761,9,10,7,9
1762,8,10,8,8
1763,6,7,9,4
1764,7,6,4,4
1765,5,6,4,6
1766,7,5,3,4
1767,8,6,5,4
1768,9,7,4,7
1769,6,8,4,7
1770,7,4,8,5
1771,9,4,6,5
1772,5,3,6,7
1773,1,2,3,4
1774,1,0,1,2
1775,0,0,0,0
1776,0,0,0,1
1777,0,0,0,0
1778,0,0,0,0
1779,0,0,0,0
1780,0,0,0,0
1781,0,0,0,0
1782,0,0,0,0
1783,0,0,0,0
1784,0,0,0,0
1785,8,8,10,7
1786,6,9,8,6
1787,5,5,4,2
1788,3,4,5,2
1789,3,6,6,4
1790,5,5,6,4
1791,4,6,5,3
1792,8,8,5,8
1793,6,7,3,6
1794,1,8,4,4
1795,3,7,5,6
1796,3,5,6,8
1797,1,0,0,3
1798,0,0,0,0
1799,0,0,0,0
1800,0,0,0,0
1801,0,0,0,0
1802,0,0,0,0
1803,0,0,0,0
1804,0,0,0,0
1805,0,0,0,0
1806,0,0,0,0
1807,0,0,0,0
1808,0,0,0,0
1809,7,8,10,6
1810,4,9,9,8
1811,1,10,4,5
1812,3,5,5,4
1813,5,2,3,4
1814,6,10,5,4
1815,4,10,5,7
1816,4,8,7,9
1817,5,4,4,8
1818,5,6,4,8
1819,5,4,2,5
1820,2,1,1,7
1821,1,0,0,2
1822,0,0,0,1
1823,0,0,0,0
1824,0,0,1,0
1825,0,0,0,0
1826,0,0,0,0
1827,0,0,0,0
1828,0,0,0,0
1829,0,0,0,0
1830,0,0,0,0
1831,0,0,0,0
1832,0,0,0,0
1833,7,10,9,10
1834,4,11,7,9
1835,4,5,6,5
1836,3,4,4,7
1837,3,2,5,4
1838,6,3,2,7
1839,5,6,5,6
1840,6,7,11,7
1841,4,5,7,5
1842,5,3,7,7
1843,7,2,6,7
1844,7,4,8,8
1845,2,2,5,2
1846,0,0,1,1
1847,1,0,0,0
1848,0,0,0,0
1849,0,0,0,0
1850,0,0,0,0
1851,0,0,0,0
1852,0,0,0,0
1853,0,0,0,0
1854,0,0,0,0
1855,0,0,0,0
1856,0,0,0,0
1857,6,8,12,10
1858,5,7,9,5
1859,10,6,7,6
1860,6,4,5,3
1861,5,8,5,2
1862,2,6,1,6
1863,5,5,6,6
1864,9,5,6,9
1865,9,5,6,7
1866,10,3,3,3
1867,7,2,7,2
1868,3,5,2,1
1869,1,3,0,1
1870,0,2,0,0
1871,0,0,0,0
1872,0,1,0,0
1873,0,0,0,0
1874,0,0,0,0
1875,0,0,0,0
1876,0,0,0,0
1877,0,0,0,0
1878,0,0,0,0
1879,0,0,0,0
1880,0,0,0,0
1881,8,8,7,7
1882,7,8,10,7
1883,3,10,5,6
1884,5,3,6,1
1885,3,4,7,2
1886,5,5,3,3
1887,7,5,8,3
1888,5,4,5,4
1889,4,2,4,0
1890,4,1,4,1
1891,6,2,5,2
1892,5,3,3,2
1893,4,2,0,0
1894,0,2,0,0
1895,0,0,0,0
1896,0,0,0,0
1897,0,0,0,0
1898,0,0,0,0
1899,0,0,0,0
1900,0,0,0,0
1901,0,0,0,0
1902,0,0,0,0
1903,0,0,0,0
1904,0,0,0,0
1905,4,9,8,7
1906,5,8,4,7
1907,5,7,2,7
1908,4,5,2,2
1909,5,3,2,4
1910,6,2,3,4
1911,8,4,4,6
1912,6,6,3,9
1913,5,6,6,6
1914,6,8,4,5
1915,3,8,7,5
1916,6,6,4,1
1917,2,1,2,0
1918,2,0,2,0
1919,0,0,0,0
1920,0,0,0,0
1921,0,0,0,0
1922,0,0,0,0
1923,0,0,0,0
1924,0,0,0,0
1925,0,0,0,0
1926,0,0,0,0
1927,0,0,0,0
1928,0,0,0,0
1929,5,6,7,8
1930,8,6,7,9
1931,5,6,7,6
1932,6,6,5,6
1933,4,5,5,6
1934,3,7,4,2
1935,5,5,4,3
1936,5,4,3,2
1937,1,4,3,5
1938,1,2,2,0
1939,1,1,1,2
1940,2,1,2,2
1941,0,1,2,1
1942,0,1,0,1
1943,0,0,0,0
1944,0,0,0,0
1945,0,0,0,0
1946,0,0,0,0
1947,0,0,0,0
1948,0,0,0,0
1949,0,0,0,0
1950,0,0,0,0
1951,0,0,0,0
1952,0,0,0,0
1953,1,3,0,3
1954,1,2,0,0
1955,0,2,0,0
1956,0,0,0,0
1957,1,0,0,1
1958,1,0,0,0
1959,1,0,0,0
1960,1,0,0,0
1961,0,0,1,0
1962,0,0,0,0
1963,0,0,0,0
1964,1,0,0,0
1965,1,0,0,0
1966,1,0,0,0
1967,0,0,0,0
1968,0,0,0,0
1969,0,0,0,0
1970,0,0,0,0
1971,0,0,0,0
1972,0,0,0,0
1973,0,0,0,0
1974,0,0,0,1
1975,0,0,0,0
1976,0,0,0,0
1977,5,4,6,3
1978,7,6,5,7
1979,12,8,8,8
1980,6,11,10,6
1981,7,10,5,8
1982,5,11,3,10
1983,4,8,6,7
1984,4,7,4,8
1985,3,6,6,5
1986,3,4,9,4
1987,8,7,7,4
1988,8,9,4,6
1989,7,4,1,5
1990,4,3,0,2
1991,0,0,0,0
1992,0,0,0,0
1993,0,0,0,0
1994,0,0,0,0
1995,0,0,0,0
1996,0,0,0,0
1997,0,0,0,0
1998,0,0,0,0
1999,0,0,0,0
2000,0,0,0,0
2001,7,7,6,11
2002,10,8,8,13
2003,10,9,5,9
2004,3,4,4,6
2005,1,3,2,2
2006,1,2,3,2
2007,1,3,2,3
2008,2,3,3,3
2009,2,5,4,2
2010,3,4,3,2
2011,4,6,4,4
2012,3,4,2,2
2013,2,2,0,2
2014,0,1,0,0
2015,0,0,0,0
2016,0,0,0,0
2017,0,0,0,0
2018,0,0,0,0
2019,0,0,0,0
2020,0,0,0,0
2021,0,0,0,0
2022,0,0,0,0
2023,0,0,0,0
2024,0,0,0,0
2025,11,9,10,7
2026,8,9,8,10
2027,4,5,9,9
2028,6,6,6,5
2029,4,6,5,6
2030,6,6,6,7
2031,4,7,4,6
2032,1,4,7,7
2033,1,5,8,5
2034,3,6,6,3
2035,7,4,5,6
2036,8,7,6,8
2037,4,3,1,3
2038,1,1,1,0
2039,0,0,0,0
2040,0,1,0,0
2041,0,0,0,0
2042,0,0,0,0
2043,0,0,0,0
2044,0,0,0,0
2045,0,0,0,0
2046,0,0,0,0
2047,0,0,0,0
2048,0,0,0,0
2049,10,10,8,8
2050,8,7,7,6
2051,5,4,5,6
2052,2,5,4,2
2053,3,4,4,3
2054,5,7,6,5
2055,4,5,9,4
2056,5,6,7,6
2057,7,4,9,5
2058,10,5,8,4
2059,6,8,6,8
2060,2,11,6,6
2061,1,6,2,3
2062,1,1,2,0
2063,0,0,1,0
2064,0,0,0,0
2065,0,0,0,0
2066,0,1,0,0
2067,0,0,0,0
2068,0,0,0,0
2069,0,0,0,0
2070,0,0,0,0
2071,0,0,0,0
2072,0,0,0,0
2073,8,7,11,8
2074,11,9,8,5
2075,3,7,6,8
2076,5,5,2,5
2077,5,6,4,4
2078,5,7,7,6
2079,5,5,9,3
2080,5,6,6,5
2081,3,3,3,4
2082,6,7,6,6
2083,4,8,7,6
2084,8,7,8,7
2085,1,2,2,4
2086,0,1,0,2
2087,0,0,0,0
2088,0,0,0,0
2089,0,0,0,0
2090,0,0,0,0
2091,0,0,0,0
2092,0,0,0,0
2093,0,0,0,0
2094,0,0,0,0
2095,0,0,0,0
2096,0,0,0,0
2097,8,10,10,8
2098,7,8,10,6
2099,3,8,7,5
2100,3,6,5,2
2101,7,8,5,4
2102,3,7,5,2
2103,4,8,7,2
2104,6,10,6,8
2105,6,7,6,7
2106,5,10,6,10
2107,5,8,5,11
2108,6,6,4,6
2109,3,2,4,2
2110,1,1,2,0
2111,0,0,0,0
2112,0,0,0,0
2113,0,0,0,0
2114,0,0,0,0
2115,0,0,0,0
2116,0,0,0,0
2117,0,0,0,0
2118,0,0,0,0
2119,0,0,0,0
2120,0,0,0,0
2121,7,6,7,8
2122,9,9,7,5
2123,7,5,4,4
2124,4,8,5,3
2125,3,6,8,5
2126,6,6,8,2
2127,3,6,10,5
2128,7,9,9,5
2129,5,8,7,7
2130,4,8,5,9
2131,3,10,10,8
2132,1,8,9,8
2133,0,4,4,3
2134,0,1,0,1
2135,0,0,0,0
2136,0,0,0,0
2137,0,0,0,0
2138,0,0,0,0
2139,0,0,0,0
2140,0,0,0,0
2141,0,0,0,0
2142,0,0,0,0
2143,0,0,0,0
2144,0,0,0,0
2145,11,6,6,5
2146,7,5,8,7
2147,4,4,8,5
2148,2,4,7,4
2149,3,4,4,4
2150,0,7,7,3
2151,0,7,7,10
2152,2,5,9,15
2153,3,9,7,11
2154,5,8,8,5
2155,2,7,7,4
2156,2,7,9,6
2157,0,3,2,2
2158,0,2,0,0
2159,0,0,0,0
2160,0,0,0,0
2161,0,0,0,0
2162,0,0,1,0
2163,0,0,0,0
2164,0,0,0,0
2165,0,0,0,0
2166,0,0,0,0
2167,0,0,0,0
2168,0,0,0,0
2169,10,8,11,7
2170,7,10,11,6
2171,6,9,7,3
2172,4,5,5,6
2173,2,4,7,7
2174,0,8,6,8
2175,1,9,8,8
2176,2,8,8,10
2177,2,7,8,7
2178,3,5,5,7
2179,3,5,3,10
2180,5,5,6,11
2181,3,5,1,5
2182,0,0,1,1
2183,1,0,0,0
2184,0,0,0,0
2185,0,0,0,0
2186,0,0,0,0
2187,0,0,0,0
2188,0,0,0,0
2189,0,0,0,0
2190,0,0,0,0
2191,0,0,0,0
2192,0,0,0,0
2193,6,8,8,6
2194,7,8,7,9
2195,3,7,4,6
2196,3,6,5,5
2197,2,3,3,3
2198,3,8,3,6
2199,4,9,3,3
2200,4,8,9,7
2201,4,6,6,9
2202,6,8,5,9
2203,5,6,4,5
2204,4,5,4,7
2205,1,1,2,3
2206,0,1,0,1
2207,0,0,0,0
2208,0,0,0,0
2209,0,0,0,0
2210,0,0,0,0
2211,0,0,0,0
2212,0,0,0,0
2213,0,0,0,0
2214,0,0,0,0
2215,0,0,0,0
2216,0,0,0,0
2217,6,6,9,8
2218,5,8,8,6
2219,5,3,5,5
2220,4,9,4,4
2221,4,7,4,5
2222,4,6,5,4
2223,8,6,3,8
2224,11,9,9,9
2225,4,8,6,8
2226,4,7,6,6
2227,7,7,7,6
2228,5,9,5,7
2229,0,3,1,3
2230,0,0,1,1
2231,0,0,0,0
2232,0,0,0,0
2233,0,0,0,0
2234,0,0,0,0
2235,0,0,0,0
2236,0,0,0,0
2237,0,0,0,0
2238,0,0,0,0
2239,0,0,0,0
2240,0,0,0,0
2241,9,8,9,7
2242,9,6,8,9
2243,6,4,8,8
2244,4,5,4,8
2245,3,5,4,5
2246,4,8,4,4
2247,3,9,6,7
2248,8,5,6,8
2249,4,2,5,9
2250,4,6,3,4
2251,6,9,2,5
2252,6,9,5,4
2253,1,2,3,1
2254,1,0,2,1
2255,0,0,0,0
2256,0,0,0,0
2257,0,0,1,0
2258,0,0,0,0
2259,0,0,0,0
2260,0,0,0,0
2261,0,0,0,0
2262,0,0,0,0
2263,0,0,0,0
2264,0,0,0,0
2265,6,10,10,5
2266,7,8,6,5
2267,6,3,4,3
2268,5,5,2,3
2269,4,6,4,5
2270,5,8,8,9
2271,3,4,5,7
2272,3,5,9,5
2273,4,5,7,5
2274,4,6,7,4
2275,2,6,1,8
2276,4,4,8,5
2277,0,1,3,2
2278,1,0,3,2
2279,0,0,0,0
2280,0,0,0,0
2281,0,0,0,0
2282,0,0,0,0
2283,0,0,0,0
2284,0,0,0,0
2285,0,0,0,0
2286,0,0,0,0
2287,0,0,0,0
2288,0,0,0,0
2289,9,7,6,8
2290,9,7,6,8
2291,7,5,4,9
2292,8,6,4,11
2293,4,7,4,8
2294,5,7,5,9
2295,6,3,7,5
2296,8,3,6,6
2297,7,6,6,7
2298,7,9,4,5
2299,10,6,7,5
2300,6,7,2,9
2301,3,2,0,5
2302,0,0,0,2
2303,0,0,0,0
2304,0,0,0,0
2305,0,0,0,0
2306,0,0,0,0
2307,0,0,0,0
2308,0,0,0,0
2309,0,0,0,0
2310,0,0,0,0
2311,0,0,0,0
2312,0,0,0,0
2313,9,7,7,11
2314,13,9,8,14
2315,11,6,5,10
2316,4,4,7,4
2317,7,4,7,6
2318,7,5,9,5
2319,3,8,5,5
2320,11,4,5,5
2321,7,4,8,6
2322,7,6,6,5
2323,3,7,1,3
2324,5,4,6,6
2325,4,2,4,3
2326,1,0,3,0
2327,0,0,0,0
2328,0,0,0,0
2329,0,0,0,0
2330,0,0,0,0
2331,0,0,0,0
2332,0,0,0,0
2333,0,0,0,0
2334,0,0,0,0
2335,0,0,0,0
2336,0,0,0,0
2337,8,4,8,6
2338,10,6,9,7
2339,7,8,4,3
2340,7,4,3,8
2341,10,5,2,4
2342,9,5,7,5
2343,6,7,7,7
2344,7,6,8,7
2345,5,4,9,7
2346,5,6,6,4
2347,8,3,5,5
2348,7,4,6,8
2349,5,1,4,2
2350,1,1,4,0
2351,0,0,0,0
2352,0,0,0,0
2353,0,0,0,0
2354,0,0,0,0
2355,0,0,0,0
2356,0,0,0,0
2357,0,0,0,0
2358,0,0,0,0
2359,0,0,0,0
2360,0,0,0,0
2361,13,8,6,9
2362,12,8,6,7
2363,9,6,3,7
2364,8,6,7,1
2365,7,6,4,2
2366,4,5,4,4
2367,5,8,7,4
2368,9,5,7,6
2369,6,6,5,7
2370,8,2,7,4
2371,6,5,8,6
2372,5,6,6,6
2373,1,2,2,1
2374,0,0,0,0
2375,0,0,0,0
2376,0,0,0,0
2377,0,0,0,0
2378,0,0,0,0
2379,0,0,0,0
2380,0,0,0,0
2381,0,0,0,0
2382,0,0,0,0
2383,0,0,0,0
2384,0,0,0,0
2385,6,11,9,11
2386,7,10,8,6
2387,4,5,6,5
2388,5,4,5,3
2389,5,3,5,3
2390,7,8,6,6
2391,4,8,7,10
2392,7,9,8,11
2393,4,4,4,8
2394,5,4,5,5
2395,1,8,5,3
2396,4,6,6,1
2397,1,1,3,1
2398,1,1,1,0
2399,0,0,0,0
2400,0,0,0,0
2401,0,0,0,0
2402,0,0,0,0
2403,0,0,0,0
2404,0,0,0,0
2405,0,0,0,0
2406,0,0,0,0
2407,0,0,0,0
2408,0,0,0,0
2409,7,9,6,8
2410,9,11,6,7
2411,8,9,4,6
2412,5,7,3,5
2413,8,5,4,4
2414,3,6,8,5
2415,5,8,6,9
2416,7,10,6,5
2417,9,5,6,5
2418,4,6,2,6
2419,4,5,6,7
2420,3,6,7,7
2421,1,2,3,3
2422,0,1,1,2
2423,0,0,0,0
2424,0,0,0,0
2425,0,0,0,0
2426,0,0,0,0
2427,0,0,0,0
2428,0,0,0,0
2429,0,0,0,0
2430,0,0,0,0
2431,0,0,0,0
2432,0,0,0,0
2433,6,7,7,2
2434,5,9,9,6
2435,6,5,10,6
2436,5,10,8,4
2437,6,8,5,7
2438,5,7,6,4
2439,7,4,7,7
2440,5,3,9,4
2441,7,9,7,5
2442,9,9,8,4
2443,7,8,8,4
2444,5,6,7,5
2445,3,2,2,2
2446,1,1,1,2
2447,0,0,0,0
2448,0,0,0,0
2449,0,0,0,0
2450,1,0,0,0
2451,0,0,0,0
2452,0,0,0,0
2453,0,0,0,0
2454,0,0,0,0
2455,0,0,0,0
2456,0,0,0,0
2457,7,9,8,7
2458,8,15,11,9
2459,4,9,7,5
2460,8,3,7,5
2461,5,4,3,6
2462,5,7,5,6
2463,4,5,7,6
2464,5,6,6,3
2465,6,5,7,5
2466,6,4,3,6
2467,3,5,8,7
2468,4,4,5,6
2469,1,1,4,2
2470,1,0,0,1
2471,0,0,0,0
2472,0,0,0,0
2473,0,0,0,0
2474,0,0,0,0
2475,0,0,0,0
2476,0,0,0,0
2477,0,0,0,0
2478,0,0,0,0
2479,0,0,0,0
2480,0,0,0,0
2481,8,10,10,7
2482,10,11,8,6
2483,6,7,6,8
2484,6,1,2,4
2485,5,5,4,4
2486,5,5,5,5
2487,8,6,7,7
2488,3,5,7,2
2489,5,4,7,5
2490,7,5,2,5
2491,7,2,1,5
2492,7,3,2,4
2493,2,0,1,2
2494,0,0,1,2
2495,0,0,0,1
2496,0,0,0,0
2497,0,0,0,0
2498,0,0,0,0
2499,0,0,0,0
2500,0,0,0,0
2501,0,0,0,0
2502,0,0,0,0
2503,0,0,0,0
2504,0,0,0,0
2505,8,8,10,9
2506,5,6,7,10
2507,8,6,4,4
2508,6,4,5,6
2509,4,4,4,6
2510,8,5,6,8
2511,9,3,7,4
2512,7,3,6,4
2513,5,1,5,2
2514,3,4,3,3
2515,5,5,2,5
2516,6,4,1,5
2517,5,2,1,2
2518,2,1,1,0
2519,0,0,0,0
2520,0,0,0,0
2521,0,0,0,0
2522,0,0,0,0
2523,0,0,0,0
2524,0,0,0,0
2525,0,0,0,0
2526,0,0,0,0
2527,0,0,0,0
2528,0,0,0,0
2529,9,8,8,6
2530,5,9,10,8
2531,3,7,8,9
2532,3,6,8,3
2533,3,7,5,1
2534,7,2,4,2
2535,8,6,7,3
2536,9,6,7,6
2537,11,8,2,5
2538,9,7,4,2
2539,4,6,7,3
2540,8,3,7,7
2541,3,0,3,2
2542,2,0,0,2
2543,0,0,0,0
2544,0,0,0,0
2545,0,0,0,0
2546,0,0,0,0
2547,0,0,1,0
2548,0,0,0,0
2549,0,0,0,0
2550,0,0,0,0
2551,0,0,0,0
2552,0,0,0,0
2553,8,7,11,10
2554,6,8,7,7
2555,5,8,2,4
2556,5,6,7,3
2557,4,5,8,3
2558,4,7,10,1
2559,8,7,9,5
2560,4,9,6,3
2561,7,7,5,4
2562,12,5,5,3
2563,8,5,5,2
2564,7,2,6,2
2565,2,0,1,0
2566,1,0,0,0
2567,0,0,0,0
2568,0,0,0,0
2569,0,0,0,0
2570,0,0,0,0
2571,0,0,0,0
2572,0,0,0,0
2573,0,0,0,0
2574,0,0,0,0
2575,0,0,0,0
2576,0,0,0,0
2577,7,6,10,9
2578,6,8,9,6
2579,5,7,7,6
2580,3,8,4,6
2581,5,8,8,3
2582,7,6,6,4
2583,7,5,6,3
2584,5,6,10,2
2585,5,1,10,2
2586,4,8,8,1
2587,5,7,9,1
2588,6,7,8,1
2589,1,2,2,0
2590,0,1,0,0
2591,0,0,0,0
2592,0,0,1,0
2593,0,0,0,0
2594,0,0,0,0
2595,0,0,0,0
2596,0,0,0,0
2597,0,0,0,0
2598,0,0,0,0
2599,0,0,0,0
2600,0,0,0,0
2601,10,7,11,4
2602,14,12,4,5
2603,13,8,5,6
2604,3,5,1,4
2605,4,5,5,3
2606,6,5,2,2
2607,2,3,2,2
2608,5,3,3,3
2609,5,2,3,1
2610,8,4,5,3
2611,8,6,6,4
2612,7,2,2,4
2613,4,0,0,1
2614,2,0,0,0
2615,0,0,0,0
2616,0,0,0,0
2617,0,0,0,0
2618,0,0,0,0
2619,0,0,0,0
2620,0,0,0,0
2621,0,0,0,0
2622,0,0,0,0
2623,0,0,0,0
2624,0,0,0,0
2625,10,8,4,7
2626,8,7,4,8
2627,7,6,7,3
2628,4,4,5,3
2629,4,4,6,5
2630,2,6,5,3
2631,7,5,6,4
2632,5,4,4,3
2633,5,3,5,6
2634,6,6,4,5
2635,4,7,4,5
2636,2,6,5,3
2637,0,4,3,1
2638,0,0,1,0
2639,0,0,0,0
2640,0,0,0,0
2641,0,0,0,0
2642,0,0,0,0
2643,0,0,0,0
2644,0,0,0,0
2645,0,0,0,0
2646,0,0,0,0
2647,0,0,0,0
2648,0,0,0,0
2649,9,10,9,10
2650,8,9,8,7
2651,6,5,9,7
2652,2,4,4,5
2653,3,9,3,6
2654,3,5,2,2
2655,4,2,6,3
2656,3,0,7,6
2657,4,2,4,6
2658,5,6,3,6
2659,5,5,2,3
2660,4,5,4,7
2661,0,2,1,3
2662,0,2,0,1
2663,0,0,0,0
2664,0,0,0,0
2665,0,0,0,0
2666,0,0,0,0
2667,0,0,0,0
2668,0,0,0,0
2669,0,0,0,0
2670,0,0,0,0
2671,0,0,0,0
2672,0,0,0,0
2673,8,5,6,9
2674,7,6,9,9
2675,5,6,6,5
2676,5,3,5,3
2677,5,6,4,3
2678,5,4,6,7
2679,7,3,5,4
2680,6,5,5,4
2681,5,6,5,4
2682,5,5,5,2
2683,6,5,5,2
2684,9,4,5,2
2685,3,2,3,2
2686,1,1,0,1
2687,0,0,0,0
2688,0,0,0,0
2689,0,0,0,0
2690,0,0,0,0
2691,0,0,0,0
2692,0,0,0,0
2693,0,0,0,0
2694,0,0,0,0
2695,0,0,0,0
2696,0,0,0,0
2697,13,5,7,4
2698,9,6,8,5
2699,5,6,9,1
2700,8,7,2,2
2701,7,3,5,3
2702,8,4,6,3
2703,5,5,6,6
2704,4,8,8,3
2705,3,7,8,2
2706,3,2,10,2
2707,1,6,6,1
2708,2,6,4,3
2709,0,3,2,2
2710,1,1,0,1
2711,0,0,0,0
2712,0,0,0,0
2713,0,0,0,0
2714,0,0,0,0
2715,0,0,0,0
2716,0,0,0,0
2717,0,0,0,0
2718,0,0,0,0
2719,0,0,0,0
2720,0,0,0,0
2721,4,12,10,9
2722,3,11,10,8
2723,3,8,7,6
2724,4,6,4,3
2725,6,4,6,3
2726,5,4,4,2
2727,4,6,6,5
2728,2,2,5,4
2729,0,3,6,7
2730,0,1,10,7
2731,0,4,7,5
2732,3,4,4,3
2733,1,0,1,2
2734,0,1,1,0
2735,0,0,0,0
2736,0,0,0,0
2737,0,0,0,0
2738,0,0,0,0
2739,0,0,0,0
2740,0,0,0,0
2741,0,0,0,0
2742,0,0,0,0
2743,0,0,0,0
2744,0,0,0,0
2745,7,6,6,12
2746,7,3,7,10
2747,4,3,6,5
2748,2,3,1,1
2749,2,3,2,1
2750,5,5,5,4
2751,4,6,7,6
2752,7,5,6,6
2753,6,3,3,5
2754,4,6,3,4
2755,4,6,6,5
2756,5,6,7,3
2757,1,2,4,2
2758,0,0,2,1
2759,0,0,0,0
2760,0,0,0,0
2761,0,0,0,0
2762,0,0,0,0
2763,0,0,0,0
2764,0,0,0,0
2765,0,0,0,0
2766,0,0,0,0
2767,0,0,0,0
2768,0,0,0,0
2769,6,5,10,8
2770,9,6,10,8
2771,7,3,7,9
2772,6,2,5,7
2773,6,5,3,5
2774,6,5,6,4
2775,10,5,5,4
2776,8,4,7,5
2777,8,5,9,3
2778,6,6,6,5
2779,4,8,7,8
2780,3,5,6,5
2781,2,1,2,1
2782,1,1,0,0
2783,0,0,0,0
2784,0,0,0,0
2785,0,0,0,0
2786,0,0,0,0
2787,0,0,0,0
2788,0,0,0,0
2789,0,0,0,0
2790,0,0,0,0
2791,0,0,0,0
2792,0,0,0,0
2793,10,10,10,10
2794,9,6,8,8
2795,7,5,8,8
2796,4,2,5,5
2797,7,2,5,5
2798,5,8,6,7
2799,4,8,6,5
2800,4,4,6,5
2801,4,6,5,8
2802,2,5,3,4
2803,3,5,5,9
2804,4,2,6,8
2805,1,0,4,3
2806,0,0,2,3
2807,0,0,0,0
2808,0,0,0,0
2809,0,0,0,0
2810,0,0,0,0
2811,0,0,0,0
2812,0,0,0,0
2813,0,0,0,0
2814,0,0,0,0
2815,0,0,0,0
2816,0,0,0,0
2817,13,8,9,7
2818,11,9,9,3
2819,7,7,4,5
2820,7,5,4,5
2821,4,6,7,3
2822,6,5,5,7
2823,7,5,7,6
2824,6,5,4,6
2825,6,7,6,7
2826,7,7,4,6
2827,9,7,3,6
2828,1,5,2,3
2829,1,1,0,1
2830,1,0,0,0
2831,0,0,0,0
2832,0,0,0,0
2833,0,0,0,0
2834,0,0,0,0
2835,0,0,0,0
2836,0,0,0,0
2837,0,0,0,0
2838,0,0,0,0
2839,0,0,0,0
2840,0,0,0,0
2841,9,9,11,5
2842,10,9,10,5
2843,4,6,6,6
2844,4,4,3,6
2845,6,3,7,4
2846,6,4,8,5
2847,5,8,6,6
2848,4,7,8,6
2849,3,5,5,7
2850,5,5,3,9
2851,7,5,3,6
2852,2,7,4,5
2853,1,4,2,1
2854,1,1,0,0
2855,0,0,1,0
2856,0,0,0,0
2857,0,0,0,0
2858,0,0,0,0
2859,0,0,0,0
2860,0,0,0,0
2861,0,0,0,0
2862,0,0,0,0
2863,0,0,0,0
2864,0,0,0,0
2865,8,5,9,8
2866,8,5,11,7
2867,7,5,6,9
2868,6,7,7,3
2869,4,6,3,5
2870,5,4,2,5
2871,3,5,2,6
2872,4,6,3,11
2873,4,4,4,7
2874,5,3,2,4
2875,7,3,5,4
2876,1,5,5,6
2877,0,1,2,3
2878,0,0,0,0
2879,0,0,0,0
2880,0,0,0,0
2881,0,0,0,0
2882,0,0,0,0
2883,0,0,0,0
2884,0,0,0,0
2885,0,0,0,0
2886,0,0,0,0
2887,0,0,0,0
2888,0,0,0,0
2889,7,7,11,7
2890,7,6,8,5
2891,6,1,8,3
2892,2,5,4,6
2893,5,6,1,6
2894,3,7,4,3
2895,6,5,6,8
2896,5,3,4,5
2897,7,4,3,7
2898,8,4,5,4
2899,5,4,2,3
2900,2,4,3,4
2901,1,3,1,1
2902,0,1,0,1
2903,0,0,0,0
2904,0,0,0,0
2905,0,0,0,0
2906,0,0,0,0
2907,0,0,0,0
2908,0,0,0,0
2909,0,0,0,0
2910,0,0,0,0
2911,0,0,0,0
2912,0,0,0,0
2913,5,5,5,9
2914,5,6,4,8
2915,5,3,3,7
2916,4,3,6,4
2917,7,4,5,5
2918,5,4,3,2
2919,10,4,2,5
2920,8,3,3,4
2921,6,4,6,4
2922,3,9,6,3
2923,5,7,9,4
2924,5,5,4,3
2925,2,1,3,1
2926,1,0,0,0
2927,0,0,0,0
2928,0,0,0,0
2929,0,0,0,0
2930,0,0,0,0
2931,0,0,0,0
2932,0,0,0,0
2933,0,0,0,0
2934,0,0,0,0
2935,0,0,0,0
2936,0,0,0,0
2937,8,7,10,8
2938,6,8,7,8
2939,7,6,3,6
2940,6,7,3,5
2941,7,4,7,3
2942,7,2,5,4
2943,4,4,6,4
2944,6,2,5,3
2945,10,1,3,4
2946,5,3,2,6
2947,2,4,3,4
2948,2,3,4,2
2949,0,1,3,0
2950,0,0,1,0
2951,0,0,0,0
2952,0,0,0,0
2953,0,0,0,0
2954,0,0,0,0
2955,0,0,0,0
2956,0,0,0,0
2957,0,0,0,0
2958,0,0,0,0
2959,0,0,0,0
2960,0,0,0,0
2961,7,8,9,7
2962,4,8,6,6
2963,6,7,6,2
2964,5,5,6,5
2965,7,7,4,2
2966,5,3,6,4
2967,2,6,6,7
2968,5,5,3,6
2969,4,5,3,7
2970,3,5,3,4
2971,2,6,2,4
2972,6,3,1,6
2973,1,1,1,1
2974,0,0,0,1
2975,0,0,0,0
2976,0,0,0,0
2977,0,0,0,1
2978,0,0,0,0
2979,0,0,0,0
2980,0,0,0,0
2981,0,0,0,0
2982,0,0,0,0
2983,0,0,0,0
2984,0,0,0,0
2985,7,9,6,11
2986,9,7,7,10
2987,6,7,4,7
2988,4,7,3,8
2989,3,5,4,4
2990,8,5,3,3
2991,10,4,6,5
2992,9,6,1,6
2993,6,8,2,6
2994,3,9,1,5
2995,4,6,3,5
2996,3,5,5,4
2997,2,1,2,2
2998,2,0,1,0
2999,0,0,0,0
3000,0,0,0,0
3001,0,0,0,0
3002,0,0,1,0
3003,0,0,0,0
3004,0,0,0,0
3005,0,0,0,0
3006,0,0,0,0
3007,0,0,0,0
3008,0,0,0,0
3009,10,10,6,7
3010,9,11,7,7
3011,6,4,5,6
3012,6,2,8,5
3013,5,4,5,6
3014,3,10,5,3
3015,5,10,6,4
3016,4,5,5,5
3017,5,7,6,5
3018,4,4,2,5
3019,3,4,2,6
3020,4,7,3,5
3021,3,3,2,3
3022,2,2,1,1
3023,0,0,0,0
3024,0,0,0,0
3025,0,0,0,0
3026,0,0,0,0
3027,0,0,0,0
3028,0,0,0,0
3029,0,0,0,0
3030,0,0,0,0
3031,0,0,0,0
3032,0,0,0,0
3033,5,7,8,7
3034,2,8,8,6
3035,2,7,4,6
3036,3,4,4,7
3037,6,6,4,9
3038,5,7,6,5
3039,7,6,5,5
3040,6,9,7,8
3041,3,10,5,9
3042,4,6,4,7
3043,2,5,4,6
3044,3,5,7,4
3045,2,2,2,2
3046,0,0,0,1
3047,0,0,0,0
3048,0,0,0,0
3049,0,0,0,0
3050,0,0,0,0
3051,0,0,0,0
3052,0,0,0,0
3053,0,0,0,0
3054,0,0,0,0
3055,0,0,0,0
3056,0,0,0,0
3057,7,8,10,10
3058,8,8,8,7
3059,5,5,7,5
3060,3,5,5,5
3061,6,2,5,3
3062,3,5,5,4
3063,7,6,7,7
3064,4,7,6,5
3065,4,6,5,3
3066,3,7,4,1
3067,6,5,5,3
3068,4,7,4,2
3069,0,5,2,1
3070,0,3,0,0
3071,0,0,0,0
3072,0,0,0,0
3073,0,0,0,0
3074,0,0,0,0
3075,0,0,0,0
3076,0,0,0,0
3077,0,0,0,0
3078,0,0,0,0
3079,0,0,0,0
3080,0,0,0,0
3081,6,9,8,9
3082,10,11,7,5
3083,7,8,8,4
3084,6,5,5,5
3085,4,3,5,6
3086,3,7,4,3
3087,6,7,3,4
3088,5,8,3,4
3089,7,8,7,7
3090,10,8,7,5
3091,5,8,6,5
3092,5,5,5,2
3093,1,1,2,1
3094,1,0,1,0
3095,0,0,0,0
3096,0,0,0,0
3097,0,0,0,1
3098,0,0,0,0
3099,0,0,0,0
3100,0,0,0,0
3101,0,0,0,0
3102,0,0,0,0
3103,0,0,0,0
3104,0,0,0,0
3105,8,6,10,10
3106,8,8,10,9
3107,7,6,9,5
3108,4,3,3,3
3109,6,4,4,5
3110,6,7,4,3
3111,6,11,3,4
3112,8,6,5,1
3113,8,6,6,4
3114,7,5,5,4
3115,5,4,3,4
3116,6,5,4,3
3117,0,2,1,1
3118,0,1,1,1
3119,0,0,0,0
3120,0,0,0,0
3121,0,0,0,0
3122,0,0,0,0
3123,0,0,0,0
3124,0,0,0,0
3125,0,0,0,0
3126,0,0,0,0
3127,0,0,0,0
3128,0,0,0,0
3129,5,8,8,9
3130,7,7,8,10
3131,5,4,7,7
3132,4,4,5,5
3133,6,5,4,5
3134,7,6,5,5
3135,6,5,5,2
3136,7,7,8,5
3137,5,5,8,6
3138,4,6,6,4
3139,4,8,2,8
3140,5,5,2,4
3141,1,3,1,1
3142,1,1,0,0
3143,0,0,0,0
3144,0,0,1,0
3145,0,0,0,0
3146,0,0,0,0
3147,0,0,0,0
3148,0,0,0,0
3149,0,0,0,0
3150,0,0,0,0
3151,0,0,0,0
3152,0,0,0,0
3153,6,7,8,9
3154,7,6,10,10
3155,7,5,7,8
3156,5,3,3,6
3157,5,2,3,3
3158,7,7,6,5
3159,5,3,5,8
3160,4,7,4,6
3161,6,3,5,6
3162,6,7,7,3
3163,4,3,6,9
3164,2,6,9,6
3165,1,2,3,3
3166,1,1,1,1
3167,0,0,0,0
3168,0,0,0,0
3169,0,0,0,0
3170,0,0,1,0
3171,0,0,0,0
3172,0,0,0,0
3173,0,0,0,0
3174,0,0,0,0
3175,0,0,0,0
3176,0,0,0,0
3177,9,9,12,8
3178,9,8,10,6
3179,8,4,6,2
3180,6,2,4,3
3181,5,2,5,5
3182,4,3,8,5
3183,6,4,5,5
3184,8,5,4,5
3185,10,7,5,9
3186,11,7,6,6
3187,8,6,3,9
3188,5,3,4,6
3189,0,0,2,3
3190,0,0,0,1
3191,0,0,0,0
3192,0,0,0,0
3193,0,0,0,0
3194,0,0,0,0
3195,0,0,0,0
3196,0,0,0,0
3197,0,0,0,0
3198,0,0,0,0
3199,0,0,0,0
3200,0,0,0,0
3201,11,4,7,6
3202,10,7,3,7
3203,7,5,7,5
3204,8,6,5,3
3205,6,6,3,2
3206,8,4,2,6
3207,5,3,4,8
3208,6,6,5,6
3209,7,4,4,9
3210,9,4,5,6
3211,7,5,4,8
3212,4,5,1,4
3213,1,2,0,2
3214,0,1,0,0
3215,0,0,0,0
3216,0,0,0,0
3217,0,0,1,0
3218,0,0,0,0
3219,0,0,0,0
3220,0,0,0,0
3221,0,0,0,0
3222,0,0,0,0
3223,0,0,0,0
3224,0,0,0,0
3225,6,7,8,10
3226,8,5,8,12
3227,6,6,6,7
3228,2,4,3,4
3229,4,4,7,4
3230,7,8,7,5
3231,8,3,5,7
3232,6,3,5,5
3233,4,10,6,6
3234,3,6,3,3
3235,6,1,4,4
3236,6,3,2,7
3237,3,2,0,4
3238,0,1,0,0
3239,0,0,0,0
3240,0,0,0,0
3241,0,1,0,0
3242,0,0,0,0
3243,0,0,0,0
3244,0,0,0,0
3245,0,0,0,0
3246,0,0,0,0
3247,0,0,0,0
3248,0,0,0,0
3249,3,9,8,10
3250,7,11,7,6
3251,6,6,7,5
3252,6,6,6,3
3253,5,4,7,4
3254,8,4,6,6
3255,4,1,2,8
3256,5,5,5,6
3257,3,9,4,4
3258,5,4,3,2
3259,3,4,4,2
3260,3,5,4,4
3261,1,3,2,1
3262,1,2,1,0
3263,0,0,1,0
3264,0,0,0,0
3265,0,0,0,0
3266,0,0,0,0
3267,0,0,0,0
3268,0,0,0,0
3269,0,0,0,0
3270,0,0,0,0
3271,0,0,0,0
3272,0,0,0,0
3273,12,11,9,8
3274,7,9,4,9
3275,6,7,5,7
3276,1,1,3,4
3277,3,2,3,2
3278,5,10,6,5
3279,6,12,8,6
3280,5,11,10,8
3281,6,9,4,8
3282,6,5,3,6
3283,2,4,2,3
3284,4,3,5,5
3285,3,1,0,2
3286,3,1,0,1
3287,0,0,0,0
3288,0,0,0,0
3289,0,0,0,0
3290,0,0,0,0
3291,0,0,0,0
3292,0,0,0,0
3293,0,0,0,0
3294,0,0,0,0
3295,0,0,0,0
3296,0,0,0,0
3297,6,11,10,6
3298,7,10,10,9
3299,5,5,9,6
3300,2,0,2,6
3301,6,2,4,4
3302,3,9,4,3
3303,5,8,3,5
3304,3,9,9,6
3305,5,7,7,3
3306,3,6,10,4
3307,3,3,2,5
3308,1,2,4,7
3309,0,1,3,5
3310,0,0,1,0
3311,0,0,0,0
3312,0,0,0,0
3313,0,0,0,0
3314,0,0,0,0
3315,0,0,0,0
3316,0,0,0,0
3317,0,0,0,0
3318,0,0,0,0
3319,0,0,0,0
3320,0,0,0,0
3321,5,8,7,6
3322,5,8,7,7
3323,6,4,4,7
3324,6,3,2,6
3325,2,2,3,5
3326,8,5,6,3
3327,8,5,4,5
3328,6,4,5,7
3329,6,7,5,6
3330,4,6,2,6
3331,2,5,2,1
3332,6,3,2,3
3333,3,2,2,0
3334,2,1,0,0
3335,0,0,0,0
3336,0,0,0,0
3337,0,0,0,0
3338,0,0,0,0
3339,0,0,0,0
3340,0,0,0,0
3341,0,0,0,0
3342,0,0,0,0
3343,0,0,0,0
3344,0,0,0,0
3345,8,6,6,5
3346,8,8,5,8
3347,8,8,3,3
3348,5,6,1,3
3349,4,5,4,1
3350,3,7,4,4
3351,3,4,4,7
3352,6,4,5,9
3353,6,7,3,5
3354,6,5,4,6
3355,3,4,4,4
3356,2,7,5,4
3357,1,1,1,2
3358,1,0,0,1
3359,0,0,0,0
3360,0,0,0,0
3361,0,0,0,0
3362,0,0,0,0
3363,0,0,0,0
3364,0,0,0,0
3365,0,0,0,0
3366,0,0,0,0
3367,0,0,0,0
3368,0,0,0,0
3369,8,6,8,7
3370,5,6,5,4
3371,5,4,5,5
3372,5,5,4,5
3373,4,5,3,4
3374,7,3,8,6
3375,8,5,8,8
3376,5,7,5,6
3377,7,6,3,7
3378,6,8,7,1
3379,4,3,4,5
3380,6,5,5,5
3381,2,2,2,1
3382,0,1,0,0
3383,0,0,0,0
3384,0,0,0,0
3385,0,0,0,0
3386,0,0,0,0
3387,0,0,0,0
3388,0,0,0,0
3389,0,0,0,0
3390,0,0,0,0
3391,0,0,0,0
3392,0,0,0,0
3393,9,5,9,6
3394,5,3,8,6
3395,5,6,5,3
3396,3,7,5,3
3397,6,6,5,3
3398,4,3,6,4
3399,6,6,6,7
3400,4,7,5,8
3401,6,6,4,5
3402,3,2,5,7
3403,4,5,4,3
3404,2,5,5,5
3405,1,0,2,2
3406,0,0,0,0
3407,0,0,0,0
3408,0,0,0,0
3409,0,0,0,0
3410,0,0,0,0
3411,0,0,0,0
3412,0,0,0,0
3413,0,0,0,0
3414,0,0,0,0
3415,0,0,0,0
3416,0,0,0,0
3417,9,8,11,9
3418,7,7,11,7
3419,7,6,8,4
3420,1,4,6,3
3421,2,7,7,1
3422,1,4,5,3
3423,4,2,5,5
3424,3,1,6,6
3425,2,5,3,5
3426,2,5,5,7
3427,5,7,6,7
3428,3,5,3,5
3429,1,3,0,3
3430,1,0,0,1
3431,0,0,0,0
3432,0,0,0,0
3433,0,0,0,0
3434,0,0,0,0
3435,0,0,0,0
3436,0,0,0,0
3437,0,0,0,0
3438,0,0,0,0
3439,0,0,0,0
3440,0,0,0,0
3441,7,8,11,8
3442,6,6,8,9
3443,3,3,4,5
3444,3,2,4,5
3445,2,3,4,5
3446,5,6,2,8
3447,4,4,2,8
3448,6,5,4,6
3449,4,4,6,7
3450,5,5,6,6
3451,6,5,2,9
3452,6,4,2,11
3453,2,1,0,5
3454,1,1,0,0
3455,0,0,0,0
3456,0,0,0,0
3457,0,0,0,0
3458,0,0,0,0
3459,0,0,0,0
3460,0,0,0,0
3461,0,0,0,0
3462,0,0,0,0
3463,0,0,0,0
3464,0,0,0,0
3465,6,8,7,9
3466,6,8,7,8
3467,5,5,7,2
3468,7,3,8,1
3469,6,5,6,5
3470,6,4,7,3
3471,7,3,9,3
3472,7,6,7,7
3473,4,8,9,6
3474,3,4,9,3
3475,8,3,6,5
3476,7,1,4,7
3477,6,0,2,7
3478,2,0,1,3
3479,0,0,0,1
3480,0,0,0,0
3481,0,0,0,0
3482,0,0,0,0
3483,0,0,0,0
3484,0,0,0,0
3485,0,0,0,0
3486,0,0,0,0
3487,0,0,0,0
3488,0,0,0,0
3489,8,6,7,11
3490,6,5,8,9
3491,7,7,5,8
3492,9,4,1,4
3493,7,6,8,2
3494,4,7,6,3
3495,4,4,6,5
3496,8,6,5,4
3497,7,6,7,6
3498,6,7,8,2
3499,5,6,7,5
3500,6,7,6,4
3501,4,4,4,1
3502,1,0,3,1
3503,0,0,0,0
3504,0,0,0,0
3505,0,1,0,0
3506,0,0,0,0
3507,0,0,0,0
3508,0,0,0,0
3509,0,0,0,0
3510,0,0,0,0
3511,0,0,0,0
3512,0,0,0,0
3513,8,9,10,4
3514,10,5,7,7
3515,4,6,3,6
3516,6,4,1,7
3517,5,5,4,6
3518,5,7,5,5
3519,6,7,4,6
3520,3,5,4,5
3521,4,6,5,7
3522,8,4,6,6
3523,7,2,4,4
3524,5,5,8,4
3525,2,1,3,1
3526,1,0,1,0
3527,0,0,0,0
3528,0,0,0,0
3529,0,0,0,0
3530,0,0,0,0
3531,0,0,0,0
3532,0,0,0,0
3533,0,0,0,0
3534,0,0,0,0
3535,0,0,0,0
3536,0,0,0,0
3537,6,9,10,13
3538,4,8,11,10
3539,5,7,7,8
3540,6,3,6,4
3541,5,0,5,6
3542,3,4,4,8
3543,8,4,8,5
3544,7,4,10,1
3545,4,3,8,5
3546,4,5,4,4
3547,4,2,3,7
3548,6,1,3,10
3549,2,1,1,5
3550,0,1,2,0
3551,0,0,0,0
3552,0,0,0,0
3553,0,0,0,0
3554,0,0,0,0
3555,0,0,0,0
3556,0,0,0,0
3557,0,0,0,0
3558,0,0,0,0
3559,0,0,0,0
3560,0,0,0,0
3561,9,6,7,10
3562,9,8,10,8
3563,5,3,6,6
3564,3,2,2,5
3565,3,4,4,3
3566,7,5,7,5
3567,4,5,10,9
3568,4,5,10,10
3569,2,3,8,6
3570,5,3,7,8
3571,2,1,4,6
3572,3,3,4,8
3573,0,0,2,4
3574,0,0,0,0
3575,0,0,0,0
3576,0,0,0,0
3577,0,0,0,0
3578,0,0,1,0
3579,0,0,0,0
3580,0,0,0,0
3581,0,0,0,0
3582,0,0,0,0
3583,0,0,0,0
3584,0,0,0,0
3585,6,6,10,10
3586,6,6,9,7
3587,7,7,4,4
3588,6,6,3,6
3589,5,1,5,6
3590,4,2,8,7
3591,3,2,5,5
3592,5,1,3,4
3593,3,4,2,2
3594,6,4,6,6
3595,6,5,1,6
3596,6,5,2,6
3597,3,1,2,3
3598,2,0,1,1
3599,0,0,0,0
3600,0,0,0,0
3601,0,0,0,0
3602,0,0,0,0
3603,0,0,0,0
3604,0,0,1,0
3605,0,0,0,0
3606,0,0,0,0
3607,0,0,0,0
3608,0,0,0,0
3609,5,8,9,5
3610,6,6,7,6
3611,3,5,7,4
3612,8,3,6,5
3613,9,5,3,1
3614,7,5,3,6
3615,2,4,4,7
3616,4,3,4,6
3617,3,3,5,3
3618,2,7,6,4
3619,2,4,4,6
3620,2,3,6,3
3621,1,1,3,1
3622,0,1,3,1
3623,0,0,0,0
3624,0,0,0,0
3625,0,0,0,0
3626,0,0,0,0
3627,0,0,0,0
3628,0,0,0,0
3629,0,0,0,0
3630,0,0,0,0
3631,0,0,0,0
3632,0,0,0,0
3633,8,11,11,10
3634,8,11,7,10
3635,3,9,3,7
3636,5,5,6,2
3637,5,8,4,2
3638,3,3,4,2
3639,5,8,5,4
3640,3,8,5,4
3641,3,8,7,5
3642,3,7,8,6
3643,6,5,6,5
3644,2,6,6,4
3645,2,2,4,1
3646,1,1,0,0
3647,0,0,0,0
3648,0,0,0,0
3649,0,0,0,0
3650,0,0,0,0
3651,0,0,0,0
3652,0,0,0,0
3653,0,0,0,0
3654,0,0,0,0
3655,0,0,0,0
3656,0,0,0,0
3657,9,8,7,4
3658,11,13,6,5
3659,10,11,7,5
3660,4,6,2,4
3661,2,4,4,4
3662,2,4,6,1
3663,6,7,6,3
3664,5,6,4,4
3665,8,6,9,4
3666,7,5,12,5
3667,5,7,10,5
3668,4,5,5,2
3669,3,1,2,0
3670,1,1,1,0
3671,0,0,0,0
3672,0,0,0,0
3673,0,0,0,0
3674,0,1,0,0
3675,0,0,0,0
3676,0,0,0,1
3677,0,0,0,0
3678,0,0,0,0
3679,0,0,0,0
3680,0,0,0,0
3681,8,10,9,8
3682,8,10,9,8
3683,6,4,7,6
3684,7,2,3,7
3685,6,4,2,6
3686,3,7,3,4
3687,3,6,6,5
3688,9,4,7,4
3689,9,3,6,0
3690,7,2,7,2
3691,11,2,4,5
3692,8,3,4,5
3693,4,0,1,4
3694,0,0,0,1
3695,0,0,0,1
3696,0,0,0,0
3697,0,0,0,0
3698,0,0,0,0
3699,0,0,1,0
3700,0,0,0,0
3701,0,0,0,0
3702,0,0,0,0
3703,0,0,0,0
3704,0,0,0,0
3705,11,5,10,10
3706,8,7,6,9
3707,8,8,5,5
3708,8,5,5,7
3709,8,4,4,7
3710,6,10,4,2
3711,8,6,4,5
3712,8,8,6,6
3713,9,6,5,6
3714,6,3,4,7
3715,6,5,4,7
3716,6,1,4,8
3717,3,0,2,3
3718,1,0,0,1
3719,0,0,0,0
3720,0,0,0,0
3721,0,0,0,0
3722,0,0,0,0
3723,0,0,0,0
3724,0,0,0,0
3725,0,0,0,0
3726,0,0,0,0
3727,0,0,0,0
3728,0,0,0,0
3729,10,11,9,8
3730,5,8,7,7
3731,3,3,6,6
3732,3,3,2,6
3733,9,2,6,8
3734,7,6,5,7
3735,4,6,4,6
3736,7,10,8,8
3737,8,6,8,7
3738,11,5,10,8
3739,5,5,9,10
3740,4,3,3,7
3741,2,1,0,4
3742,2,0,1,3
3743,0,0,0,0
3744,0,0,0,0
3745,0,0,0,0
3746,0,0,0,0
3747,0,0,0,0
3748,0,0,0,0
3749,0,0,0,0
3750,0,0,0,0
3751,0,0,0,0
3752,0,0,0,0
3753,8,11,11,8
3754,7,10,9,7
3755,7,7,8,7
3756,6,3,6,5
3757,3,3,3,5
3758,9,5,4,5
3759,9,5,7,4
3760,8,8,7,4
3761,6,8,4,7
3762,7,10,5,7
3763,10,5,3,3
3764,8,5,3,2
3765,4,2,0,1
3766,2,1,0,1
3767,0,0,0,0
3768,0,0,0,0
3769,0,0,0,0
3770,0,0,0,0
3771,0,0,0,0
3772,0,0,0,0
3773,0,0,0,0
3774,0,0,0,0
3775,0,0,0,0
3776,0,0,0,0
3777,7,8,12,11
3778,11,10,10,7
3779,6,9,7,5
3780,2,7,5,5
3781,3,6,2,4
3782,3,8,4,7
3783,4,6,7,9
3784,5,5,5,11
3785,3,6,6,9
3786,6,5,4,10
3787,6,5,5,9
3788,4,5,5,2
3789,2,4,5,1
3790,0,1,2,0
3791,0,0,0,0
3792,0,0,0,0
3793,0,0,0,0
3794,0,0,0,0
3795,0,0,0,0
3796,0,0,0,0
3797,0,0,0,0
3798,0,0,0,0
3799,0,0,0,0
3800,0,0,0,0
3801,8,8,9,10
3802,7,5,7,12
3803,7,6,3,10
3804,7,7,2,7
3805,5,5,3,4
3806,7,8,6,3
3807,13,5,9,6
3808,6,5,8,5
3809,5,6,4,8
3810,5,6,6,9
3811,3,6,4,6
3812,3,6,6,3
3813,3,4,1,2
3814,2,1,1,1
3815,1,0,0,0
3816,0,0,0,0
3817,0,0,0,0
3818,0,0,0,0
3819,0,0,0,0
3820,0,0,0,0
3821,0,0,0,0
3822,0,0,0,0
3823,0,0,0,0
3824,0,0,0,0
3825,11,9,10,8
3826,7,11,12,12
3827,5,7,7,6
3828,3,5,4,5
3829,2,4,3,3
3830,3,5,4,6
3831,3,3,4,8
3832,5,3,7,8
3833,2,5,7,8
3834,3,7,6,6
3835,1,6,5,3
3836,2,7,6,2
3837,1,1,4,1
3838,0,0,0,1
3839,0,0,0,0
3840,0,0,0,0
3841,0,0,0,0
3842,0,0,0,0
3843,0,0,0,0
3844,0,0,0,0
3845,0,0,0,0
3846,0,0,0,0
3847,0,0,0,0
3848,0,0,0,0
3849,7,6,6,5
3850,5,4,9,8
3851,2,5,7,4
3852,5,8,5,4
3853,3,6,3,4
3854,1,6,3,4
3855,2,4,4,5
3856,3,3,6,5
3857,6,4,7,4
3858,5,3,6,5
3859,2,3,7,4
3860,6,8,7,3
3861,0,3,4,2
3862,0,0,2,1
3863,0,0,0,0
3864,0,0,0,0
3865,0,1,0,0
3866,0,0,0,0
3867,0,0,0,0
3868,0,0,0,0
3869,0,0,0,0
3870,0,0,0,0
3871,0,0,0,0
3872,0,0,0,0
3873,7,6,10,8
3874,10,6,8,6
3875,4,4,3,5
3876,7,5,5,2
3877,6,7,5,4
3878,6,5,8,4
3879,7,2,5,6
3880,7,4,6,8
3881,4,8,5,4
3882,2,7,4,4
3883,3,10,4,2
3884,3,8,5,2
3885,1,4,3,0
3886,1,0,2,0
3887,0,0,0,0
3888,0,0,0,0
3889,0,0,0,0
3890,0,0,0,0
3891,0,0,0,0
3892,0,0,0,0
3893,0,0,0,0
3894,0,0,0,0
3895,0,0,0,0
3896,0,0,0,0
3897,8,10,8,11
3898,8,8,6,9
3899,6,4,5,5
3900,2,6,5,4
3901,8,6,5,3
3902,9,3,7,4
3903,4,4,6,7
3904,7,8,5,7
3905,5,7,7,8
3906,9,10,3,8
3907,7,5,6,6
3908,5,2,4,5
3909,2,1,2,3
3910,1,1,1,0
3911,0,0,0,0
3912,0,0,0,0
3913,0,0,0,0
3914,0,0,0,0
3915,0,0,0,0
3916,0,0,0,0
3917,0,0,0,0
3918,0,0,0,0
3919,0,0,0,0
3920,0,0,0,0
3921,8,9,10,11
3922,9,9,8,8
3923,7,7,7,10
3924,3,3,6,7
3925,5,2,8,5
3926,4,6,8,6
3927,6,6,11,7
3928,5,9,9,7
3929,6,4,4,5
3930,8,2,7,4
3931,7,5,5,5
3932,6,5,6,4
3933,2,3,1,2
3934,2,0,0,1
3935,0,0,0,0
3936,0,0,0,0
3937,0,0,1,0
3938,0,0,0,0
3939,0,0,0,0
3940,0,0,0,0
3941,0,0,0,0
3942,0,0,0,0
3943,0,0,0,0
3944,0,0,0,0
3945,9,5,9,11
3946,5,7,5,10
3947,4,6,5,7
3948,7,4,6,6
3949,7,4,8,3
3950,6,4,3,5
3951,3,5,4,4
3952,3,2,4,6
3953,3,6,6,5
3954,4,4,5,8
3955,10,7,5,7
3956,8,7,3,5
3957,1,3,2,1
3958,0,0,1,1
3959,0,0,1,0
3960,0,0,0,0
3961,0,0,0,0
3962,0,0,0,0
3963,0,0,0,0
3964,0,0,0,0
3965,0,0,0,0
3966,0,0,0,0
3967,0,0,0,0
3968,0,0,0,0
3969,5,8,9,5
3970,7,8,6,5
3971,5,10,5,7
3972,6,4,4,6
3973,8,4,4,6
3974,10,2,2,5
3975,11,5,2,6
3976,7,7,6,3
3977,8,7,6,4
3978,6,5,4,8
3979,4,8,2,4
3980,7,5,3,3
3981,4,1,0,2
3982,0,0,0,1
3983,0,0,0,0
3984,0,0,0,0
3985,0,0,0,0
3986,0,0,0,0
3987,0,0,0,0
3988,0,0,0,0
3989,0,0,0,0
3990,0,0,0,0
3991,0,0,0,0
3992,0,0,0,0
3993,6,7,8,9
3994,6,7,7,4
3995,3,7,8,3
3996,5,7,5,4
3997,8,7,3,9
3998,9,8,4,4
3999,10,6,5,4
4000,6,7,2,5
4001,3,9,3,8
4002,4,7,4,5
4003,7,6,5,2
4004,5,6,2,2
4005,2,2,1,1
4006,1,1,0,0
4007,0,0,0,0
4008,0,0,0,1
4009,0,0,0,0
4010,0,0,0,0
4011,0,0,0,0
4012,0,0,0,0
4013,0,0,0,0
4014,0,0,0,0
4015,0,0,0,0
4016,0,0,0,0
4017,11,9,7,9
4018,11,8,7,11
4019,8,6,8,6
4020,5,4,3,3
4021,7,3,3,4
4022,9,5,4,3
4023,11,7,3,7
4024,8,6,4,7
4025,6,7,4,8
4026,7,6,6,7
4027,10,4,5,4
4028,7,4,5,2
4029,2,1,1,0
4030,1,0,0,0
4031,0,0,0,0
4032,0,0,0,1
4033,0,0,0,0
4034,0,0,0,0
4035,0,0,0,0
4036,0,0,0,0
4037,0,0,0,0
4038,0,0,0,0
4039,0,0,0,0
4040,0,0,0,0
4041,11,5,7,8
4042,7,7,9,13
4043,3,3,6,12
4044,4,6,9,7
4045,3,5,6,4
4046,5,7,2,5
4047,6,6,6,5
4048,3,8,7,2
4049,6,8,6,5
4050,4,7,4,7
4051,8,2,4,7
4052,7,5,7,6
4053,3,2,4,3
4054,2,0,2,0
4055,0,0,0,0
4056,0,0,0,0
4057,0,0,0,0
4058,0,0,0,0
4059,0,0,0,0
4060,0,0,0,0
4061,0,0,0,0
4062,0,0,0,0
4063,0,0,0,0
4064,0,0,0,0
4065,9,7,13,11
4066,10,5,6,9
4067,8,8,5,6
4068,7,4,3,6
4069,6,4,3,11
4070,4,5,3,11
4071,3,4,6,10
4072,4,7,5,7
4073,4,5,3,5
4074,5,5,5,8
4075,4,7,4,6
4076,5,5,2,5
4077,1,2,0,2
4078,0,1,0,1
4079,0,0,0,0
4080,0,0,0,0
4081,0,0,0,0
4082,0,0,0,0
4083,0,0,0,0
4084,0,0,0,0
4085,0,0,0,0
4086,0,0,0,0
4087,0,0,0,0
4088,0,0,0,0
4089,10,8,9,10
4090,6,5,11,11
4091,6,4,8,11
4092,4,4,5,4
4093,4,2,4,4
4094,3,4,6,4
4095,6,4,7,7
4096,4,5,5,9
4097,5,6,3,6
4098,3,1,1,5
4099,4,8,5,4
4100,3,5,5,2
4101,1,0,3,2
4102,0,0,1,0
4103,0,0,0,0
4104,0,0,0,0
4105,0,0,0,0
4106,0,0,0,0
4107,0,0,0,0
4108,0,0,0,0
4109,0,0,0,0
4110,0,0,0,0
4111,0,0,0,0
4112,0,0,0,0
4113,13,8,6,8
4114,12,8,8,8
4115,7,8,10,6
4116,5,5,7,4
4117,5,4,7,2
4118,5,7,7,7
4119,2,6,8,7
4120,7,8,4,5
4121,9,6,8,5
4122,8,4,10,3
4123,9,5,7,4
4124,9,6,5,2
4125,5,4,1,0
4126,4,0,0,0
4127,0,0,0,0
4128,0,0,0,0
4129,0,0,0,0
4130,0,0,0,0
4131,0,1,0,0
4132,0,0,0,0
4133,0,0,0,0
4134,0,0,0,0
4135,0,0,0,0
4136,0,0,0,0
4137,14,9,8,6
4138,11,9,9,8
4139,7,8,9,5
4140,4,5,5,6
4141,6,5,5,3
4142,11,4,7,3
4143,8,4,8,4
4144,5,9,10,6
4145,10,8,9,5
4146,5,4,6,4
4147,9,4,3,4
4148,8,6,6,3
4149,3,2,1,0
4150,1,0,1,0
4151,0,0,0,0
4152,0,0,0,0
4153,0,0,0,0
4154,0,0,0,0
4155,0,0,0,0
4156,0,0,0,0
4157,0,0,0,0
4158,0,0,0,0
4159,0,0,0,0
4160,0,0,0,0
4161,9,7,5,7
4162,10,9,5,5
4163,5,4,5,5
4164,2,5,5,4
4165,5,6,6,3
4166,6,3,7,6
4167,6,3,7,8
4168,5,5,6,5
4169,6,6,5,4
4170,7,6,5,3
4171,8,5,5,2
4172,8,5,1,1
4173,1,2,1,0
4174,0,0,0,0
4175,0,0,0,0
4176,0,0,0,0
4177,0,0,0,0
4178,0,0,1,0
4179,0,0,0,0
4180,0,0,0,0
4181,0,0,0,0
4182,0,0,0,0
4183,0,0,0,0
4184,0,0,0,0
4185,10,12,8,10
4186,9,9,8,9
4187,6,5,8,6
4188,5,5,3,4
4189,5,2,2,4
4190,6,3,5,5
4191,6,8,4,6
4192,8,9,7,5
4193,5,9,6,6
4194,4,4,5,5
4195,4,4,0,6
4196,4,4,1,6
4197,1,3,0,2
4198,0,0,1,0
4199,0,0,0,0
4200,0,0,0,0
4201,0,0,0,0
4202,0,0,0,0
4203,0,0,0,0
4204,0,0,0,0
4205,0,0,0,0
4206,0,1,0,0
4207,0,0,0,0
4208,0,0,0,0
4209,8,8,10,8
4210,6,8,9,9
4211,6,4,4,9
4212,4,4,3,10
4213,2,2,3,5
4214,3,2,5,3
4215,2,4,5,7
4216,5,2,3,4
4217,7,6,5,6
4218,4,4,8,7
4219,4,2,5,6
4220,2,1,2,6
4221,0,1,2,3
4222,0,1,1,1
4223,0,0,0,0
4224,0,0,0,0
4225,0,0,0,0
4226,0,0,0,0
4227,0,0,0,0
4228,0,0,0,0
4229,0,0,0,0
4230,0,0,0,0
4231,0,0,0,0
4232,0,0,0,0
4233,7,5,8,7
4234,3,5,3,5
4235,4,2,3,5
4236,5,2,5,5
4237,7,3,6,6
4238,5,7,4,5
4239,6,7,6,9
4240,6,7,4,4
4241,7,5,3,4
4242,5,2,6,3
4243,3,2,3,4
4244,1,4,3,8
4245,0,2,2,4
4246,0,1,0,2
4247,0,0,0,0
4248,0,0,0,0
4249,0,0,0,0
4250,0,0,0,0
4251,0,0,0,0
4252,0,0,0,0
4253,0,0,0,0
4254,0,0,0,0
4255,0,0,0,0
4256,0,0,0,0
4257,10,8,8,7
4258,7,7,4,8
4259,4,8,5,8
4260,5,5,5,5
4261,3,3,5,4
4262,1,6,3,6
4263,5,5,7,7
4264,5,3,8,13
4265,3,5,7,9
4266,5,6,5,6
4267,9,6,4,4
4268,2,7,5,5
4269,0,2,2,2
4270,0,0,0,1
4271,0,0,0,0
4272,0,0,0,0
4273,0,0,0,0
4274,0,0,0,0
4275,0,0,0,0
4276,0,0,0,0
4277,0,0,0,0
4278,0,0,0,0
4279,0,0,0,0
4280,0,0,0,0
4281,9,9,12,11
4282,10,9,10,6
4283,8,8,8,5
4284,9,6,4,4
4285,8,5,5,6
4286,3,6,6,3
4287,5,7,2,4
4288,5,3,1,5
4289,4,5,1,7
4290,4,5,2,8
4291,5,5,1,5
4292,7,6,8,3
4293,3,1,3,1
4294,1,0,1,1
4295,0,1,0,0
4296,0,0,0,0
4297,0,0,0,0
4298,0,0,0,0
4299,0,0,0,0
4300,0,0,0,0
4301,0,0,0,0
4302,0,0,0,0
4303,0,0,0,0
4304,0,0,0,0
4305,9,7,5,10
4306,6,9,6,13
4307,4,6,6,8
4308,4,5,2,5
4309,6,3,3,4
4310,5,4,6,6
4311,5,7,6,8
4312,1,4,6,9
4313,5,3,4,8
4314,8,5,5,6
4315,4,3,7,5
