,db_100,db_101,db_102,db_103
0,0.0,0.0,0.0,1.0
1,0.0,0.0,0.0,1.0
2,1.0,0.0,0.0,2.0
3,1.0,0.0,0.0,2.0
4,1.0,0.0,0.0,3.0
5,1.0,0.0,0.0,3.0
6,1.0,0.0,0.0,3.0
7,1.0,0.0,0.0,0.0
8,0.0,0.0,0.0,0.0
9,0.0,0.0,0.0,0.0
10,1.0,0.0,0.0,0.0
11,1.0,0.0,0.0,0.0
12,0.0,1.0,0.0,0.0
13,0.0,2.0,0.0,0.0
14,0.0,2.0,1.0,0.0
15,2.0,1.0,1.0,0.0
16,2.0,0.0,1.0,0.0
17,1.0,0.0,0.0,0.0
18,0.0,0.0,0.0,0.0
19,0.0,1.0,0.0,1.0
20,0.0,1.0,0.0,1.0
21,0.0,1.0,0.0,1.0
22,1.0,2.0,0.0,1.0
23,2.0,2.0,0.0,1.0
24,3.0,2.0,0.0,1.0
25,4.0,2.0,0.0,1.0
26,4.0,2.0,0.0,2.0
27,4.0,3.0,0.0,3.0
28,4.0,3.0,0.0,3.0
29,4.0,3.0,0.0,4.0
30,4.0,3.0,0.0,4.0
31,2.0,2.0,0.0,4.0
32,3.0,1.0,0.0,3.0
33,2.0,1.0,0.0,4.0
34,1.0,1.0,0.0,5.0
35,0.0,0.0,0.0,5.0
36,0.0,1.0,0.0,4.0
37,0.0,1.0,0.0,2.0
38,0.0,0.0,0.0,1.0
39,0.0,0.0,0.0,0.0
40,0.0,0.0,0.0,0.0
41,0.0,0.0,1.0,0.0
42,0.0,0.0,1.0,1.0
43,0.0,0.0,1.0,1.0
44,0.0,0.0,1.0,1.0
45,0.0,0.0,1.0,1.0
46,0.0,0.0,1.0,1.0
47,1.0,0.0,1.0,1.0
48,1.0,2.0,1.0,1.0
49,1.0,3.0,1.0,1.0
50,1.0,3.0,1.0,1.0
51,1.0,3.0,2.0,1.0
52,1.0,3.0,2.0,2.0
53,2.0,3.0,2.0,3.0
54,3.0,3.0,2.0,3.0
55,3.0,3.0,1.0,3.0
56,2.0,3.0,0.0,2.0
57,2.0,3.0,1.0,2.0
58,2.0,3.0,2.0,2.0
59,2.0,1.0,2.0,2.0
60,2.0,1.0,0.0,2.0
61,0.0,1.0,0.0,3.0
62,0.0,0.0,0.0,1.0
63,0.0,0.0,0.0,1.0
64,0.0,1.0,0.0,2.0
65,0.0,1.0,0.0,1.0
66,0.0,0.0,0.0,1.0
67,0.0,0.0,0.0,1.0
68,0.0,0.0,0.0,2.0
69,0.0,0.0,0.0,2.0
70,0.0,0.0,0.0,2.0
71,0.0,0.0,0.0,3.0
72,0.0,1.0,1.0,4.0
73,0.0,1.0,1.0,5.0
74,0.0,2.0,1.0,5.0
75,2.0,2.0,1.0,6.0
76,2.0,3.0,1.0,6.0
77,3.0,3.0,1.0,6.0
78,3.0,3.0,2.0,6.0
79,4.0,3.0,2.0,4.0
80,4.0,2.0,3.0,3.0
81,4.0,2.0,3.0,3.0
82,3.0,2.0,3.0,4.0
83,4.0,3.0,2.0,6.0
84,3.0,3.0,1.0,6.0
85,2.0,3.0,1.0,5.0
86,0.0,3.0,1.0,5.0
87,0.0,2.0,0.0,2.0
88,2.0,2.0,0.0,1.0
89,2.0,0.0,0.0,1.0
90,2.0,0.0,1.0,1.0
91,2.0,0.0,1.0,1.0
92,2.0,0.0,1.0,1.0
93,2.0,0.0,1.0,1.0
94,2.0,0.0,2.0,1.0
95,2.0,0.0,2.0,1.0
96,2.0,1.0,2.0,1.0
97,2.0,1.0,2.0,1.0
98,2.0,1.0,2.0,1.0
99,2.0,1.0,3.0,2.0
100,2.0,1.0,3.0,2.0
101,3.0,1.0,3.0,2.0
102,6.0,2.0,3.0,2.0
103,4.0,2.0,2.0,1.0
104,4.0,2.0,2.0,2.0
105,4.0,2.0,1.0,3.0
106,4.0,2.0,1.0,3.0
107,4.0,2.0,1.0,3.0
108,4.0,2.0,1.0,3.0
109,4.0,2.0,1.0,3.0
110,3.0,3.0,1.0,2.0
111,3.0,2.0,1.0,0.0
112,1.0,2.0,1.0,0.0
113,0.0,1.0,0.0,1.0
114,0.0,1.0,0.0,1.0
115,0.0,1.0,0.0,1.0
116,1.0,2.0,2.0,1.0
117,1.0,2.0,2.0,1.0
118,1.0,3.0,3.0,1.0
119,1.0,4.0,3.0,2.0
120,2.0,4.0,4.0,2.0
121,2.0,4.0,5.0,2.0
122,2.0,5.0,5.0,2.0
123,3.0,5.0,5.0,2.0
124,3.0,5.0,5.0,2.0
125,3.0,6.0,5.0,3.0
126,3.0,6.0,5.0,3.0
127,2.0,8.0,4.0,3.0
128,2.0,6.0,3.0,1.0
129,3.0,6.0,4.0,1.0
130,3.0,5.0,3.0,1.0
131,1.0,3.0,4.0,1.0
132,0.0,3.0,2.0,1.0
133,0.0,2.0,2.0,1.0
134,0.0,2.0,0.0,1.0
135,0.0,2.0,0.0,2.0
136,0.0,2.0,0.0,2.0
137,0.0,1.0,0.0,2.0
138,0.0,1.0,0.0,1.0
139,0.0,2.0,0.0,1.0
140,0.0,2.0,0.0,1.0
141,1.0,2.0,0.0,2.0
142,1.0,2.0,0.0,2.0
143,1.0,2.0,1.0,2.0
144,3.0,2.0,1.0,2.0
145,3.0,4.0,3.0,3.0
146,3.0,4.0,3.0,4.0
147,3.0,5.0,3.0,4.0
148,3.0,6.0,4.0,4.0
149,3.0,6.0,4.0,4.0
150,3.0,6.0,4.0,4.0
151,3.0,5.0,4.0,2.0
152,2.0,4.0,4.0,2.0
153,1.0,4.0,4.0,2.0
154,1.0,4.0,4.0,3.0
155,2.0,4.0,4.0,3.0
156,1.0,4.0,4.0,1.0
157,2.0,3.0,5.0,0.0
158,1.0,3.0,5.0,0.0
159,1.0,2.0,4.0,0.0
160,0.0,1.0,3.0,0.0
161,1.0,1.0,1.0,0.0
162,2.0,0.0,0.0,0.0
163,2.0,0.0,0.0,0.0
164,2.0,0.0,0.0,1.0
165,2.0,0.0,0.0,2.0
166,2.0,0.0,0.0,2.0
167,2.0,1.0,0.0,2.0
168,2.0,1.0,0.0,2.0
169,2.0,1.0,0.0,2.0
170,2.0,1.0,0.0,2.0
171,2.0,1.0,0.0,3.0
172,2.0,2.0,0.0,3.0
173,3.0,2.0,0.0,3.0
174,3.0,2.0,0.0,4.0
175,1.0,2.0,0.0,2.0
176,2.0,2.0,0.0,4.0
177,2.0,2.0,0.0,4.0
178,2.0,2.0,0.0,3.0
179,1.0,2.0,0.0,3.0
180,1.0,1.0,0.0,2.0
181,1.0,0.0,0.0,2.0
182,1.0,0.0,0.0,1.0
183,0.0,1.0,1.0,1.0
184,0.0,1.0,2.0,0.0
185,0.0,1.0,1.0,0.0
186,0.0,1.0,1.0,0.0
187,0.0,1.0,1.0,1.0
188,0.0,1.0,1.0,1.0
189,0.0,1.0,2.0,2.0
190,0.0,1.0,2.0,3.0
191,0.0,1.0,3.0,3.0
192,0.0,1.0,3.0,3.0
193,0.0,1.0,3.0,3.0
194,0.0,2.0,3.0,3.0
195,0.0,2.0,3.0,3.0
196,0.0,2.0,3.0,3.0
197,0.0,2.0,3.0,4.0
198,0.0,3.0,3.0,4.0
199,0.0,2.0,2.0,2.0
200,0.0,2.0,0.0,2.0
201,1.0,2.0,0.0,2.0
202,1.0,2.0,0.0,2.0
203,1.0,2.0,0.0,2.0
204,1.0,3.0,0.0,2.0
205,1.0,2.0,1.0,3.0
206,1.0,2.0,2.0,3.0
207,2.0,0.0,4.0,2.0
208,2.0,0.0,4.0,1.0
209,1.0,0.0,3.0,0.0
210,0.0,0.0,1.0,0.0
211,0.0,1.0,1.0,0.0
212,0.0,1.0,1.0,0.0
213,1.0,1.0,1.0,0.0
214,1.0,1.0,2.0,0.0
215,1.0,1.0,2.0,0.0
216,2.0,1.0,2.0,0.0
217,2.0,1.0,2.0,0.0
218,2.0,1.0,2.0,1.0
219,3.0,1.0,2.0,1.0
220,3.0,1.0,2.0,1.0
221,3.0,1.0,3.0,3.0
222,3.0,1.0,3.0,5.0
223,1.0,1.0,3.0,5.0
224,0.0,0.0,4.0,5.0
225,0.0,0.0,4.0,5.0
226,0.0,0.0,4.0,6.0
227,1.0,1.0,4.0,6.0
228,1.0,1.0,3.0,6.0
229,1.0,2.0,3.0,4.0
230,0.0,1.0,3.0,2.0
231,0.0,1.0,1.0,1.0
232,0.0,1.0,1.0,0.0
233,0.0,1.0,1.0,0.0
234,0.0,1.0,1.0,1.0
235,1.0,1.0,1.0,1.0
236,1.0,1.0,1.0,1.0
237,1.0,2.0,1.0,1.0
238,1.0,2.0,2.0,1.0
239,1.0,2.0,2.0,1.0
240,2.0,2.0,2.0,1.0
241,2.0,2.0,2.0,1.0
242,3.0,2.0,2.0,1.0
243,3.0,3.0,2.0,1.0
244,4.0,3.0,2.0,2.0
245,4.0,4.0,2.0,2.0
246,4.0,4.0,2.0,2.0
247,5.0,3.0,1.0,3.0
248,6.0,2.0,1.0,3.0
249,4.0,1.0,0.0,3.0
250,2.0,1.0,1.0,2.0
251,2.0,1.0,1.0,2.0
252,2.0,0.0,2.0,3.0
253,1.0,0.0,1.0,2.0
254,1.0,0.0,1.0,2.0
255,1.0,0.0,0.0,1.0
256,1.0,0.0,0.0,0.0
257,0.0,0.0,0.0,0.0
258,1.0,0.0,1.0,0.0
259,2.0,0.0,1.0,0.0
260,2.0,0.0,1.0,0.0
261,2.0,0.0,1.0,0.0
262,2.0,0.0,1.0,0.0
263,2.0,0.0,1.0,0.0
264,2.0,0.0,1.0,0.0
265,2.0,0.0,1.0,0.0
266,2.0,0.0,1.0,0.0
267,3.0,0.0,1.0,0.0
268,4.0,0.0,3.0,0.0
269,4.0,1.0,3.0,0.0
270,4.0,3.0,3.0,0.0
271,3.0,4.0,3.0,0.0
272,3.0,4.0,3.0,0.0
273,2.0,3.0,3.0,0.0
274,2.0,3.0,3.0,0.0
275,2.0,3.0,2.0,0.0
276,2.0,3.0,2.0,0.0
277,0.0,3.0,2.0,0.0
278,1.0,3.0,1.0,1.0
279,2.0,2.0,0.0,1.0
280,2.0,2.0,0.0,3.0
281,1.0,1.0,0.0,2.0
282,1.0,1.0,1.0,1.0
283,1.0,1.0,2.0,2.0
284,1.0,2.0,2.0,2.0
285,1.0,2.0,4.0,3.0
286,1.0,2.0,4.0,3.0
287,1.0,2.0,5.0,3.0
288,1.0,2.0,5.0,3.0
289,1.0,2.0,5.0,3.0
290,1.0,3.0,5.0,3.0
291,1.0,4.0,6.0,3.0
292,1.0,5.0,6.0,3.0
293,1.0,5.0,6.0,3.0
294,1.0,6.0,7.0,4.0
295,1.0,4.0,6.0,3.0
296,2.0,4.0,4.0,2.0
297,2.0,4.0,4.0,1.0
298,2.0,4.0,4.0,1.0
299,1.0,4.0,3.0,1.0
300,1.0,5.0,2.0,2.0
301,0.0,4.0,1.0,2.0
302,0.0,3.0,0.0,2.0
303,1.0,2.0,0.0,2.0
304,1.0,2.0,0.0,1.0
305,1.0,1.0,1.0,1.0
306,0.0,1.0,2.0,1.0
307,1.0,1.0,2.0,1.0
308,1.0,1.0,2.0,1.0
309,1.0,1.0,2.0,1.0
310,1.0,1.0,3.0,1.0
311,1.0,1.0,4.0,1.0
312,1.0,1.0,4.0,1.0
313,1.0,1.0,4.0,1.0
314,1.0,2.0,4.0,2.0
315,2.0,3.0,4.0,2.0
316,3.0,3.0,4.0,2.0
317,3.0,3.0,4.0,2.0
318,4.0,4.0,5.0,2.0
319,3.0,4.0,5.0,2.0
320,3.0,3.0,3.0,2.0
321,4.0,3.0,3.0,2.0
322,4.0,3.0,2.0,1.0
323,4.0,3.0,2.0,2.0
324,4.0,3.0,2.0,2.0
325,4.0,3.0,1.0,1.0
326,4.0,4.0,3.0,0.0
327,4.0,4.0,3.0,0.0
328,2.0,3.0,3.0,0.0
329,1.0,2.0,3.0,0.0
330,1.0,1.0,2.0,0.0
331,1.0,1.0,2.0,0.0
332,1.0,1.0,2.0,0.0
333,1.0,1.0,3.0,0.0
334,2.0,1.0,3.0,0.0
335,2.0,1.0,3.0,0.0
336,2.0,1.0,3.0,0.0
337,2.0,2.0,3.0,1.0
338,2.0,2.0,3.0,2.0
339,3.0,2.0,3.0,2.0
340,3.0,2.0,3.0,2.0
341,3.0,3.0,4.0,3.0
342,3.0,3.0,4.0,3.0
343,2.0,2.0,3.0,3.0
344,1.0,3.0,1.0,4.0
345,1.0,4.0,2.0,4.0
346,1.0,3.0,2.0,4.0
347,1.0,3.0,2.0,3.0
348,1.0,2.0,3.0,2.0
349,1.0,1.0,3.0,1.0
350,0.0,1.0,2.0,1.0
351,0.0,1.0,1.0,2.0
352,0.0,0.0,0.0,3.0
353,0.0,0.0,0.0,2.0
354,0.0,1.0,1.0,2.0
355,0.0,1.0,1.0,2.0
356,1.0,1.0,1.0,2.0
357,1.0,1.0,1.0,2.0
358,1.0,2.0,2.0,2.0
359,1.0,2.0,2.0,2.0
360,1.0,3.0,2.0,2.0
361,1.0,4.0,2.0,2.0
362,1.0,4.0,2.0,2.0
363,2.0,4.0,2.0,2.0
364,2.0,4.0,2.0,2.0
365,2.0,4.0,2.0,2.0
366,2.0,5.0,3.0,2.0
367,2.0,5.0,3.0,1.0
368,2.0,5.0,2.0,0.0
369,1.0,5.0,3.0,0.0
370,1.0,4.0,2.0,0.0
371,2.0,3.0,1.0,0.0
372,1.0,1.0,2.0,0.0
373,0.0,1.0,2.0,0.0
374,0.0,1.0,1.0,0.0
375,1.0,0.0,1.0,0.0
376,2.0,0.0,0.0,1.0
377,1.0,0.0,1.0,1.0
378,0.0,0.0,1.0,1.0
379,0.0,0.0,1.0,1.0
380,2.0,0.0,1.0,1.0
381,2.0,0.0,1.0,1.0
382,2.0,0.0,1.0,1.0
383,2.0,0.0,1.0,1.0
384,2.0,0.0,2.0,1.0
385,3.0,0.0,4.0,2.0
386,3.0,0.0,4.0,2.0
387,3.0,0.0,4.0,2.0
388,3.0,0.0,4.0,3.0
389,5.0,0.0,4.0,3.0
390,6.0,0.0,4.0,4.0
391,6.0,0.0,3.0,3.0
392,6.0,1.0,3.0,3.0
393,5.0,1.0,3.0,3.0
394,5.0,0.0,3.0,3.0
395,4.0,0.0,3.0,3.0
396,4.0,1.0,1.0,2.0
397,4.0,1.0,0.0,2.0
398,4.0,1.0,0.0,2.0
399,3.0,1.0,0.0,1.0
400,2.0,1.0,0.0,2.0
401,1.0,1.0,0.0,1.0
402,0.0,0.0,1.0,1.0
403,0.0,0.0,1.0,1.0
404,0.0,1.0,1.0,1.0
405,0.0,1.0,1.0,1.0
406,0.0,2.0,1.0,1.0
407,1.0,2.0,1.0,2.0
408,1.0,2.0,2.0,2.0
409,1.0,2.0,2.0,2.0
410,1.0,2.0,2.0,2.0
411,1.0,2.0,2.0,3.0
412,1.0,2.0,2.0,3.0
413,1.0,2.0,2.0,3.0
414,1.0,2.0,2.0,4.0
415,1.0,2.0,2.0,2.0
416,1.0,1.0,2.0,2.0
417,1.0,0.0,2.0,3.0
418,1.0,0.0,2.0,2.0
419,0.0,0.0,1.0,3.0
420,0.0,0.0,1.0,2.0
421,1.0,0.0,1.0,2.0
422,1.0,0.0,1.0,1.0
423,0.0,1.0,3.0,0.0
424,0.0,1.0,2.0,0.0
425,0.0,1.0,2.0,0.0
426,0.0,0.0,0.0,0.0
427,0.0,0.0,0.0,0.0
428,0.0,0.0,0.0,0.0
429,0.0,0.0,1.0,0.0
430,0.0,0.0,2.0,1.0
431,0.0,0.0,3.0,1.0
432,0.0,1.0,3.0,1.0
433,0.0,1.0,3.0,1.0
434,0.0,1.0,3.0,2.0
435,0.0,2.0,3.0,2.0
436,0.0,2.0,3.0,2.0
437,0.0,2.0,3.0,2.0
438,0.0,2.0,3.0,2.0
439,0.0,1.0,2.0,1.0
440,0.0,1.0,2.0,1.0
441,0.0,1.0,1.0,2.0
442,1.0,1.0,0.0,3.0
443,1.0,1.0,0.0,3.0
444,1.0,1.0,0.0,3.0
445,0.0,0.0,0.0,4.0
446,0.0,0.0,0.0,2.0
447,0.0,1.0,0.0,1.0
448,0.0,1.0,0.0,1.0
449,1.0,1.0,0.0,1.0
450,1.0,0.0,0.0,1.0
451,1.0,0.0,0.0,1.0
452,1.0,0.0,0.0,1.0
453,1.0,0.0,1.0,1.0
454,1.0,1.0,2.0,1.0
455,1.0,1.0,2.0,1.0
456,1.0,1.0,3.0,1.0
457,1.0,1.0,3.0,1.0
458,1.0,1.0,3.0,1.0
459,3.0,1.0,4.0,1.0
460,3.0,1.0,5.0,1.0
461,4.0,1.0,5.0,1.0
462,5.0,2.0,5.0,1.0
463,4.0,1.0,5.0,1.0
464,5.0,1.0,4.0,2.0
465,5.0,1.0,4.0,1.0
466,5.0,1.0,4.0,0.0
467,5.0,1.0,4.0,0.0
468,5.0,1.0,3.0,0.0
469,6.0,0.0,3.0,0.0
470,5.0,0.0,2.0,0.0
471,4.0,0.0,1.0,0.0
472,2.0,0.0,1.0,0.0
473,1.0,0.0,1.0,0.0
474,1.0,0.0,1.0,0.0
475,1.0,2.0,1.0,0.0
476,1.0,2.0,1.0,0.0
477,1.0,2.0,1.0,0.0
478,1.0,2.0,1.0,1.0
479,1.0,2.0,1.0,2.0
480,1.0,2.0,1.0,2.0
481,1.0,2.0,2.0,2.0
482,2.0,2.0,2.0,2.0
483,2.0,2.0,2.0,2.0
484,3.0,2.0,3.0,2.0
485,3.0,2.0,3.0,2.0
486,3.0,2.0,3.0,2.0
487,1.0,1.0,3.0,2.0
488,2.0,1.0,2.0,2.0
489,2.0,1.0,3.0,1.0
490,1.0,1.0,3.0,0.0
491,0.0,0.0,2.0,1.0
492,0.0,0.0,2.0,1.0
493,3.0,1.0,2.0,3.0
494,3.0,2.0,1.0,4.0
495,3.0,2.0,1.0,3.0
496,1.0,1.0,1.0,1.0
497,0.0,0.0,2.0,1.0
498,0.0,0.0,3.0,1.0
499,0.0,0.0,4.0,1.0
500,0.0,0.0,4.0,1.0
501,0.0,0.0,4.0,1.0
502,0.0,0.0,4.0,3.0
503,0.0,0.0,4.0,3.0
504,0.0,0.0,4.0,3.0
505,0.0,0.0,4.0,4.0
506,0.0,1.0,4.0,4.0
507,1.0,1.0,4.0,4.0
508,1.0,1.0,4.0,4.0
509,2.0,2.0,4.0,5.0
510,3.0,2.0,4.0,5.0
511,3.0,2.0,3.0,3.0
512,3.0,2.0,1.0,2.0
513,3.0,2.0,2.0,2.0
514,3.0,2.0,2.0,2.0
515,3.0,2.0,2.0,2.0
516,3.0,2.0,1.0,3.0
517,3.0,3.0,1.0,3.0
518,3.0,2.0,1.0,2.0
519,2.0,1.0,2.0,0.0
520,0.0,0.0,1.0,0.0
521,0.0,0.0,1.0,0.0
522,0.0,0.0,0.0,0.0
523,0.0,0.0,0.0,0.0
524,0.0,0.0,1.0,2.0
525,1.0,0.0,1.0,2.0
526,2.0,1.0,1.0,2.0
527,2.0,1.0,2.0,2.0
528,3.0,1.0,3.0,2.0
529,3.0,1.0,3.0,2.0
530,4.0,1.0,3.0,2.0
531,4.0,1.0,3.0,2.0
532,4.0,3.0,4.0,2.0
533,4.0,3.0,4.0,2.0
534,4.0,3.0,4.0,2.0
535,4.0,0.0,4.0,3.0
536,2.0,0.0,4.0,3.0
537,3.0,0.0,3.0,1.0
538,2.0,0.0,4.0,2.0
539,1.0,0.0,4.0,2.0
540,0.0,0.0,3.0,0.0
541,0.0,0.0,3.0,0.0
542,0.0,0.0,3.0,0.0
543,0.0,0.0,3.0,1.0
544,0.0,0.0,2.0,1.0
545,0.0,0.0,0.0,2.0
546,1.0,0.0,0.0,2.0
547,1.0,1.0,0.0,2.0
548,1.0,1.0,0.0,2.0
549,1.0,1.0,0.0,2.0
550,1.0,1.0,1.0,2.0
551,1.0,1.0,1.0,2.0
552,1.0,2.0,1.0,2.0
553,3.0,2.0,1.0,2.0
554,3.0,3.0,1.0,2.0
555,3.0,5.0,1.0,2.0
556,3.0,5.0,1.0,2.0
557,3.0,5.0,1.0,3.0
558,4.0,5.0,1.0,3.0
559,4.0,4.0,2.0,2.0
560,2.0,3.0,2.0,1.0
561,2.0,3.0,1.0,2.0
562,1.0,3.0,1.0,2.0
563,1.0,3.0,2.0,1.0
564,1.0,4.0,2.0,0.0
565,1.0,2.0,1.0,0.0
566,1.0,1.0,0.0,0.0
567,1.0,0.0,0.0,0.0
568,1.0,0.0,0.0,0.0
569,0.0,0.0,0.0,0.0
570,0.0,0.0,0.0,0.0
571,0.0,0.0,1.0,0.0
572,0.0,0.0,1.0,0.0
573,2.0,0.0,1.0,0.0
574,2.0,0.0,1.0,0.0
575,2.0,1.0,1.0,0.0
576,2.0,1.0,2.0,0.0
577,2.0,1.0,2.0,0.0
578,3.0,1.0,2.0,0.0
579,3.0,1.0,2.0,1.0
580,3.0,1.0,2.0,1.0
581,3.0,2.0,2.0,2.0
582,3.0,2.0,2.0,3.0
583,4.0,2.0,1.0,3.0
584,4.0,2.0,0.0,3.0
585,1.0,2.0,0.0,2.0
586,1.0,2.0,0.0,2.0
587,1.0,2.0,0.0,1.0
588,1.0,1.0,0.0,1.0
589,0.0,1.0,0.0,2.0
590,0.0,1.0,0.0,1.0
591,0.0,1.0,1.0,1.0
592,0.0,1.0,1.0,0.0
593,0.0,2.0,1.0,1.0
594,0.0,2.0,0.0,1.0
595,0.0,2.0,1.0,2.0
596,1.0,2.0,2.0,2.0
597,2.0,2.0,2.0,2.0
598,2.0,2.0,2.0,2.0
599,2.0,2.0,2.0,2.0
600,2.0,2.0,2.0,4.0
601,2.0,3.0,2.0,4.0
602,3.0,3.0,2.0,4.0
603,4.0,3.0,3.0,6.0
604,4.0,3.0,3.0,6.0
605,4.0,3.0,4.0,6.0
606,4.0,3.0,5.0,6.0
607,3.0,2.0,4.0,3.0
608,3.0,2.0,4.0,3.0
609,2.0,1.0,6.0,3.0
610,2.0,1.0,6.0,3.0
611,2.0,3.0,5.0,2.0
612,2.0,3.0,4.0,1.0
613,0.0,3.0,3.0,1.0
614,1.0,3.0,4.0,2.0
615,2.0,3.0,5.0,1.0
616,1.0,2.0,4.0,1.0
617,1.0,1.0,2.0,0.0
618,0.0,1.0,2.0,0.0
619,1.0,1.0,2.0,0.0
620,1.0,1.0,2.0,0.0
621,2.0,1.0,2.0,1.0
622,3.0,1.0,2.0,1.0
623,3.0,1.0,2.0,2.0
624,3.0,1.0,2.0,2.0
625,4.0,1.0,2.0,2.0
626,4.0,1.0,2.0,2.0
627,5.0,2.0,2.0,2.0
628,6.0,4.0,2.0,3.0
629,6.0,4.0,2.0,3.0
630,6.0,4.0,2.0,3.0
631,5.0,3.0,1.0,1.0
632,5.0,3.0,0.0,1.0
633,4.0,3.0,0.0,2.0
634,3.0,3.0,0.0,2.0
635,3.0,3.0,0.0,2.0
636,3.0,3.0,0.0,3.0
637,1.0,3.0,0.0,2.0
638,1.0,3.0,0.0,1.0
639,2.0,3.0,2.0,0.0
640,1.0,2.0,2.0,0.0
641,1.0,3.0,0.0,0.0
642,1.0,3.0,0.0,1.0
643,1.0,3.0,1.0,1.0
644,1.0,3.0,1.0,1.0
645,1.0,3.0,1.0,2.0
646,1.0,4.0,2.0,2.0
647,1.0,4.0,2.0,2.0
648,1.0,4.0,2.0,3.0
649,2.0,4.0,2.0,4.0
650,2.0,4.0,3.0,5.0
651,3.0,5.0,3.0,5.0
652,3.0,6.0,3.0,6.0
653,3.0,6.0,4.0,6.0
654,3.0,6.0,4.0,6.0
655,2.0,3.0,2.0,5.0
656,2.0,3.0,2.0,5.0
657,2.0,3.0,2.0,5.0
658,2.0,3.0,2.0,5.0
659,2.0,3.0,2.0,4.0
660,2.0,4.0,1.0,5.0
661,1.0,2.0,0.0,3.0
662,0.0,1.0,0.0,4.0
663,0.0,1.0,0.0,3.0
664,1.0,1.0,0.0,2.0
665,1.0,0.0,0.0,3.0
666,1.0,0.0,0.0,2.0
667,1.0,0.0,0.0,2.0
668,1.0,0.0,0.0,2.0
669,1.0,0.0,0.0,2.0
670,1.0,0.0,0.0,2.0
671,1.0,0.0,0.0,2.0
672,1.0,0.0,0.0,2.0
673,1.0,0.0,0.0,2.0
674,2.0,0.0,0.0,2.0
675,2.0,0.0,0.0,2.0
676,2.0,0.0,0.0,2.0
677,2.0,0.0,1.0,2.0
678,2.0,0.0,1.0,2.0
679,1.0,0.0,2.0,1.0
680,0.0,0.0,2.0,0.0
681,1.0,0.0,1.0,1.0
682,1.0,0.0,1.0,1.0
683,1.0,0.0,1.0,2.0
684,2.0,0.0,1.0,1.0
685,3.0,1.0,2.0,1.0
686,3.0,1.0,2.0,1.0
687,1.0,0.0,2.0,1.0
688,1.0,0.0,0.0,0.0
689,2.0,0.0,0.0,1.0
690,1.0,0.0,0.0,1.0
691,1.0,0.0,1.0,1.0
692,1.0,0.0,1.0,1.0
693,1.0,0.0,1.0,1.0
694,2.0,0.0,1.0,1.0
695,2.0,0.0,1.0,1.0
696,2.0,0.0,1.0,1.0
697,3.0,1.0,1.0,2.0
698,3.0,1.0,1.0,4.0
699,4.0,2.0,1.0,5.0
700,5.0,2.0,2.0,5.0
701,5.0,2.0,2.0,5.0
702,6.0,2.0,3.0,5.0
703,5.0,1.0,4.0,5.0
704,4.0,1.0,3.0,4.0
705,5.0,2.0,3.0,4.0
706,5.0,2.0,3.0,4.0
707,5.0,2.0,1.0,4.0
708,4.0,2.0,0.0,4.0
709,4.0,1.0,0.0,4.0
710,4.0,1.0,0.0,4.0
711,3.0,0.0,0.0,2.0
712,2.0,0.0,1.0,1.0
713,3.0,1.0,1.0,0.0
714,2.0,1.0,0.0,0.0
715,2.0,1.0,0.0,0.0
716,2.0,1.0,0.0,0.0
717,2.0,1.0,0.0,1.0
718,2.0,1.0,0.0,1.0
719,3.0,1.0,1.0,1.0
720,3.0,1.0,1.0,1.0
721,3.0,1.0,2.0,1.0
722,3.0,1.0,2.0,1.0
723,3.0,2.0,2.0,1.0
724,3.0,3.0,2.0,1.0
725,4.0,5.0,2.0,2.0
726,4.0,5.0,3.0,2.0
727,2.0,5.0,3.0,2.0
728,3.0,5.0,2.0,2.0
729,2.0,4.0,2.0,1.0
730,2.0,4.0,2.0,1.0
731,3.0,4.0,2.0,1.0
732,3.0,4.0,2.0,2.0
733,3.0,4.0,2.0,2.0
734,2.0,5.0,2.0,1.0
735,1.0,3.0,1.0,2.0
736,1.0,2.0,1.0,2.0
737,0.0,1.0,2.0,3.0
738,0.0,1.0,2.0,4.0
739,0.0,2.0,2.0,4.0
740,0.0,3.0,2.0,5.0
741,0.0,3.0,2.0,5.0
742,1.0,4.0,2.0,5.0
743,1.0,4.0,2.0,6.0
744,2.0,4.0,2.0,6.0
745,2.0,4.0,2.0,6.0
746,2.0,4.0,2.0,6.0
747,2.0,4.0,4.0,7.0
748,2.0,4.0,4.0,7.0
749,2.0,4.0,4.0,7.0
750,2.0,4.0,4.0,7.0
751,3.0,1.0,3.0,4.0
752,1.0,0.0,3.0,4.0
753,0.0,0.0,4.0,2.0
754,0.0,0.0,4.0,2.0
755,0.0,0.0,3.0,2.0
756,0.0,0.0,2.0,3.0
757,1.0,1.0,1.0,2.0
758,2.0,1.0,0.0,2.0
759,1.0,1.0,1.0,3.0
760,1.0,0.0,1.0,2.0
761,1.0,0.0,1.0,2.0
762,2.0,0.0,0.0,1.0
763,2.0,0.0,0.0,2.0
764,2.0,0.0,0.0,2.0
765,2.0,0.0,0.0,2.0
766,2.0,0.0,0.0,2.0
767,2.0,1.0,0.0,2.0
768,2.0,1.0,0.0,3.0
769,2.0,1.0,0.0,3.0
770,2.0,1.0,0.0,3.0
771,2.0,3.0,1.0,4.0
772,2.0,3.0,1.0,4.0
773,3.0,3.0,1.0,4.0
774,3.0,5.0,1.0,4.0
775,3.0,5.0,2.0,4.0
776,1.0,5.0,2.0,2.0
777,2.0,5.0,2.0,2.0
778,2.0,6.0,1.0,3.0
779,2.0,6.0,1.0,3.0
780,0.0,5.0,1.0,2.0
781,0.0,5.0,1.0,2.0
782,1.0,3.0,0.0,1.0
783,1.0,2.0,0.0,0.0
784,1.0,0.0,0.0,1.0
785,2.0,0.0,0.0,1.0
786,2.0,0.0,0.0,1.0
787,3.0,0.0,1.0,1.0
788,3.0,0.0,1.0,1.0
789,3.0,1.0,1.0,2.0
790,4.0,1.0,1.0,3.0
791,4.0,1.0,1.0,3.0
792,4.0,1.0,2.0,3.0
793,4.0,1.0,2.0,4.0
794,4.0,1.0,2.0,4.0
795,4.0,1.0,2.0,4.0
796,4.0,1.0,2.0,4.0
797,4.0,1.0,2.0,4.0
798,4.0,1.0,3.0,5.0
799,2.0,1.0,4.0,4.0
800,0.0,0.0,2.0,4.0
801,0.0,0.0,2.0,4.0
802,0.0,0.0,1.0,4.0
803,0.0,0.0,2.0,3.0
804,0.0,0.0,3.0,2.0
805,0.0,0.0,3.0,2.0
806,1.0,0.0,2.0,1.0
807,1.0,0.0,2.0,1.0
808,0.0,0.0,0.0,2.0
809,1.0,0.0,1.0,2.0
810,1.0,0.0,1.0,1.0
811,2.0,0.0,2.0,1.0
812,2.0,0.0,2.0,1.0
813,2.0,0.0,3.0,1.0
814,2.0,1.0,3.0,2.0
815,2.0,1.0,3.0,2.0
816,2.0,1.0,3.0,2.0
817,2.0,1.0,3.0,2.0
818,2.0,1.0,3.0,2.0
819,2.0,1.0,3.0,2.0
820,2.0,1.0,3.0,3.0
821,2.0,1.0,3.0,3.0
822,2.0,1.0,3.0,3.0
823,2.0,3.0,1.0,1.0
824,2.0,2.0,0.0,1.0
825,3.0,0.0,0.0,1.0
826,1.0,0.0,0.0,1.0
827,1.0,0.0,0.0,1.0
828,0.0,0.0,0.0,1.0
829,0.0,0.0,0.0,1.0
830,0.0,0.0,1.0,0.0
831,0.0,1.0,1.0,0.0
832,0.0,1.0,1.0,0.0
833,0.0,1.0,0.0,0.0
834,0.0,0.0,0.0,0.0
835,0.0,1.0,0.0,0.0
836,0.0,2.0,0.0,1.0
837,0.0,2.0,1.0,1.0
838,0.0,2.0,1.0,2.0
839,0.0,2.0,1.0,2.0
840,0.0,2.0,1.0,2.0
841,0.0,2.0,1.0,2.0
842,0.0,2.0,2.0,2.0
843,0.0,2.0,2.0,3.0
844,0.0,2.0,2.0,3.0
845,0.0,3.0,3.0,3.0
846,0.0,3.0,3.0,3.0
847,0.0,2.0,4.0,1.0
848,0.0,1.0,4.0,1.0
849,1.0,1.0,4.0,1.0
850,1.0,1.0,4.0,1.0
851,0.0,1.0,2.0,2.0
852,0.0,1.0,2.0,2.0
853,1.0,1.0,2.0,2.0
854,2.0,1.0,1.0,1.0
855,1.0,1.0,1.0,0.0
856,1.0,1.0,1.0,0.0
857,0.0,0.0,0.0,1.0
858,0.0,1.0,0.0,2.0
859,0.0,1.0,0.0,2.0
860,0.0,1.0,0.0,3.0
861,0.0,1.0,2.0,3.0
862,0.0,1.0,3.0,3.0
863,0.0,3.0,3.0,4.0
864,0.0,3.0,4.0,4.0
865,1.0,4.0,4.0,4.0
866,1.0,4.0,4.0,4.0
867,1.0,4.0,5.0,4.0
868,1.0,4.0,5.0,5.0
869,1.0,4.0,5.0,5.0
870,2.0,4.0,5.0,5.0
871,1.0,4.0,4.0,3.0
872,1.0,4.0,3.0,2.0
873,2.0,2.0,3.0,3.0
874,2.0,1.0,3.0,2.0
875,2.0,1.0,2.0,2.0
876,2.0,0.0,4.0,2.0
877,2.0,0.0,3.0,2.0
878,2.0,1.0,3.0,2.0
879,2.0,1.0,1.0,1.0
880,2.0,1.0,2.0,2.0
881,0.0,0.0,2.0,2.0
882,0.0,0.0,2.0,1.0
883,0.0,0.0,2.0,1.0
884,0.0,0.0,2.0,1.0
885,0.0,0.0,2.0,1.0
886,0.0,1.0,2.0,1.0
887,0.0,1.0,2.0,1.0
888,0.0,2.0,2.0,1.0
889,0.0,2.0,5.0,1.0
890,0.0,2.0,5.0,1.0
891,0.0,3.0,5.0,1.0
892,0.0,3.0,5.0,2.0
893,0.0,3.0,5.0,2.0
894,1.0,3.0,5.0,2.0
895,1.0,3.0,6.0,1.0
896,1.0,2.0,4.0,1.0
897,1.0,2.0,4.0,1.0
898,1.0,2.0,4.0,2.0
899,1.0,1.0,4.0,3.0
900,2.0,1.0,3.0,2.0
901,2.0,1.0,2.0,2.0
902,2.0,1.0,1.0,1.0
903,1.0,0.0,1.0,1.0
904,1.0,0.0,1.0,0.0
905,0.0,0.0,1.0,0.0
906,0.0,1.0,0.0,0.0
907,0.0,1.0,0.0,0.0
908,0.0,1.0,1.0,0.0
909,0.0,1.0,1.0,1.0
910,0.0,2.0,1.0,1.0
911,1.0,3.0,1.0,1.0
912,1.0,3.0,1.0,1.0
913,1.0,3.0,1.0,1.0
914,2.0,3.0,1.0,1.0
915,2.0,3.0,1.0,1.0
916,2.0,3.0,1.0,1.0
917,2.0,3.0,1.0,1.0
918,2.0,3.0,1.0,1.0
919,2.0,2.0,0.0,0.0
920,2.0,1.0,1.0,0.0
921,2.0,1.0,1.0,0.0
922,1.0,0.0,1.0,0.0
923,1.0,0.0,2.0,0.0
924,0.0,1.0,2.0,0.0
925,0.0,1.0,1.0,0.0
926,1.0,1.0,0.0,0.0
927,1.0,0.0,0.0,1.0
928,1.0,0.0,0.0,1.0
929,1.0,0.0,0.0,0.0
930,0.0,0.0,0.0,1.0
931,0.0,0.0,0.0,1.0
932,0.0,0.0,0.0,1.0
933,0.0,0.0,0.0,2.0
934,0.0,0.0,0.0,2.0
935,0.0,0.0,0.0,2.0
936,0.0,0.0,0.0,2.0
937,0.0,0.0,2.0,2.0
938,0.0,0.0,2.0,2.0
939,1.0,0.0,2.0,2.0
940,1.0,0.0,2.0,2.0
941,1.0,0.0,2.0,2.0
942,1.0,1.0,2.0,2.0
943,1.0,1.0,2.0,2.0
944,1.0,1.0,2.0,2.0
945,1.0,1.0,2.0,1.0
946,2.0,1.0,2.0,1.0
947,1.0,1.0,1.0,0.0
948,0.0,1.0,1.0,0.0
949,0.0,1.0,1.0,0.0
950,3.0,1.0,0.0,0.0
951,3.0,0.0,0.0,0.0
952,3.0,0.0,2.0,0.0
953,1.0,0.0,2.0,0.0
954,1.0,0.0,1.0,1.0
955,1.0,0.0,1.0,1.0
956,1.0,0.0,1.0,1.0
957,1.0,1.0,2.0,1.0
958,2.0,1.0,2.0,1.0
959,3.0,1.0,2.0,2.0
960,3.0,1.0,2.0,2.0
961,3.0,2.0,2.0,4.0
962,4.0,3.0,2.0,4.0
963,4.0,3.0,2.0,4.0
964,4.0,3.0,2.0,4.0
965,4.0,3.0,2.0,5.0
966,4.0,3.0,2.0,5.0
967,3.0,3.0,0.0,5.0
968,3.0,2.0,0.0,4.0
969,3.0,2.0,0.0,3.0
970,3.0,3.0,0.0,3.0
971,3.0,3.0,0.0,3.0
972,3.0,0.0,1.0,3.0
973,1.0,0.0,1.0,2.0
974,1.0,0.0,1.0,2.0
975,1.0,1.0,0.0,2.0
976,1.0,1.0,0.0,0.0
977,0.0,0.0,0.0,0.0
978,0.0,0.0,1.0,0.0
979,0.0,1.0,1.0,0.0
980,0.0,2.0,1.0,0.0
981,0.0,3.0,1.0,0.0
982,2.0,3.0,1.0,0.0
983,2.0,3.0,1.0,1.0
984,2.0,4.0,1.0,1.0
985,2.0,4.0,1.0,1.0
986,2.0,4.0,1.0,1.0
987,2.0,4.0,1.0,1.0
988,2.0,4.0,3.0,2.0
989,2.0,4.0,3.0,2.0
990,2.0,5.0,4.0,2.0
991,1.0,4.0,5.0,2.0
992,1.0,2.0,4.0,1.0
993,0.0,1.0,4.0,1.0
994,0.0,1.0,3.0,1.0
995,1.0,1.0,3.0,1.0
996,1.0,2.0,3.0,1.0
997,0.0,2.0,3.0,2.0
998,1.0,2.0,3.0,2.0
999,1.0,2.0,3.0,2.0
1000,1.0,1.0,3.0,2.0
1001,0.0,0.0,2.0,1.0
1002,0.0,0.0,2.0,0.0
1003,0.0,0.0,2.0,0.0
1004,0.0,0.0,2.0,0.0
1005,1.0,0.0,2.0,0.0
1006,1.0,1.0,2.0,0.0
1007,2.0,2.0,2.0,0.0
1008,2.0,4.0,2.0,0.0
1009,2.0,4.0,2.0,1.0
1010,2.0,4.0,3.0,1.0
1011,2.0,4.0,3.0,1.0
1012,2.0,5.0,3.0,1.0
1013,2.0,5.0,3.0,1.0
1014,2.0,5.0,3.0,1.0
1015,0.0,5.0,2.0,2.0
1016,0.0,5.0,1.0,2.0
1017,0.0,4.0,1.0,2.0
1018,0.0,4.0,1.0,1.0
1019,1.0,4.0,1.0,1.0
1020,1.0,4.0,2.0,1.0
1021,1.0,2.0,2.0,0.0
1022,1.0,1.0,2.0,0.0
1023,1.0,1.0,1.0,0.0
1024,2.0,2.0,1.0,0.0
1025,1.0,2.0,0.0,0.0
1026,0.0,3.0,0.0,0.0
1027,0.0,3.0,0.0,0.0
1028,0.0,3.0,1.0,0.0
1029,0.0,3.0,1.0,0.0
1030,0.0,3.0,1.0,0.0
1031,0.0,3.0,1.0,0.0
1032,0.0,5.0,1.0,0.0
1033,0.0,5.0,1.0,0.0
1034,0.0,5.0,1.0,0.0
1035,0.0,6.0,1.0,1.0
1036,0.0,6.0,1.0,1.0
1037,0.0,7.0,1.0,2.0
1038,0.0,7.0,1.0,3.0
1039,0.0,6.0,1.0,4.0
1040,2.0,6.0,1.0,5.0
1041,2.0,5.0,1.0,4.0
1042,1.0,5.0,1.0,3.0
1043,0.0,5.0,2.0,3.0
1044,0.0,5.0,3.0,3.0
1045,0.0,4.0,3.0,3.0
1046,0.0,3.0,2.0,4.0
1047,0.0,3.0,0.0,1.0
1048,0.0,2.0,1.0,2.0
1049,1.0,1.0,1.0,1.0
1050,1.0,0.0,1.0,1.0
1051,1.0,0.0,1.0,1.0
1052,1.0,0.0,1.0,1.0
1053,3.0,0.0,1.0,1.0
1054,3.0,0.0,1.0,1.0
1055,3.0,1.0,2.0,2.0
1056,3.0,2.0,2.0,2.0
1057,3.0,2.0,2.0,2.0
1058,3.0,2.0,2.0,2.0
1059,3.0,2.0,2.0,2.0
1060,3.0,2.0,2.0,2.0
1061,3.0,2.0,2.0,2.0
1062,4.0,2.0,2.0,2.0
1063,2.0,3.0,2.0,1.0
1064,2.0,1.0,2.0,1.0
1065,1.0,0.0,1.0,1.0
1066,1.0,0.0,1.0,1.0
1067,1.0,0.0,1.0,0.0
1068,1.0,0.0,0.0,0.0
1069,2.0,0.0,1.0,0.0
1070,2.0,0.0,1.0,0.0
1071,1.0,0.0,2.0,0.0
1072,0.0,1.0,1.0,0.0
1073,1.0,1.0,1.0,0.0
1074,1.0,1.0,1.0,0.0
1075,1.0,1.0,1.0,1.0
1076,1.0,1.0,1.0,1.0
1077,1.0,1.0,1.0,1.0
1078,1.0,1.0,1.0,1.0
1079,1.0,2.0,1.0,2.0
1080,1.0,2.0,1.0,2.0
1081,1.0,2.0,1.0,2.0
1082,1.0,2.0,1.0,2.0
1083,1.0,2.0,1.0,2.0
1084,1.0,2.0,1.0,2.0
1085,1.0,2.0,1.0,2.0
1086,1.0,2.0,1.0,2.0
1087,0.0,1.0,0.0,2.0
1088,0.0,0.0,0.0,1.0
1089,0.0,0.0,0.0,0.0
1090,0.0,0.0,0.0,0.0
1091,0.0,0.0,0.0,0.0
1092,0.0,0.0,0.0,0.0
1093,0.0,0.0,0.0,0.0
1094,0.0,0.0,0.0,0.0
1095,0.0,0.0,0.0,0.0
1096,0.0,0.0,0.0,0.0
1097,0.0,0.0,0.0,0.0
1098,0.0,0.0,0.0,0.0
1099,0.0,0.0,0.0,0.0
1100,0.0,0.0,0.0,0.0
1101,0.0,0.0,0.0,0.0
1102,0.0,0.0,0.0,0.0
1103,0.0,0.0,0.0,0.0
1104,0.0,0.0,0.0,0.0
1105,0.0,0.0,0.0,0.0
1106,0.0,0.0,0.0,0.0
1107,0.0,0.0,0.0,0.0
1108,0.0,0.0,0.0,0.0
1109,0.0,0.0,0.0,0.0
1110,0.0,0.0,0.0,0.0
1111,0.0,0.0,0.0,0.0
1112,0.0,0.0,0.0,0.0
1113,0.0,0.0,0.0,0.0
1114,0.0,0.0,0.0,0.0
1115,0.0,0.0,0.0,0.0
1116,0.0,0.0,0.0,0.0
1117,0.0,0.0,0.0,0.0
1118,0.0,0.0,0.0,0.0
1119,0.0,0.0,0.0,0.0
1120,0.0,0.0,0.0,0.0
1121,0.0,0.0,0.0,0.0
1122,0.0,0.0,0.0,0.0
1123,0.0,0.0,0.0,0.0
1124,0.0,0.0,0.0,0.0
1125,0.0,0.0,0.0,0.0
1126,0.0,0.0,0.0,0.0
1127,0.0,0.0,0.0,0.0
1128,0.0,0.0,0.0,0.0
1129,0.0,0.0,0.0,0.0
1130,0.0,0.0,0.0,0.0
1131,0.0,0.0,0.0,0.0
1132,0.0,0.0,0.0,0.0
1133,0.0,0.0,0.0,0.0
1134,0.0,0.0,0.0,0.0
1135,0.0,0.0,0.0,0.0
1136,0.0,0.0,0.0,0.0
1137,0.0,0.0,0.0,0.0
1138,0.0,0.0,0.0,0.0
1139,0.0,0.0,0.0,0.0
1140,0.0,0.0,0.0,0.0
1141,0.0,0.0,0.0,0.0
1142,0.0,0.0,0.0,0.0
1143,0.0,0.0,0.0,0.0
1144,0.0,0.0,0.0,0.0
1145,0.0,0.0,0.0,0.0
1146,0.0,0.0,0.0,0.0
1147,0.0,0.0,0.0,0.0
1148,0.0,0.0,0.0,0.0
1149,0.0,0.0,0.0,0.0
1150,0.0,0.0,0.0,0.0
1151,0.0,0.0,0.0,0.0
1152,0.0,0.0,0.0,0.0
1153,0.0,0.0,0.0,0.0
1154,0.0,0.0,0.0,0.0
1155,0.0,0.0,0.0,0.0
1156,0.0,0.0,0.0,0.0
1157,0.0,0.0,0.0,0.0
1158,0.0,0.0,0.0,0.0
1159,0.0,0.0,0.0,0.0
1160,0.0,0.0,0.0,0.0
1161,0.0,0.0,0.0,0.0
1162,0.0,0.0,0.0,0.0
1163,0.0,0.0,0.0,0.0
1164,0.0,0.0,0.0,0.0
1165,0.0,0.0,0.0,0.0
1166,0.0,0.0,0.0,0.0
1167,0.0,0.0,0.0,0.0
1168,0.0,0.0,0.0,0.0
1169,0.0,0.0,0.0,0.0
1170,0.0,0.0,0.0,0.0
1171,0.0,0.0,0.0,0.0
1172,0.0,0.0,0.0,0.0
1173,0.0,0.0,0.0,0.0
1174,0.0,0.0,0.0,0.0
1175,0.0,0.0,0.0,0.0
1176,1.0,0.0,1.0,0.0
1177,1.0,0.0,1.0,0.0
1178,1.0,1.0,1.0,0.0
1179,1.0,1.0,2.0,0.0
1180,1.0,1.0,2.0,0.0
1181,2.0,1.0,3.0,0.0
1182,2.0,1.0,3.0,0.0
1183,1.0,1.0,2.0,1.0
1184,1.0,0.0,1.0,2.0
1185,0.0,1.0,1.0,1.0
1186,2.0,1.0,1.0,3.0
1187,2.0,2.0,1.0,4.0
1188,4.0,2.0,2.0,4.0
1189,2.0,2.0,2.0,3.0
1190,1.0,1.0,2.0,3.0
1191,0.0,1.0,1.0,3.0
1192,0.0,3.0,2.0,2.0
1193,0.0,2.0,2.0,1.0
1194,0.0,2.0,1.0,3.0
1195,0.0,3.0,1.0,4.0
1196,1.0,4.0,1.0,5.0
1197,1.0,4.0,1.0,5.0
1198,1.0,4.0,1.0,5.0
1199,1.0,4.0,2.0,5.0
1200,1.0,4.0,2.0,5.0
1201,1.0,4.0,3.0,5.0
1202,1.0,5.0,5.0,5.0
1203,1.0,5.0,5.0,5.0
1204,1.0,6.0,5.0,5.0
1205,1.0,7.0,5.0,7.0
1206,2.0,8.0,5.0,7.0
1207,2.0,7.0,5.0,5.0
1208,2.0,6.0,6.0,5.0
1209,2.0,6.0,7.0,5.0
1210,1.0,6.0,6.0,5.0
1211,1.0,5.0,6.0,5.0
1212,1.0,5.0,6.0,6.0
1213,1.0,5.0,6.0,5.0
1214,3.0,4.0,6.0,6.0
1215,4.0,4.0,5.0,6.0
1216,4.0,3.0,3.0,5.0
1217,4.0,2.0,2.0,3.0
1218,3.0,1.0,1.0,2.0
1219,3.0,2.0,1.0,4.0
1220,5.0,3.0,1.0,4.0
1221,5.0,4.0,1.0,4.0
1222,6.0,5.0,1.0,4.0
1223,6.0,6.0,1.0,5.0
1224,7.0,7.0,1.0,6.0
1225,7.0,8.0,1.0,6.0
1226,7.0,8.0,1.0,6.0
1227,7.0,9.0,1.0,7.0
1228,7.0,9.0,1.0,8.0
1229,8.0,10.0,1.0,9.0
1230,9.0,10.0,1.0,9.0
1231,9.0,8.0,1.0,8.0
1232,9.0,8.0,2.0,8.0
1233,8.0,8.0,2.0,9.0
1234,8.0,8.0,2.0,9.0
1235,7.0,8.0,1.0,9.0
1236,7.0,8.0,1.0,9.0
1237,7.0,9.0,2.0,10.0
1238,6.0,10.0,1.0,6.0
1239,5.0,9.0,1.0,6.0
1240,3.0,8.0,1.0,5.0
1241,2.0,8.0,1.0,4.0
1242,1.0,8.0,1.0,5.0
1243,2.0,8.0,1.0,5.0
1244,3.0,8.0,1.0,5.0
1245,3.0,9.0,1.0,5.0
1246,3.0,10.0,2.0,5.0
1247,3.0,10.0,3.0,8.0
1248,3.0,10.0,4.0,8.0
1249,4.0,10.0,4.0,8.0
1250,5.0,10.0,4.0,8.0
1251,5.0,10.0,4.0,8.0
1252,5.0,10.0,4.0,8.0
1253,5.0,10.0,5.0,8.0
1254,5.0,10.0,7.0,8.0
1255,5.0,8.0,7.0,8.0
1256,5.0,8.0,7.0,8.0
1257,4.0,8.0,6.0,7.0
1258,5.0,8.0,8.0,7.0
1259,5.0,8.0,8.0,8.0
1260,5.0,8.0,8.0,9.0
1261,5.0,8.0,8.0,9.0
1262,4.0,7.0,7.0,8.0
1263,3.0,6.0,5.0,10.0
1264,2.0,5.0,4.0,8.0
1265,2.0,3.0,4.0,5.0
1266,1.0,2.0,3.0,4.0
1267,1.0,2.0,3.0,4.0
1268,1.0,5.0,3.0,4.0
1269,1.0,5.0,4.0,5.0
1270,2.0,6.0,4.0,6.0
1271,2.0,6.0,5.0,6.0
1272,2.0,6.0,6.0,6.0
1273,2.0,6.0,7.0,7.0
1274,2.0,6.0,7.0,10.0
1275,3.0,6.0,7.0,11.0
1276,3.0,7.0,8.0,11.0
1277,4.0,7.0,8.0,12.0
1278,4.0,8.0,8.0,12.0
1279,4.0,8.0,7.0,10.0
1280,6.0,7.0,7.0,11.0
1281,6.0,7.0,7.0,11.0
1282,6.0,7.0,7.0,12.0
1283,8.0,8.0,8.0,12.0
1284,8.0,8.0,8.0,13.0
1285,7.0,8.0,6.0,14.0
1286,6.0,9.0,7.0,14.0
1287,2.0,8.0,5.0,15.0
1288,2.0,6.0,4.0,14.0
1289,2.0,6.0,3.0,12.0
1290,2.0,5.0,4.0,12.0
1291,2.0,5.0,4.0,12.0
1292,3.0,5.0,5.0,12.0
1293,3.0,6.0,5.0,12.0
1294,4.0,6.0,5.0,12.0
1295,4.0,6.0,6.0,12.0
1296,5.0,6.0,7.0,12.0
1297,6.0,6.0,7.0,12.0
1298,6.0,6.0,7.0,12.0
1299,7.0,7.0,7.0,12.0
1300,7.0,7.0,7.0,12.0
1301,7.0,8.0,7.0,12.0
1302,7.0,8.0,7.0,13.0
1303,6.0,7.0,7.0,13.0
1304,6.0,6.0,8.0,12.0
1305,6.0,6.0,7.0,14.0
1306,6.0,6.0,7.0,14.0
1307,7.0,6.0,7.0,15.0
1308,7.0,6.0,7.0,15.0
1309,7.0,6.0,8.0,14.0
1310,7.0,7.0,8.0,13.0
1311,3.0,4.0,6.0,11.0
1312,3.0,4.0,5.0,10.0
1313,1.0,2.0,5.0,8.0
1314,1.0,0.0,3.0,7.0
1315,1.0,0.0,4.0,7.0
1316,1.0,0.0,4.0,8.0
1317,1.0,0.0,4.0,9.0
1318,1.0,0.0,4.0,9.0
1319,2.0,0.0,4.0,10.0
1320,2.0,0.0,4.0,10.0
1321,2.0,0.0,4.0,10.0
1322,3.0,0.0,4.0,10.0
1323,3.0,1.0,4.0,10.0
1324,5.0,1.0,4.0,10.0
1325,5.0,2.0,4.0,10.0
1326,5.0,2.0,5.0,10.0
1327,5.0,3.0,4.0,10.0
1328,5.0,3.0,2.0,9.0
1329,6.0,4.0,2.0,9.0
1330,6.0,4.0,2.0,10.0
1331,6.0,4.0,2.0,10.0
1332,6.0,4.0,2.0,10.0
1333,5.0,4.0,2.0,9.0
1334,4.0,4.0,2.0,7.0
1335,4.0,3.0,1.0,6.0
1336,3.0,3.0,0.0,3.0
1337,2.0,1.0,0.0,3.0
1338,2.0,2.0,0.0,2.0
1339,3.0,2.0,0.0,2.0
1340,4.0,2.0,0.0,2.0
1341,4.0,2.0,0.0,2.0
1342,5.0,2.0,0.0,2.0
1343,5.0,2.0,1.0,2.0
1344,5.0,2.0,1.0,3.0
1345,5.0,3.0,1.0,3.0
1346,5.0,3.0,1.0,3.0
1347,5.0,3.0,2.0,3.0
1348,5.0,3.0,2.0,4.0
1349,5.0,3.0,3.0,4.0
1350,5.0,3.0,3.0,4.0
1351,5.0,2.0,3.0,4.0
1352,4.0,2.0,3.0,4.0
1353,4.0,2.0,3.0,5.0
1354,4.0,2.0,3.0,5.0
1355,4.0,2.0,4.0,5.0
1356,4.0,2.0,4.0,5.0
1357,3.0,1.0,5.0,5.0
1358,1.0,1.0,5.0,5.0
1359,1.0,2.0,5.0,4.0
1360,1.0,2.0,4.0,4.0
1361,1.0,2.0,4.0,3.0
1362,2.0,1.0,4.0,1.0
1363,2.0,1.0,4.0,2.0
1364,3.0,1.0,4.0,3.0
1365,3.0,2.0,4.0,4.0
1366,4.0,2.0,4.0,4.0
1367,4.0,3.0,4.0,5.0
1368,5.0,3.0,4.0,5.0
1369,5.0,3.0,5.0,5.0
1370,5.0,3.0,5.0,5.0
1371,5.0,4.0,5.0,6.0
1372,6.0,4.0,5.0,6.0
1373,6.0,4.0,5.0,6.0
1374,6.0,4.0,6.0,6.0
1375,5.0,3.0,4.0,7.0
1376,5.0,3.0,4.0,7.0
1377,5.0,3.0,4.0,7.0
1378,6.0,3.0,4.0,6.0
1379,8.0,3.0,4.0,6.0
1380,8.0,3.0,4.0,6.0
1381,8.0,3.0,3.0,6.0
1382,6.0,3.0,3.0,6.0
1383,5.0,2.0,3.0,4.0
1384,4.0,2.0,3.0,4.0
1385,2.0,1.0,3.0,4.0
1386,2.0,1.0,2.0,2.0
1387,2.0,1.0,2.0,2.0
1388,2.0,1.0,3.0,2.0
1389,2.0,1.0,3.0,4.0
1390,2.0,1.0,3.0,4.0
1391,2.0,1.0,5.0,4.0
1392,2.0,1.0,5.0,5.0
1393,3.0,1.0,5.0,5.0
1394,3.0,1.0,6.0,6.0
1395,3.0,1.0,6.0,6.0
1396,3.0,1.0,6.0,7.0
1397,3.0,1.0,6.0,8.0
1398,3.0,1.0,6.0,8.0
1399,3.0,1.0,6.0,7.0
1400,3.0,0.0,6.0,6.0
1401,3.0,0.0,5.0,6.0
1402,2.0,2.0,5.0,6.0
1403,2.0,2.0,5.0,7.0
1404,1.0,3.0,6.0,7.0
1405,1.0,3.0,5.0,6.0
1406,1.0,1.0,5.0,6.0
1407,1.0,0.0,5.0,5.0
1408,2.0,0.0,5.0,4.0
1409,2.0,0.0,4.0,2.0
1410,2.0,0.0,3.0,2.0
1411,2.0,1.0,5.0,2.0
1412,2.0,1.0,6.0,2.0
1413,3.0,1.0,6.0,2.0
1414,3.0,1.0,7.0,2.0
1415,3.0,1.0,7.0,2.0
1416,4.0,1.0,7.0,2.0
1417,4.0,1.0,7.0,3.0
1418,5.0,1.0,7.0,3.0
1419,6.0,1.0,7.0,3.0
1420,6.0,1.0,7.0,3.0
1421,6.0,1.0,7.0,3.0
1422,6.0,1.0,8.0,3.0
1423,6.0,1.0,6.0,3.0
1424,5.0,1.0,6.0,3.0
1425,5.0,1.0,6.0,3.0
1426,5.0,0.0,6.0,3.0
1427,5.0,0.0,6.0,3.0
1428,4.0,1.0,6.0,3.0
1429,4.0,1.0,6.0,2.0
1430,4.0,1.0,6.0,2.0
1431,4.0,0.0,5.0,2.0
1432,4.0,0.0,2.0,2.0
1433,4.0,0.0,1.0,3.0
1434,4.0,0.0,0.0,1.0
1435,4.0,0.0,0.0,1.0
1436,4.0,0.0,0.0,2.0
1437,4.0,1.0,0.0,2.0
1438,4.0,1.0,0.0,2.0
1439,4.0,2.0,0.0,2.0
1440,4.0,2.0,0.0,2.0
1441,4.0,2.0,0.0,2.0
1442,5.0,2.0,0.0,2.0
1443,5.0,2.0,0.0,2.0
1444,5.0,2.0,0.0,2.0
1445,5.0,2.0,0.0,2.0
1446,5.0,2.0,0.0,2.0
1447,6.0,2.0,0.0,2.0
1448,5.0,2.0,1.0,1.0
1449,5.0,3.0,1.0,1.0
1450,4.0,3.0,1.0,1.0
1451,4.0,3.0,0.0,1.0
1452,4.0,1.0,0.0,1.0
1453,4.0,1.0,1.0,1.0
1454,3.0,1.0,1.0,2.0
1455,1.0,1.0,1.0,2.0
1456,1.0,1.0,1.0,2.0
1457,1.0,0.0,1.0,1.0
1458,1.0,0.0,2.0,2.0
1459,1.0,0.0,3.0,3.0
1460,1.0,0.0,3.0,3.0
1461,1.0,1.0,3.0,3.0
1462,2.0,1.0,3.0,3.0
1463,2.0,1.0,3.0,3.0
1464,2.0,1.0,3.0,3.0
1465,2.0,1.0,3.0,4.0
1466,2.0,2.0,3.0,4.0
1467,2.0,2.0,3.0,4.0
1468,2.0,2.0,3.0,5.0
1469,3.0,2.0,3.0,6.0
1470,3.0,2.0,3.0,6.0
1471,4.0,2.0,1.0,7.0
1472,5.0,2.0,1.0,7.0
1473,4.0,1.0,1.0,6.0
1474,3.0,1.0,1.0,7.0
1475,4.0,3.0,2.0,8.0
1476,5.0,3.0,2.0,9.0
1477,5.0,3.0,1.0,10.0
1478,5.0,2.0,0.0,10.0
1479,5.0,1.0,0.0,10.0
1480,2.0,1.0,0.0,9.0
1481,1.0,1.0,0.0,9.0
1482,1.0,0.0,1.0,8.0
1483,1.0,0.0,2.0,8.0
1484,1.0,0.0,2.0,8.0
1485,1.0,0.0,2.0,8.0
1486,2.0,0.0,2.0,8.0
1487,2.0,1.0,2.0,8.0
1488,2.0,1.0,2.0,8.0
1489,2.0,2.0,2.0,8.0
1490,2.0,2.0,2.0,8.0
1491,2.0,2.0,2.0,8.0
1492,2.0,2.0,2.0,8.0
1493,3.0,3.0,2.0,8.0
1494,3.0,4.0,2.0,9.0
1495,3.0,4.0,5.0,7.0
1496,3.0,4.0,6.0,7.0
1497,4.0,4.0,3.0,7.0
1498,4.0,4.0,2.0,7.0
1499,4.0,4.0,1.0,7.0
1500,6.0,3.0,1.0,7.0
1501,5.0,4.0,0.0,5.0
1502,5.0,4.0,0.0,4.0
1503,4.0,3.0,0.0,4.0
1504,4.0,2.0,0.0,4.0
1505,3.0,2.0,0.0,3.0
1506,2.0,2.0,1.0,2.0
1507,2.0,2.0,1.0,4.0
1508,2.0,2.0,1.0,4.0
1509,2.0,2.0,1.0,4.0
1510,3.0,2.0,2.0,4.0
1511,3.0,2.0,3.0,5.0
1512,3.0,2.0,3.0,5.0
1513,3.0,2.0,3.0,5.0
1514,3.0,2.0,3.0,5.0
1515,3.0,3.0,3.0,5.0
1516,3.0,3.0,3.0,5.0
1517,3.0,3.0,4.0,5.0
1518,3.0,3.0,4.0,5.0
1519,3.0,1.0,3.0,4.0
1520,4.0,1.0,3.0,4.0
1521,4.0,1.0,3.0,3.0
1522,4.0,1.0,3.0,3.0
1523,4.0,1.0,3.0,3.0
1524,4.0,1.0,3.0,4.0
1525,4.0,1.0,2.0,3.0
1526,2.0,2.0,2.0,4.0
1527,2.0,2.0,2.0,5.0
1528,1.0,1.0,2.0,3.0
1529,1.0,2.0,2.0,1.0
1530,1.0,1.0,3.0,1.0
1531,1.0,1.0,3.0,1.0
1532,1.0,1.0,3.0,1.0
1533,3.0,1.0,3.0,1.0
1534,3.0,1.0,4.0,1.0
1535,4.0,1.0,4.0,1.0
1536,4.0,2.0,4.0,1.0
1537,4.0,2.0,4.0,2.0
1538,4.0,2.0,4.0,2.0
1539,4.0,3.0,4.0,2.0
1540,4.0,3.0,4.0,2.0
1541,4.0,3.0,4.0,3.0
1542,4.0,3.0,4.0,3.0
1543,3.0,3.0,4.0,3.0
1544,3.0,3.0,3.0,3.0
1545,3.0,3.0,2.0,2.0
1546,3.0,2.0,4.0,2.0
1547,4.0,2.0,3.0,2.0
1548,4.0,0.0,3.0,2.0
1549,4.0,0.0,2.0,2.0
1550,4.0,0.0,3.0,3.0
1551,4.0,0.0,2.0,4.0
1552,4.0,0.0,1.0,4.0
1553,1.0,1.0,0.0,2.0
1554,0.0,1.0,0.0,3.0
1555,0.0,1.0,1.0,3.0
1556,1.0,1.0,1.0,3.0
1557,1.0,1.0,1.0,3.0
1558,2.0,1.0,1.0,4.0
1559,2.0,1.0,1.0,4.0
1560,2.0,1.0,1.0,4.0
1561,2.0,1.0,1.0,4.0
1562,2.0,1.0,1.0,4.0
1563,2.0,1.0,1.0,4.0
1564,2.0,1.0,2.0,5.0
1565,2.0,1.0,2.0,5.0
1566,2.0,1.0,2.0,5.0
1567,2.0,2.0,2.0,5.0
1568,2.0,2.0,2.0,6.0
1569,3.0,2.0,1.0,5.0
1570,4.0,0.0,1.0,5.0
1571,4.0,0.0,1.0,3.0
1572,3.0,0.0,1.0,3.0
1573,3.0,0.0,1.0,2.0
1574,4.0,0.0,2.0,2.0
1575,4.0,1.0,2.0,2.0
1576,2.0,2.0,1.0,2.0
1577,1.0,2.0,0.0,1.0
1578,1.0,1.0,1.0,1.0
1579,1.0,1.0,1.0,2.0
1580,2.0,1.0,1.0,2.0
1581,3.0,1.0,1.0,2.0
1582,3.0,1.0,1.0,2.0
1583,5.0,1.0,2.0,2.0
1584,5.0,1.0,2.0,2.0
1585,5.0,1.0,3.0,3.0
1586,5.0,1.0,3.0,3.0
1587,5.0,1.0,3.0,3.0
1588,5.0,1.0,3.0,3.0
1589,5.0,1.0,5.0,3.0
1590,6.0,2.0,5.0,3.0
1591,5.0,1.0,4.0,4.0
1592,6.0,1.0,4.0,4.0
1593,6.0,1.0,4.0,3.0
1594,7.0,3.0,3.0,3.0
1595,7.0,3.0,4.0,2.0
1596,7.0,3.0,3.0,2.0
1597,6.0,1.0,3.0,2.0
1598,6.0,1.0,3.0,2.0
1599,5.0,0.0,3.0,1.0
1600,4.0,1.0,1.0,0.0
1601,3.0,1.0,0.0,0.0
1602,2.0,0.0,0.0,1.0
1603,2.0,0.0,0.0,1.0
1604,2.0,0.0,0.0,1.0
1605,2.0,0.0,0.0,1.0
1606,3.0,1.0,0.0,1.0
1607,3.0,2.0,0.0,1.0
1608,3.0,2.0,0.0,2.0
1609,3.0,2.0,0.0,2.0
1610,3.0,2.0,0.0,2.0
1611,3.0,3.0,0.0,2.0
1612,3.0,3.0,0.0,3.0
1613,3.0,3.0,0.0,3.0
1614,3.0,3.0,1.0,3.0
1615,2.0,3.0,1.0,2.0
1616,2.0,4.0,1.0,4.0
1617,2.0,3.0,1.0,4.0
1618,2.0,2.0,1.0,4.0
1619,2.0,2.0,1.0,2.0
1620,2.0,3.0,2.0,3.0
1621,2.0,3.0,3.0,3.0
1622,1.0,2.0,3.0,4.0
1623,1.0,0.0,2.0,5.0
1624,1.0,0.0,1.0,3.0
1625,0.0,0.0,1.0,3.0
1626,0.0,0.0,1.0,2.0
1627,0.0,1.0,2.0,2.0
1628,0.0,1.0,2.0,2.0
1629,0.0,1.0,2.0,2.0
1630,0.0,1.0,2.0,2.0
1631,0.0,1.0,2.0,2.0
1632,0.0,1.0,2.0,2.0
1633,0.0,1.0,3.0,2.0
1634,1.0,1.0,3.0,2.0
1635,1.0,1.0,3.0,3.0
1636,1.0,2.0,3.0,3.0
1637,1.0,3.0,3.0,3.0
1638,1.0,3.0,3.0,3.0
1639,1.0,2.0,2.0,3.0
1640,1.0,2.0,1.0,2.0
1641,1.0,2.0,0.0,3.0
1642,1.0,2.0,0.0,2.0
1643,1.0,2.0,1.0,2.0
1644,1.0,2.0,1.0,2.0
1645,2.0,3.0,0.0,1.0
1646,2.0,3.0,1.0,1.0
1647,1.0,2.0,1.0,1.0
1648,1.0,3.0,0.0,1.0
1649,0.0,1.0,0.0,1.0
1650,1.0,0.0,0.0,0.0
1651,1.0,0.0,1.0,0.0
1652,1.0,1.0,1.0,2.0
1653,1.0,1.0,1.0,3.0
1654,1.0,1.0,1.0,3.0
1655,1.0,1.0,1.0,3.0
1656,1.0,1.0,1.0,3.0
1657,2.0,2.0,2.0,3.0
1658,2.0,2.0,2.0,4.0
1659,2.0,2.0,2.0,4.0
1660,2.0,2.0,2.0,4.0
1661,2.0,2.0,3.0,4.0
1662,2.0,2.0,3.0,4.0
1663,2.0,1.0,2.0,3.0
1664,1.0,1.0,1.0,1.0
1665,1.0,0.0,1.0,2.0
1666,1.0,2.0,1.0,2.0
1667,1.0,3.0,1.0,2.0
1668,1.0,2.0,2.0,3.0
1669,1.0,1.0,2.0,3.0
1670,2.0,0.0,2.0,0.0
1671,2.0,2.0,2.0,1.0
1672,1.0,3.0,1.0,1.0
1673,0.0,3.0,0.0,2.0
1674,0.0,2.0,0.0,1.0
1675,3.0,2.0,0.0,1.0
1676,3.0,2.0,0.0,1.0
1677,3.0,2.0,1.0,1.0
1678,3.0,2.0,1.0,1.0
1679,4.0,2.0,1.0,2.0
1680,4.0,2.0,1.0,2.0
1681,4.0,2.0,1.0,2.0
1682,4.0,2.0,1.0,2.0
1683,5.0,2.0,1.0,2.0
1684,5.0,2.0,1.0,2.0
1685,5.0,2.0,1.0,2.0
1686,5.0,3.0,1.0,2.0
1687,5.0,1.0,1.0,2.0
1688,3.0,1.0,2.0,1.0
1689,3.0,1.0,1.0,2.0
1690,3.0,1.0,2.0,2.0
1691,1.0,1.0,1.0,1.0
1692,1.0,2.0,1.0,0.0
1693,1.0,2.0,0.0,0.0
1694,2.0,2.0,1.0,0.0
1695,2.0,2.0,4.0,1.0
1696,2.0,2.0,4.0,1.0
1697,1.0,0.0,3.0,2.0
1698,0.0,0.0,0.0,1.0
1699,0.0,0.0,1.0,1.0
1700,0.0,1.0,1.0,1.0
1701,0.0,1.0,1.0,1.0
1702,0.0,1.0,1.0,1.0
1703,0.0,2.0,1.0,1.0
1704,0.0,2.0,1.0,2.0
1705,0.0,3.0,1.0,2.0
1706,0.0,3.0,1.0,2.0
1707,0.0,3.0,1.0,2.0
1708,1.0,3.0,1.0,2.0
1709,2.0,4.0,1.0,3.0
1710,2.0,5.0,1.0,3.0
1711,3.0,6.0,0.0,3.0
1712,4.0,6.0,1.0,3.0
1713,3.0,5.0,2.0,2.0
1714,3.0,4.0,1.0,2.0
1715,2.0,4.0,1.0,2.0
1716,3.0,3.0,1.0,2.0
1717,5.0,3.0,0.0,2.0
1718,5.0,3.0,0.0,1.0
1719,3.0,3.0,0.0,1.0
1720,2.0,3.0,0.0,1.0
1721,2.0,0.0,0.0,0.0
1722,2.0,0.0,0.0,0.0
1723,2.0,0.0,0.0,0.0
1724,2.0,0.0,0.0,1.0
1725,2.0,1.0,0.0,1.0
1726,2.0,3.0,0.0,1.0
1727,2.0,3.0,1.0,1.0
1728,3.0,4.0,1.0,1.0
1729,3.0,4.0,1.0,1.0
1730,3.0,4.0,1.0,1.0
1731,3.0,4.0,1.0,1.0
1732,3.0,4.0,2.0,1.0
1733,3.0,5.0,4.0,1.0
1734,3.0,5.0,4.0,2.0
1735,4.0,5.0,5.0,3.0
1736,4.0,4.0,6.0,2.0
1737,4.0,3.0,5.0,2.0
1738,2.0,3.0,4.0,2.0
1739,1.0,3.0,3.0,3.0
1740,1.0,4.0,3.0,2.0
1741,1.0,3.0,2.0,2.0
1742,2.0,3.0,3.0,1.0
1743,1.0,2.0,2.0,1.0
1744,0.0,1.0,1.0,1.0
1745,0.0,1.0,0.0,1.0
1746,0.0,1.0,0.0,1.0
1747,1.0,1.0,0.0,1.0
1748,1.0,1.0,0.0,1.0
1749,1.0,1.0,0.0,1.0
1750,1.0,2.0,1.0,1.0
1751,2.0,2.0,3.0,2.0
1752,2.0,3.0,3.0,3.0
1753,2.0,3.0,3.0,3.0
1754,2.0,3.0,3.0,3.0
1755,2.0,3.0,3.0,3.0
1756,2.0,3.0,3.0,4.0
1757,2.0,5.0,3.0,4.0
1758,2.0,6.0,3.0,5.0
1759,2.0,4.0,3.0,4.0
1760,1.0,4.0,1.0,4.0
1761,0.0,4.0,2.0,3.0
1762,0.0,4.0,3.0,2.0
1763,0.0,5.0,4.0,2.0
1764,0.0,5.0,3.0,2.0
1765,1.0,6.0,3.0,4.0
1766,1.0,4.0,2.0,5.0
1767,1.0,5.0,1.0,2.0
1768,1.0,3.0,1.0,1.0
1769,1.0,2.0,1.0,1.0
1770,0.0,1.0,2.0,0.0
1771,0.0,1.0,3.0,1.0
1772,0.0,2.0,3.0,1.0
1773,0.0,2.0,3.0,2.0
1774,1.0,2.0,3.0,2.0
1775,1.0,2.0,3.0,2.0
1776,1.0,2.0,3.0,2.0
1777,1.0,2.0,3.0,2.0
1778,1.0,2.0,4.0,2.0
1779,1.0,2.0,4.0,2.0
1780,1.0,2.0,4.0,2.0
1781,1.0,3.0,4.0,2.0
1782,1.0,3.0,6.0,3.0
1783,1.0,2.0,5.0,1.0
1784,1.0,1.0,4.0,1.0
1785,1.0,1.0,4.0,1.0
1786,1.0,1.0,4.0,1.0
1787,1.0,1.0,4.0,1.0
1788,1.0,2.0,4.0,2.0
1789,0.0,3.0,3.0,2.0
1790,0.0,2.0,3.0,1.0
1791,0.0,2.0,3.0,1.0
1792,0.0,0.0,3.0,1.0
1793,0.0,1.0,2.0,1.0
1794,0.0,1.0,1.0,1.0
1795,0.0,1.0,1.0,1.0
1796,2.0,1.0,1.0,1.0
1797,2.0,1.0,1.0,2.0
1798,2.0,1.0,2.0,3.0
1799,2.0,1.0,2.0,3.0
1800,2.0,1.0,2.0,3.0
1801,2.0,1.0,2.0,3.0
1802,2.0,1.0,2.0,4.0
1803,2.0,2.0,2.0,5.0
1804,2.0,2.0,2.0,5.0
1805,2.0,2.0,2.0,5.0
1806,3.0,2.0,2.0,5.0
1807,3.0,2.0,1.0,4.0
1808,3.0,1.0,1.0,4.0
1809,2.0,1.0,1.0,3.0
1810,2.0,1.0,0.0,4.0
1811,1.0,2.0,2.0,3.0
1812,1.0,2.0,2.0,3.0
1813,1.0,2.0,0.0,4.0
1814,2.0,3.0,0.0,3.0
1815,2.0,3.0,0.0,1.0
1816,0.0,2.0,1.0,0.0
1817,0.0,2.0,2.0,0.0
1818,0.0,0.0,2.0,0.0
1819,0.0,0.0,3.0,0.0
1820,1.0,0.0,3.0,0.0
1821,1.0,0.0,3.0,0.0
1822,1.0,0.0,3.0,0.0
1823,1.0,0.0,3.0,0.0
1824,1.0,0.0,3.0,0.0
1825,1.0,0.0,3.0,0.0
1826,1.0,0.0,4.0,0.0
1827,1.0,0.0,5.0,1.0
1828,1.0,0.0,5.0,1.0
1829,1.0,0.0,5.0,1.0
1830,2.0,0.0,5.0,1.0
1831,2.0,0.0,3.0,1.0
1832,1.0,1.0,2.0,2.0
1833,1.0,1.0,1.0,4.0
1834,2.0,1.0,2.0,3.0
1835,2.0,1.0,2.0,3.0
1836,1.0,0.0,1.0,1.0
1837,1.0,0.0,1.0,1.0
1838,1.0,0.0,0.0,0.0
1839,1.0,1.0,0.0,0.0
1840,1.0,1.0,0.0,0.0
1841,2.0,0.0,0.0,0.0
1842,2.0,0.0,0.0,0.0
1843,2.0,0.0,0.0,0.0
1844,2.0,0.0,0.0,0.0
1845,2.0,0.0,0.0,0.0
1846,2.0,0.0,0.0,0.0
1847,2.0,0.0,0.0,1.0
1848,2.0,0.0,0.0,1.0
1849,2.0,0.0,0.0,1.0
1850,2.0,0.0,0.0,1.0
1851,2.0,0.0,2.0,1.0
1852,2.0,1.0,3.0,2.0
1853,2.0,1.0,3.0,3.0
1854,3.0,1.0,3.0,4.0
1855,2.0,2.0,5.0,3.0
1856,1.0,2.0,5.0,3.0
1857,1.0,2.0,4.0,3.0
1858,1.0,1.0,3.0,3.0
1859,2.0,1.0,3.0,4.0
1860,2.0,1.0,3.0,4.0
1861,2.0,1.0,3.0,4.0
1862,2.0,0.0,2.0,3.0
1863,1.0,1.0,1.0,2.0
1864,1.0,1.0,1.0,2.0
1865,1.0,1.0,1.0,0.0
1866,0.0,1.0,1.0,1.0
1867,0.0,1.0,1.0,1.0
1868,0.0,1.0,1.0,1.0
1869,0.0,1.0,1.0,2.0
1870,0.0,1.0,1.0,2.0
1871,0.0,2.0,1.0,2.0
1872,0.0,2.0,1.0,2.0
1873,0.0,2.0,1.0,2.0
1874,1.0,2.0,1.0,2.0
1875,1.0,2.0,1.0,2.0
1876,1.0,2.0,1.0,2.0
1877,1.0,2.0,2.0,3.0
1878,1.0,2.0,3.0,3.0
1879,1.0,0.0,2.0,1.0
1880,1.0,0.0,2.0,1.0
1881,1.0,0.0,2.0,1.0
1882,1.0,1.0,3.0,1.0
1883,2.0,1.0,3.0,1.0
1884,3.0,0.0,3.0,1.0
1885,3.0,0.0,3.0,1.0
1886,1.0,0.0,2.0,0.0
1887,1.0,0.0,3.0,0.0
1888,1.0,0.0,3.0,1.0
1889,0.0,0.0,3.0,1.0
1890,0.0,0.0,1.0,0.0
1891,0.0,0.0,1.0,0.0
1892,0.0,0.0,2.0,0.0
1893,1.0,0.0,2.0,0.0
1894,1.0,0.0,2.0,0.0
1895,1.0,0.0,2.0,0.0
1896,1.0,0.0,4.0,0.0
1897,1.0,0.0,5.0,0.0
1898,1.0,0.0,5.0,0.0
1899,1.0,0.0,5.0,0.0
1900,2.0,0.0,5.0,0.0
1901,2.0,0.0,5.0,2.0
1902,2.0,1.0,5.0,2.0
1903,2.0,1.0,3.0,3.0
1904,2.0,1.0,3.0,3.0
1905,2.0,1.0,3.0,2.0
1906,1.0,1.0,3.0,3.0
1907,1.0,2.0,3.0,3.0
1908,2.0,2.0,1.0,4.0
1909,2.0,3.0,0.0,3.0
1910,3.0,2.0,0.0,3.0
1911,4.0,3.0,0.0,1.0
1912,2.0,2.0,0.0,0.0
1913,0.0,2.0,1.0,1.0
1914,0.0,0.0,2.0,1.0
1915,1.0,0.0,2.0,1.0
1916,1.0,1.0,2.0,1.0
1917,1.0,1.0,2.0,1.0
1918,2.0,1.0,2.0,1.0
1919,2.0,1.0,2.0,3.0
1920,2.0,1.0,2.0,3.0
1921,2.0,1.0,2.0,3.0
1922,2.0,1.0,4.0,3.0
1923,2.0,1.0,4.0,3.0
1924,2.0,1.0,4.0,3.0
1925,2.0,1.0,4.0,3.0
1926,3.0,1.0,6.0,3.0
1927,3.0,0.0,5.0,1.0
1928,2.0,0.0,4.0,1.0
1929,2.0,0.0,4.0,1.0
1930,2.0,1.0,5.0,2.0
1931,2.0,1.0,5.0,1.0
1932,2.0,1.0,3.0,1.0
1933,2.0,0.0,4.0,1.0
1934,1.0,0.0,3.0,1.0
1935,1.0,0.0,1.0,0.0
1936,0.0,1.0,0.0,0.0
1937,0.0,1.0,0.0,0.0
1938,0.0,1.0,0.0,0.0
1939,0.0,1.0,0.0,0.0
1940,0.0,1.0,1.0,0.0
1941,0.0,1.0,1.0,1.0
1942,0.0,1.0,1.0,2.0
1943,0.0,2.0,1.0,2.0
1944,0.0,3.0,1.0,2.0
1945,0.0,3.0,1.0,2.0
1946,0.0,4.0,2.0,2.0
1947,0.0,4.0,2.0,2.0
1948,1.0,5.0,2.0,2.0
1949,1.0,5.0,2.0,2.0
1950,1.0,5.0,2.0,2.0
1951,1.0,5.0,1.0,0.0
1952,1.0,4.0,1.0,0.0
1953,1.0,4.0,1.0,0.0
1954,1.0,4.0,1.0,0.0
1955,2.0,4.0,1.0,1.0
1956,3.0,4.0,0.0,2.0
1957,2.0,4.0,1.0,1.0
1958,1.0,4.0,1.0,2.0
1959,1.0,5.0,1.0,2.0
1960,0.0,3.0,1.0,1.0
1961,0.0,3.0,2.0,2.0
1962,0.0,2.0,1.0,1.0
1963,0.0,2.0,1.0,1.0
1964,0.0,2.0,1.0,1.0
1965,0.0,2.0,1.0,1.0
1966,1.0,3.0,1.0,1.0
1967,1.0,3.0,1.0,1.0
1968,1.0,3.0,1.0,1.0
1969,1.0,3.0,1.0,1.0
1970,1.0,3.0,1.0,1.0
1971,1.0,3.0,1.0,1.0
1972,1.0,3.0,1.0,1.0
1973,2.0,3.0,3.0,1.0
1974,2.0,3.0,3.0,1.0
1975,1.0,3.0,3.0,1.0
1976,1.0,4.0,3.0,1.0
1977,2.0,3.0,2.0,0.0
1978,2.0,4.0,2.0,0.0
1979,2.0,2.0,1.0,0.0
1980,3.0,2.0,1.0,1.0
1981,2.0,2.0,0.0,2.0
1982,2.0,3.0,1.0,2.0
1983,1.0,2.0,2.0,0.0
1984,1.0,3.0,2.0,0.0
1985,0.0,1.0,1.0,0.0
1986,0.0,1.0,1.0,0.0
1987,0.0,1.0,1.0,0.0
1988,1.0,1.0,1.0,0.0
1989,1.0,2.0,1.0,0.0
1990,1.0,2.0,1.0,0.0
1991,1.0,2.0,1.0,1.0
1992,1.0,2.0,1.0,1.0
1993,1.0,2.0,1.0,1.0
1994,1.0,2.0,2.0,1.0
1995,1.0,2.0,3.0,1.0
1996,2.0,2.0,3.0,1.0
1997,2.0,2.0,3.0,1.0
1998,2.0,2.0,3.0,1.0
1999,1.0,2.0,2.0,1.0
2000,1.0,2.0,1.0,1.0
2001,1.0,1.0,1.0,1.0
2002,1.0,3.0,1.0,1.0
2003,0.0,3.0,1.0,1.0
2004,0.0,3.0,2.0,1.0
2005,0.0,2.0,1.0,2.0
2006,0.0,2.0,1.0,3.0
2007,0.0,0.0,0.0,2.0
2008,0.0,0.0,0.0,1.0
2009,0.0,1.0,0.0,0.0
2010,0.0,1.0,0.0,0.0
2011,0.0,1.0,0.0,0.0
2012,1.0,1.0,1.0,0.0
2013,1.0,1.0,1.0,0.0
2014,1.0,1.0,1.0,1.0
2015,1.0,1.0,3.0,1.0
2016,1.0,1.0,3.0,1.0
2017,1.0,1.0,3.0,1.0
2018,1.0,1.0,3.0,1.0
2019,1.0,2.0,4.0,1.0
2020,2.0,3.0,6.0,1.0
2021,2.0,3.0,6.0,1.0
2022,2.0,3.0,7.0,1.0
2023,2.0,2.0,8.0,1.0
2024,1.0,3.0,7.0,2.0
2025,1.0,3.0,5.0,2.0
2026,2.0,4.0,5.0,2.0
2027,2.0,3.0,5.0,1.0
2028,1.0,2.0,4.0,1.0
2029,1.0,2.0,4.0,0.0
2030,1.0,1.0,3.0,0.0
2031,1.0,0.0,1.0,0.0
2032,0.0,1.0,1.0,1.0
2033,0.0,1.0,1.0,1.0
2034,0.0,2.0,1.0,0.0
2035,0.0,2.0,1.0,0.0
2036,0.0,3.0,2.0,1.0
2037,0.0,3.0,2.0,1.0
2038,0.0,3.0,2.0,1.0
2039,0.0,3.0,2.0,1.0
2040,0.0,3.0,2.0,1.0
2041,0.0,3.0,3.0,1.0
2042,0.0,3.0,4.0,1.0
2043,0.0,3.0,4.0,1.0
2044,0.0,3.0,4.0,1.0
2045,0.0,3.0,4.0,1.0
2046,0.0,3.0,4.0,1.0
2047,0.0,0.0,3.0,2.0
2048,0.0,0.0,3.0,2.0
2049,0.0,0.0,3.0,2.0
2050,0.0,0.0,3.0,1.0
2051,0.0,0.0,3.0,1.0
2052,0.0,0.0,3.0,0.0
2053,0.0,0.0,3.0,0.0
2054,0.0,1.0,3.0,0.0
2055,0.0,1.0,1.0,0.0
2056,0.0,1.0,1.0,0.0
2057,1.0,2.0,0.0,0.0
2058,1.0,2.0,0.0,0.0
2059,1.0,2.0,0.0,0.0
2060,1.0,2.0,0.0,0.0
2061,1.0,2.0,1.0,1.0
2062,2.0,2.0,2.0,1.0
2063,2.0,2.0,2.0,1.0
2064,2.0,3.0,2.0,1.0
2065,2.0,3.0,2.0,2.0
2066,2.0,3.0,2.0,2.0
2067,2.0,3.0,2.0,2.0
2068,2.0,3.0,2.0,3.0
2069,3.0,3.0,2.0,3.0
2070,3.0,4.0,2.0,3.0
2071,3.0,3.0,2.0,3.0
2072,1.0,2.0,2.0,3.0
2073,1.0,2.0,3.0,3.0
2074,1.0,2.0,1.0,4.0
2075,1.0,2.0,1.0,4.0
2076,0.0,3.0,0.0,4.0
2077,0.0,3.0,0.0,3.0
2078,1.0,1.0,0.0,2.0
2079,2.0,1.0,0.0,2.0
2080,1.0,2.0,0.0,2.0
2081,1.0,3.0,1.0,2.0
2082,0.0,2.0,1.0,3.0
2083,1.0,3.0,1.0,3.0
2084,1.0,3.0,1.0,3.0
2085,1.0,3.0,1.0,3.0
2086,1.0,4.0,1.0,3.0
2087,2.0,4.0,1.0,3.0
2088,2.0,4.0,1.0,4.0
2089,3.0,4.0,2.0,4.0
2090,3.0,4.0,2.0,4.0
2091,4.0,4.0,2.0,4.0
2092,4.0,5.0,3.0,4.0
2093,4.0,5.0,4.0,4.0
2094,4.0,5.0,4.0,4.0
2095,3.0,5.0,4.0,3.0
2096,3.0,5.0,5.0,3.0
2097,3.0,4.0,5.0,2.0
2098,3.0,6.0,5.0,1.0
2099,1.0,5.0,3.0,1.0
2100,1.0,5.0,3.0,1.0
2101,0.0,5.0,3.0,2.0
2102,0.0,4.0,4.0,2.0
2103,0.0,3.0,2.0,2.0
2104,0.0,4.0,1.0,1.0
2105,1.0,4.0,1.0,0.0
2106,1.0,3.0,1.0,0.0
2107,1.0,3.0,2.0,1.0
2108,1.0,3.0,2.0,1.0
2109,1.0,3.0,2.0,1.0
2110,1.0,3.0,2.0,1.0
2111,2.0,3.0,2.0,1.0
2112,2.0,4.0,3.0,1.0
2113,2.0,4.0,4.0,1.0
2114,2.0,4.0,4.0,2.0
2115,2.0,4.0,4.0,2.0
2116,2.0,4.0,4.0,2.0
2117,2.0,4.0,4.0,3.0
2118,2.0,4.0,5.0,3.0
2119,2.0,3.0,3.0,5.0
2120,1.0,1.0,3.0,4.0
2121,1.0,2.0,3.0,3.0
2122,0.0,2.0,3.0,3.0
2123,1.0,2.0,4.0,3.0
2124,2.0,1.0,4.0,2.0
2125,3.0,2.0,3.0,3.0
2126,3.0,2.0,3.0,4.0
2127,1.0,3.0,3.0,4.0
2128,0.0,1.0,2.0,5.0
2129,1.0,0.0,2.0,5.0
2130,1.0,1.0,2.0,4.0
2131,1.0,1.0,3.0,4.0
2132,1.0,1.0,3.0,5.0
2133,1.0,1.0,3.0,5.0
2134,2.0,1.0,3.0,5.0
2135,2.0,1.0,4.0,6.0
2136,2.0,1.0,6.0,6.0
2137,2.0,2.0,7.0,6.0
2138,2.0,2.0,8.0,6.0
2139,2.0,2.0,10.0,7.0
2140,2.0,2.0,10.0,8.0
2141,2.0,2.0,10.0,8.0
2142,2.0,2.0,10.0,8.0
2143,0.0,1.0,8.0,5.0
2144,0.0,1.0,7.0,5.0
2145,0.0,1.0,7.0,5.0
2146,0.0,1.0,9.0,5.0
2147,0.0,2.0,9.0,5.0
2148,0.0,2.0,9.0,5.0
2149,0.0,2.0,9.0,5.0
2150,0.0,1.0,9.0,5.0
2151,0.0,0.0,9.0,2.0
2152,0.0,0.0,7.0,2.0
2153,0.0,0.0,6.0,2.0
2154,0.0,0.0,4.0,1.0
2155,0.0,1.0,4.0,2.0
2156,0.0,1.0,4.0,2.0
2157,0.0,1.0,4.0,3.0
2158,0.0,1.0,5.0,3.0
2159,0.0,1.0,5.0,3.0
2160,0.0,1.0,5.0,3.0
2161,0.0,1.0,5.0,3.0
2162,0.0,2.0,5.0,3.0
2163,0.0,2.0,5.0,3.0
2164,0.0,2.0,5.0,3.0
2165,0.0,2.0,5.0,4.0
2166,0.0,4.0,5.0,4.0
2167,0.0,3.0,2.0,4.0
2168,0.0,3.0,2.0,3.0
2169,0.0,3.0,3.0,3.0
2170,0.0,3.0,3.0,3.0
2171,0.0,2.0,3.0,4.0
2172,0.0,2.0,3.0,4.0
2173,0.0,2.0,4.0,4.0
2174,0.0,2.0,4.0,5.0
2175,1.0,2.0,3.0,4.0
2176,1.0,2.0,0.0,3.0
2177,1.0,0.0,1.0,0.0
2178,0.0,0.0,1.0,0.0
2179,0.0,0.0,2.0,1.0
2180,0.0,1.0,4.0,1.0
2181,0.0,1.0,5.0,1.0
2182,0.0,1.0,5.0,1.0
2183,0.0,2.0,5.0,1.0
2184,0.0,2.0,5.0,1.0
2185,0.0,2.0,5.0,1.0
2186,0.0,2.0,6.0,2.0
2187,0.0,4.0,6.0,2.0
2188,0.0,5.0,6.0,2.0
2189,0.0,6.0,7.0,2.0
2190,0.0,6.0,7.0,2.0
2191,1.0,5.0,7.0,4.0
2192,1.0,5.0,5.0,4.0
2193,1.0,6.0,5.0,4.0
2194,1.0,6.0,5.0,3.0
2195,1.0,5.0,5.0,4.0
2196,0.0,5.0,5.0,3.0
2197,0.0,4.0,5.0,3.0
2198,0.0,2.0,4.0,2.0
2199,0.0,1.0,2.0,1.0
2200,0.0,0.0,0.0,1.0
2201,2.0,0.0,0.0,1.0
2202,2.0,0.0,1.0,1.0
2203,2.0,0.0,1.0,1.0
2204,2.0,1.0,1.0,1.0
2205,2.0,1.0,1.0,2.0
2206,2.0,1.0,1.0,2.0
2207,2.0,1.0,2.0,2.0
2208,2.0,1.0,3.0,3.0
2209,2.0,1.0,3.0,4.0
2210,2.0,1.0,4.0,4.0
2211,2.0,1.0,5.0,4.0
2212,3.0,1.0,6.0,4.0
2213,3.0,1.0,6.0,4.0
2214,4.0,1.0,6.0,4.0
2215,4.0,1.0,7.0,2.0
2216,5.0,0.0,7.0,4.0
2217,3.0,0.0,7.0,4.0
2218,3.0,0.0,7.0,3.0
2219,2.0,0.0,7.0,3.0
2220,2.0,0.0,5.0,4.0
2221,2.0,0.0,5.0,3.0
2222,2.0,0.0,4.0,1.0
2223,2.0,0.0,4.0,0.0
2224,2.0,0.0,1.0,0.0
2225,3.0,0.0,1.0,0.0
2226,1.0,0.0,0.0,1.0
2227,2.0,0.0,0.0,1.0
2228,2.0,0.0,0.0,1.0
2229,2.0,0.0,0.0,1.0
2230,2.0,0.0,0.0,2.0
2231,2.0,0.0,0.0,3.0
2232,2.0,0.0,0.0,3.0
2233,3.0,1.0,0.0,3.0
2234,3.0,1.0,0.0,3.0
2235,3.0,1.0,1.0,3.0
2236,3.0,1.0,2.0,3.0
2237,3.0,1.0,3.0,4.0
2238,3.0,1.0,4.0,4.0
2239,3.0,1.0,4.0,2.0
2240,2.0,1.0,5.0,2.0
2241,1.0,1.0,5.0,2.0
2242,1.0,1.0,5.0,1.0
2243,1.0,1.0,6.0,1.0
2244,1.0,0.0,6.0,1.0
2245,1.0,0.0,5.0,0.0
2246,1.0,0.0,4.0,0.0
2247,1.0,0.0,3.0,0.0
2248,0.0,0.0,3.0,0.0
2249,0.0,0.0,4.0,0.0
2250,0.0,0.0,1.0,0.0
2251,0.0,0.0,1.0,1.0
2252,1.0,0.0,1.0,1.0
2253,1.0,0.0,1.0,1.0
2254,1.0,0.0,1.0,1.0
2255,1.0,0.0,1.0,1.0
2256,1.0,0.0,1.0,2.0
2257,1.0,0.0,2.0,2.0
2258,1.0,1.0,2.0,2.0
2259,1.0,1.0,2.0,2.0
2260,1.0,1.0,2.0,2.0
2261,1.0,1.0,2.0,2.0
2262,1.0,1.0,3.0,2.0
2263,0.0,2.0,2.0,2.0
2264,0.0,3.0,4.0,2.0
2265,1.0,2.0,4.0,2.0
2266,1.0,3.0,4.0,2.0
2267,0.0,2.0,4.0,1.0
2268,0.0,1.0,4.0,2.0
2269,1.0,1.0,4.0,1.0
2270,1.0,1.0,1.0,3.0
2271,1.0,1.0,2.0,2.0
2272,0.0,1.0,2.0,2.0
2273,0.0,0.0,3.0,0.0
2274,0.0,0.0,2.0,0.0
2275,0.0,0.0,2.0,1.0
2276,0.0,0.0,2.0,1.0
2277,0.0,0.0,2.0,1.0
2278,1.0,0.0,2.0,1.0
2279,1.0,0.0,2.0,1.0
2280,1.0,0.0,3.0,1.0
2281,1.0,0.0,3.0,1.0
2282,1.0,0.0,3.0,1.0
2283,1.0,0.0,3.0,2.0
2284,1.0,0.0,3.0,2.0
2285,1.0,0.0,3.0,2.0
2286,1.0,0.0,3.0,2.0
2287,1.0,0.0,3.0,1.0
2288,1.0,0.0,2.0,2.0
2289,1.0,0.0,2.0,2.0
2290,1.0,0.0,2.0,2.0
2291,1.0,0.0,2.0,1.0
2292,1.0,0.0,1.0,2.0
2293,1.0,0.0,2.0,2.0
2294,1.0,1.0,4.0,1.0
2295,1.0,1.0,4.0,1.0
2296,0.0,1.0,4.0,1.0
2297,0.0,1.0,1.0,2.0
2298,0.0,0.0,1.0,3.0
2299,0.0,0.0,1.0,4.0
2300,0.0,0.0,1.0,4.0
2301,1.0,0.0,1.0,4.0
2302,1.0,0.0,1.0,4.0
2303,1.0,0.0,1.0,4.0
2304,1.0,0.0,1.0,4.0
2305,1.0,0.0,1.0,5.0
2306,1.0,0.0,1.0,5.0
2307,1.0,1.0,2.0,5.0
2308,1.0,2.0,2.0,5.0
2309,1.0,2.0,2.0,6.0
2310,1.0,2.0,2.0,6.0
2311,1.0,2.0,1.0,4.0
2312,0.0,2.0,1.0,3.0
2313,0.0,2.0,2.0,2.0
2314,0.0,2.0,3.0,2.0
2315,0.0,2.0,3.0,3.0
2316,0.0,2.0,1.0,3.0
2317,1.0,2.0,0.0,2.0
2318,2.0,3.0,0.0,1.0
2319,1.0,3.0,0.0,2.0
2320,0.0,2.0,0.0,1.0
2321,0.0,0.0,0.0,1.0
2322,0.0,0.0,0.0,0.0
2323,1.0,0.0,0.0,0.0
2324,1.0,0.0,2.0,0.0
2325,1.0,0.0,2.0,0.0
2326,1.0,1.0,2.0,0.0
2327,1.0,1.0,2.0,1.0
2328,1.0,1.0,2.0,1.0
2329,1.0,1.0,2.0,1.0
2330,1.0,1.0,2.0,2.0
2331,1.0,1.0,2.0,2.0
2332,1.0,2.0,2.0,2.0
2333,1.0,3.0,2.0,2.0
2334,1.0,3.0,2.0,2.0
2335,1.0,2.0,1.0,1.0
2336,1.0,2.0,1.0,1.0
2337,0.0,2.0,0.0,1.0
2338,0.0,2.0,1.0,3.0
2339,0.0,3.0,1.0,4.0
2340,0.0,3.0,0.0,3.0
2341,0.0,3.0,0.0,2.0
2342,0.0,3.0,0.0,1.0
2343,1.0,2.0,0.0,2.0
2344,1.0,0.0,0.0,3.0
2345,1.0,0.0,0.0,2.0
2346,1.0,0.0,0.0,1.0
2347,1.0,1.0,0.0,1.0
2348,1.0,1.0,1.0,1.0
2349,1.0,2.0,1.0,1.0
2350,2.0,2.0,2.0,2.0
2351,3.0,2.0,2.0,2.0
2352,3.0,2.0,3.0,2.0
2353,3.0,2.0,3.0,2.0
2354,3.0,2.0,3.0,2.0
2355,3.0,3.0,3.0,2.0
2356,3.0,4.0,3.0,4.0
2357,4.0,5.0,3.0,4.0
2358,4.0,6.0,4.0,4.0
2359,3.0,5.0,6.0,3.0
2360,3.0,4.0,4.0,3.0
2361,3.0,4.0,4.0,3.0
2362,3.0,4.0,3.0,3.0
2363,3.0,4.0,2.0,3.0
2364,3.0,4.0,2.0,4.0
2365,2.0,4.0,2.0,4.0
2366,2.0,4.0,3.0,3.0
2367,1.0,4.0,2.0,2.0
2368,0.0,4.0,3.0,2.0
2369,0.0,3.0,3.0,1.0
2370,1.0,4.0,3.0,1.0
2371,2.0,4.0,3.0,1.0
2372,2.0,4.0,3.0,1.0
2373,2.0,4.0,4.0,1.0
2374,2.0,5.0,4.0,1.0
2375,2.0,5.0,4.0,1.0
2376,2.0,5.0,5.0,1.0
2377,2.0,6.0,5.0,2.0
2378,2.0,6.0,5.0,2.0
2379,3.0,6.0,5.0,4.0
2380,3.0,6.0,5.0,4.0
2381,4.0,7.0,5.0,4.0
2382,4.0,7.0,5.0,4.0
2383,3.0,6.0,5.0,2.0
2384,3.0,4.0,4.0,2.0
2385,3.0,3.0,4.0,2.0
2386,3.0,2.0,4.0,2.0
2387,3.0,2.0,4.0,2.0
2388,3.0,2.0,3.0,1.0
2389,3.0,2.0,2.0,1.0
2390,2.0,1.0,2.0,1.0
2391,0.0,1.0,2.0,0.0
2392,0.0,1.0,1.0,0.0
2393,0.0,2.0,2.0,0.0
2394,1.0,1.0,2.0,0.0
2395,1.0,1.0,2.0,0.0
2396,2.0,1.0,2.0,0.0
2397,2.0,1.0,3.0,0.0
2398,2.0,2.0,5.0,0.0
2399,2.0,2.0,5.0,1.0
2400,3.0,2.0,5.0,1.0
2401,3.0,2.0,5.0,1.0
2402,3.0,2.0,5.0,1.0
2403,4.0,2.0,6.0,3.0
2404,4.0,2.0,6.0,3.0
2405,4.0,2.0,7.0,4.0
2406,4.0,2.0,7.0,4.0
2407,4.0,1.0,6.0,3.0
2408,3.0,2.0,3.0,3.0
2409,3.0,1.0,3.0,3.0
2410,3.0,2.0,3.0,3.0
2411,3.0,3.0,4.0,3.0
2412,2.0,1.0,4.0,3.0
2413,1.0,1.0,5.0,3.0
2414,1.0,0.0,3.0,3.0
2415,2.0,0.0,2.0,3.0
2416,2.0,0.0,3.0,3.0
2417,1.0,0.0,2.0,3.0
2418,0.0,0.0,1.0,3.0
2419,0.0,0.0,1.0,3.0
2420,0.0,0.0,1.0,3.0
2421,0.0,0.0,1.0,3.0
2422,0.0,0.0,2.0,3.0
2423,0.0,0.0,2.0,3.0
2424,0.0,0.0,2.0,4.0
2425,0.0,0.0,2.0,4.0
2426,1.0,0.0,2.0,4.0
2427,1.0,1.0,2.0,4.0
2428,1.0,2.0,2.0,4.0
2429,1.0,2.0,2.0,4.0
2430,1.0,4.0,2.0,5.0
2431,1.0,4.0,1.0,5.0
2432,1.0,5.0,1.0,5.0
2433,2.0,5.0,1.0,3.0
2434,2.0,5.0,1.0,2.0
2435,1.0,5.0,0.0,3.0
2436,1.0,5.0,0.0,3.0
2437,0.0,4.0,0.0,3.0
2438,0.0,3.0,0.0,2.0
2439,0.0,3.0,0.0,1.0
2440,0.0,2.0,0.0,2.0
2441,0.0,2.0,0.0,2.0
2442,1.0,2.0,0.0,2.0
2443,1.0,2.0,0.0,2.0
2444,1.0,2.0,0.0,2.0
2445,1.0,2.0,1.0,2.0
2446,2.0,2.0,1.0,2.0
2447,2.0,4.0,1.0,2.0
2448,2.0,4.0,1.0,2.0
2449,2.0,4.0,1.0,2.0
2450,3.0,4.0,1.0,2.0
2451,3.0,4.0,1.0,2.0
2452,3.0,4.0,1.0,2.0
2453,3.0,4.0,1.0,2.0
2454,3.0,4.0,1.0,3.0
2455,2.0,3.0,1.0,3.0
2456,2.0,2.0,1.0,2.0
2457,1.0,0.0,1.0,1.0
2458,2.0,0.0,0.0,1.0
2459,2.0,1.0,0.0,1.0
2460,2.0,1.0,0.0,2.0
2461,1.0,0.0,0.0,2.0
2462,2.0,0.0,0.0,2.0
2463,2.0,0.0,0.0,1.0
2464,2.0,2.0,0.0,1.0
2465,2.0,2.0,1.0,1.0
2466,1.0,2.0,1.0,1.0
2467,1.0,2.0,1.0,1.0
2468,1.0,2.0,1.0,1.0
2469,1.0,2.0,1.0,1.0
2470,1.0,2.0,1.0,1.0
2471,1.0,2.0,1.0,1.0
2472,1.0,3.0,1.0,1.0
2473,1.0,3.0,2.0,1.0
2474,1.0,4.0,2.0,1.0
2475,1.0,4.0,3.0,1.0
2476,1.0,4.0,3.0,1.0
2477,1.0,4.0,3.0,1.0
2478,2.0,4.0,3.0,1.0
2479,2.0,3.0,3.0,0.0
2480,2.0,2.0,3.0,0.0
2481,2.0,0.0,3.0,0.0
2482,1.0,0.0,2.0,0.0
2483,1.0,1.0,2.0,1.0
2484,1.0,1.0,2.0,1.0
2485,1.0,1.0,2.0,1.0
2486,2.0,0.0,2.0,0.0
2487,2.0,1.0,1.0,1.0
2488,3.0,1.0,0.0,1.0
2489,2.0,0.0,0.0,2.0
2490,2.0,2.0,0.0,1.0
2491,2.0,3.0,0.0,1.0
2492,2.0,3.0,0.0,1.0
2493,2.0,3.0,0.0,1.0
2494,3.0,3.0,0.0,1.0
2495,4.0,3.0,0.0,1.0
2496,4.0,4.0,0.0,1.0
2497,4.0,4.0,0.0,1.0
2498,4.0,4.0,0.0,2.0
2499,4.0,4.0,0.0,2.0
2500,4.0,4.0,0.0,2.0
2501,4.0,4.0,0.0,2.0
2502,4.0,4.0,0.0,2.0
2503,2.0,4.0,0.0,1.0
2504,2.0,2.0,0.0,2.0
2505,2.0,3.0,0.0,2.0
2506,2.0,3.0,0.0,3.0
2507,3.0,3.0,0.0,2.0
2508,1.0,3.0,0.0,2.0
2509,0.0,3.0,0.0,1.0
2510,1.0,3.0,0.0,0.0
2511,1.0,2.0,0.0,0.0
2512,0.0,0.0,0.0,0.0
2513,0.0,0.0,0.0,0.0
2514,0.0,1.0,1.0,0.0
2515,0.0,1.0,1.0,0.0
2516,0.0,1.0,1.0,0.0
2517,0.0,1.0,1.0,0.0
2518,0.0,2.0,1.0,0.0
2519,0.0,2.0,1.0,0.0
2520,0.0,2.0,1.0,0.0
2521,0.0,2.0,1.0,0.0
2522,0.0,2.0,1.0,0.0
2523,0.0,2.0,1.0,1.0
2524,0.0,2.0,2.0,1.0
2525,0.0,4.0,2.0,1.0
2526,0.0,5.0,2.0,1.0
2527,0.0,5.0,1.0,2.0
2528,0.0,4.0,1.0,2.0
2529,0.0,4.0,1.0,2.0
2530,1.0,4.0,2.0,1.0
2531,1.0,3.0,2.0,1.0
2532,1.0,3.0,1.0,0.0
2533,2.0,4.0,2.0,0.0
2534,3.0,4.0,2.0,0.0
2535,2.0,2.0,2.0,0.0
2536,1.0,3.0,1.0,1.0
2537,1.0,2.0,1.0,1.0
2538,1.0,2.0,1.0,0.0
2539,2.0,2.0,1.0,0.0
2540,3.0,2.0,1.0,0.0
2541,3.0,2.0,1.0,0.0
2542,3.0,2.0,1.0,0.0
2543,3.0,2.0,1.0,0.0
2544,3.0,3.0,1.0,1.0
2545,3.0,3.0,1.0,1.0
2546,3.0,3.0,1.0,1.0
2547,4.0,3.0,1.0,1.0
2548,4.0,3.0,1.0,1.0
2549,4.0,3.0,2.0,1.0
2550,5.0,4.0,2.0,1.0
2551,4.0,3.0,1.0,1.0
2552,2.0,3.0,1.0,1.0
2553,2.0,3.0,1.0,1.0
2554,2.0,2.0,1.0,1.0
2555,2.0,2.0,1.0,0.0
2556,3.0,1.0,2.0,0.0
2557,3.0,1.0,3.0,0.0
2558,3.0,1.0,3.0,0.0
2559,4.0,1.0,2.0,0.0
2560,3.0,1.0,1.0,0.0
2561,2.0,1.0,1.0,1.0
2562,1.0,1.0,0.0,1.0
2563,3.0,2.0,0.0,1.0
2564,3.0,2.0,0.0,1.0
2565,3.0,2.0,0.0,2.0
2566,4.0,3.0,1.0,2.0
2567,4.0,4.0,1.0,2.0
2568,4.0,4.0,1.0,2.0
2569,4.0,4.0,1.0,2.0
2570,4.0,4.0,1.0,2.0
2571,4.0,4.0,1.0,2.0
2572,4.0,5.0,1.0,3.0
2573,4.0,5.0,1.0,3.0
2574,4.0,5.0,1.0,3.0
2575,4.0,4.0,1.0,3.0
2576,2.0,3.0,1.0,1.0
2577,4.0,3.0,1.0,1.0
2578,3.0,3.0,0.0,1.0
2579,3.0,2.0,0.0,1.0
2580,2.0,2.0,0.0,0.0
2581,0.0,1.0,0.0,0.0
2582,0.0,1.0,0.0,0.0
2583,0.0,1.0,0.0,0.0
2584,1.0,0.0,1.0,1.0
2585,1.0,0.0,1.0,1.0
2586,1.0,0.0,1.0,1.0
2587,1.0,1.0,1.0,1.0
2588,1.0,1.0,1.0,1.0
2589,2.0,1.0,1.0,1.0
2590,2.0,1.0,1.0,1.0
2591,2.0,1.0,1.0,1.0
2592,3.0,1.0,1.0,1.0
2593,3.0,1.0,1.0,1.0
2594,3.0,1.0,1.0,1.0
2595,3.0,1.0,1.0,2.0
2596,3.0,1.0,1.0,3.0
2597,3.0,1.0,1.0,3.0
2598,3.0,1.0,1.0,3.0
2599,2.0,1.0,1.0,2.0
2600,2.0,1.0,1.0,3.0
2601,2.0,0.0,1.0,3.0
2602,2.0,1.0,1.0,2.0
2603,2.0,1.0,0.0,2.0
2604,1.0,1.0,0.0,1.0
2605,0.0,0.0,0.0,1.0
2606,0.0,0.0,1.0,0.0
2607,0.0,1.0,1.0,0.0
2608,1.0,2.0,1.0,0.0
2609,1.0,2.0,0.0,0.0
2610,0.0,1.0,0.0,0.0
2611,0.0,1.0,1.0,1.0
2612,0.0,2.0,1.0,2.0
2613,0.0,3.0,2.0,2.0
2614,1.0,4.0,2.0,5.0
2615,2.0,4.0,2.0,5.0
2616,2.0,4.0,2.0,6.0
2617,2.0,4.0,2.0,6.0
2618,2.0,4.0,3.0,6.0
2619,2.0,5.0,4.0,6.0
2620,2.0,5.0,4.0,6.0
2621,2.0,5.0,4.0,6.0
2622,2.0,5.0,4.0,7.0
2623,2.0,2.0,3.0,5.0
2624,2.0,2.0,3.0,4.0
2625,1.0,3.0,4.0,2.0
2626,0.0,3.0,4.0,2.0
2627,0.0,3.0,3.0,2.0
2628,0.0,2.0,3.0,2.0
2629,0.0,3.0,3.0,2.0
2630,0.0,3.0,2.0,2.0
2631,0.0,3.0,1.0,3.0
2632,0.0,2.0,1.0,2.0
2633,0.0,0.0,1.0,2.0
2634,0.0,0.0,0.0,1.0
2635,0.0,0.0,0.0,1.0
2636,0.0,1.0,0.0,2.0
2637,0.0,1.0,1.0,2.0
2638,0.0,1.0,1.0,2.0
2639,0.0,1.0,1.0,2.0
2640,0.0,1.0,1.0,2.0
2641,0.0,1.0,1.0,2.0
2642,0.0,1.0,2.0,3.0
2643,0.0,1.0,2.0,3.0
2644,1.0,1.0,3.0,4.0
2645,1.0,1.0,3.0,5.0
2646,1.0,1.0,3.0,5.0
2647,1.0,0.0,3.0,4.0
2648,1.0,0.0,3.0,3.0
2649,1.0,0.0,2.0,3.0
2650,1.0,2.0,2.0,4.0
2651,2.0,2.0,2.0,5.0
2652,2.0,1.0,1.0,4.0
2653,3.0,0.0,0.0,4.0
2654,3.0,0.0,0.0,4.0
2655,2.0,1.0,0.0,4.0
2656,0.0,2.0,0.0,2.0
2657,0.0,2.0,0.0,0.0
2658,0.0,2.0,1.0,0.0
2659,0.0,3.0,1.0,0.0
2660,0.0,3.0,1.0,0.0
2661,0.0,3.0,2.0,0.0
2662,0.0,3.0,2.0,0.0
2663,0.0,3.0,3.0,0.0
2664,1.0,3.0,3.0,0.0
2665,2.0,3.0,3.0,0.0
2666,3.0,3.0,3.0,0.0
2667,4.0,3.0,3.0,1.0
2668,4.0,3.0,3.0,1.0
2669,4.0,3.0,3.0,1.0
2670,4.0,4.0,3.0,1.0
2671,4.0,2.0,4.0,1.0
2672,4.0,3.0,3.0,1.0
2673,4.0,4.0,3.0,2.0
2674,5.0,3.0,2.0,2.0
2675,4.0,3.0,1.0,1.0
2676,4.0,2.0,1.0,1.0
2677,4.0,1.0,0.0,2.0
2678,1.0,1.0,0.0,2.0
2679,0.0,0.0,0.0,1.0
2680,0.0,0.0,0.0,1.0
2681,0.0,0.0,1.0,1.0
2682,0.0,1.0,1.0,0.0
2683,1.0,1.0,2.0,0.0
2684,1.0,1.0,2.0,0.0
2685,1.0,1.0,2.0,0.0
2686,1.0,1.0,2.0,0.0
2687,1.0,2.0,2.0,0.0
2688,1.0,2.0,2.0,0.0
2689,1.0,2.0,2.0,0.0
2690,1.0,2.0,2.0,0.0
2691,1.0,2.0,3.0,0.0
2692,1.0,2.0,3.0,1.0
2693,1.0,2.0,3.0,1.0
2694,1.0,2.0,3.0,1.0
2695,0.0,1.0,1.0,1.0
2696,0.0,0.0,1.0,0.0
2697,1.0,1.0,1.0,0.0
2698,1.0,1.0,1.0,0.0
2699,1.0,0.0,1.0,0.0
2700,1.0,0.0,1.0,0.0
2701,1.0,0.0,0.0,0.0
2702,0.0,0.0,1.0,1.0
2703,0.0,0.0,2.0,1.0
2704,0.0,0.0,1.0,0.0
2705,0.0,0.0,0.0,0.0
2706,0.0,0.0,0.0,1.0
2707,1.0,0.0,0.0,1.0
2708,1.0,0.0,0.0,2.0
2709,1.0,0.0,0.0,2.0
2710,1.0,0.0,0.0,2.0
2711,1.0,0.0,0.0,3.0
2712,1.0,0.0,0.0,3.0
2713,1.0,0.0,0.0,4.0
2714,1.0,0.0,0.0,5.0
2715,1.0,0.0,1.0,5.0
2716,2.0,0.0,1.0,5.0
2717,2.0,0.0,1.0,5.0
2718,2.0,0.0,1.0,7.0
2719,4.0,0.0,1.0,6.0
2720,3.0,0.0,2.0,6.0
2721,2.0,0.0,2.0,5.0
2722,1.0,0.0,1.0,5.0
2723,2.0,0.0,1.0,4.0
2724,2.0,0.0,1.0,3.0
2725,1.0,2.0,1.0,3.0
2726,1.0,2.0,2.0,2.0
2727,1.0,0.0,2.0,2.0
2728,1.0,0.0,0.0,1.0
2729,0.0,1.0,0.0,0.0
2730,1.0,1.0,0.0,0.0
2731,1.0,1.0,0.0,0.0
2732,1.0,1.0,0.0,0.0
2733,1.0,1.0,0.0,0.0
2734,1.0,2.0,0.0,1.0
2735,1.0,3.0,0.0,2.0
2736,1.0,3.0,0.0,3.0
2737,1.0,3.0,0.0,3.0
2738,1.0,3.0,0.0,3.0
2739,1.0,4.0,2.0,3.0
2740,2.0,4.0,3.0,3.0
2741,2.0,4.0,3.0,3.0
2742,2.0,4.0,3.0,3.0
2743,1.0,3.0,3.0,1.0
2744,1.0,4.0,3.0,1.0
2745,1.0,3.0,3.0,1.0
2746,0.0,2.0,3.0,0.0
2747,0.0,1.0,4.0,0.0
2748,0.0,1.0,5.0,0.0
2749,0.0,2.0,5.0,1.0
2750,0.0,3.0,5.0,2.0
2751,0.0,4.0,2.0,1.0
2752,1.0,3.0,2.0,0.0
2753,1.0,3.0,0.0,0.0
2754,0.0,1.0,0.0,1.0
2755,0.0,2.0,0.0,1.0
2756,0.0,3.0,0.0,1.0
2757,1.0,3.0,0.0,1.0
2758,2.0,3.0,0.0,1.0
2759,2.0,3.0,1.0,1.0
2760,2.0,3.0,1.0,1.0
2761,3.0,3.0,3.0,1.0
2762,3.0,3.0,3.0,1.0
2763,3.0,3.0,3.0,1.0
2764,3.0,3.0,3.0,1.0
2765,3.0,3.0,3.0,1.0
2766,3.0,3.0,3.0,2.0
2767,3.0,2.0,3.0,2.0
2768,3.0,2.0,2.0,2.0
2769,3.0,2.0,2.0,2.0
2770,3.0,2.0,2.0,2.0
2771,3.0,2.0,2.0,3.0
2772,2.0,2.0,0.0,2.0
2773,2.0,1.0,0.0,2.0
2774,2.0,2.0,0.0,2.0
2775,1.0,2.0,0.0,2.0
2776,0.0,0.0,0.0,2.0
2777,0.0,0.0,0.0,3.0
2778,0.0,0.0,0.0,3.0
2779,0.0,0.0,0.0,3.0
2780,0.0,1.0,0.0,3.0
2781,1.0,2.0,0.0,3.0
2782,1.0,2.0,1.0,3.0
2783,1.0,2.0,1.0,3.0
2784,1.0,2.0,1.0,3.0
2785,1.0,2.0,1.0,3.0
2786,1.0,2.0,1.0,3.0
2787,2.0,2.0,1.0,3.0
2788,3.0,2.0,1.0,3.0
2789,3.0,2.0,2.0,3.0
2790,3.0,2.0,2.0,3.0
2791,3.0,1.0,3.0,2.0
2792,3.0,1.0,2.0,1.0
2793,3.0,0.0,2.0,0.0
2794,4.0,0.0,1.0,0.0
2795,4.0,0.0,1.0,0.0
2796,3.0,1.0,1.0,0.0
2797,2.0,1.0,1.0,0.0
2798,2.0,1.0,1.0,0.0
2799,2.0,0.0,1.0,0.0
2800,3.0,0.0,1.0,0.0
2801,2.0,1.0,1.0,0.0
2802,2.0,1.0,1.0,0.0
2803,3.0,1.0,1.0,0.0
2804,4.0,1.0,1.0,0.0
2805,4.0,1.0,1.0,0.0
2806,4.0,1.0,1.0,1.0
2807,4.0,2.0,1.0,2.0
2808,4.0,2.0,2.0,3.0
2809,4.0,2.0,2.0,3.0
2810,4.0,3.0,2.0,3.0
2811,5.0,3.0,2.0,5.0
2812,5.0,3.0,2.0,5.0
2813,6.0,3.0,2.0,5.0
2814,6.0,3.0,2.0,5.0
2815,4.0,2.0,1.0,5.0
2816,2.0,2.0,1.0,5.0
2817,2.0,1.0,1.0,5.0
2818,3.0,1.0,1.0,6.0
2819,4.0,1.0,1.0,6.0
2820,5.0,0.0,1.0,7.0
2821,4.0,0.0,1.0,6.0
2822,2.0,0.0,1.0,6.0
2823,1.0,1.0,1.0,6.0
2824,1.0,1.0,0.0,6.0
2825,0.0,1.0,0.0,5.0
2826,0.0,0.0,1.0,4.0
2827,1.0,0.0,1.0,6.0
2828,1.0,0.0,1.0,6.0
2829,1.0,0.0,1.0,6.0
2830,1.0,0.0,1.0,8.0
2831,1.0,0.0,1.0,8.0
2832,1.0,0.0,1.0,8.0
2833,1.0,0.0,1.0,8.0
2834,1.0,0.0,1.0,9.0
2835,1.0,0.0,2.0,9.0
2836,1.0,0.0,2.0,10.0
2837,1.0,0.0,2.0,10.0
2838,1.0,0.0,2.0,10.0
2839,1.0,0.0,1.0,9.0
2840,2.0,0.0,1.0,7.0
2841,2.0,0.0,1.0,9.0
2842,0.0,0.0,1.0,9.0
2843,0.0,0.0,1.0,8.0
2844,0.0,0.0,0.0,9.0
2845,0.0,0.0,0.0,8.0
2846,0.0,0.0,0.0,6.0
2847,0.0,0.0,0.0,5.0
2848,0.0,0.0,1.0,4.0
2849,0.0,0.0,1.0,3.0
2850,0.0,0.0,1.0,3.0
2851,0.0,0.0,1.0,3.0
2852,0.0,0.0,1.0,3.0
2853,0.0,0.0,1.0,3.0
2854,0.0,1.0,1.0,3.0
2855,1.0,1.0,1.0,3.0
2856,1.0,1.0,1.0,3.0
2857,2.0,1.0,1.0,3.0
2858,3.0,1.0,1.0,4.0
2859,4.0,1.0,1.0,4.0
2860,4.0,1.0,1.0,4.0
2861,4.0,1.0,1.0,4.0
2862,4.0,1.0,1.0,4.0
2863,3.0,0.0,0.0,3.0
2864,3.0,0.0,0.0,3.0
2865,4.0,0.0,0.0,3.0
2866,4.0,0.0,0.0,3.0
2867,4.0,0.0,0.0,4.0
2868,3.0,0.0,0.0,4.0
2869,2.0,0.0,0.0,4.0
2870,1.0,0.0,0.0,4.0
2871,1.0,1.0,0.0,4.0
2872,1.0,2.0,0.0,3.0
2873,3.0,2.0,0.0,2.0
2874,2.0,1.0,0.0,2.0
2875,2.0,1.0,0.0,4.0
2876,2.0,1.0,0.0,4.0
2877,3.0,1.0,0.0,4.0
2878,3.0,2.0,0.0,5.0
2879,3.0,2.0,1.0,6.0
2880,3.0,2.0,1.0,6.0
2881,3.0,2.0,1.0,6.0
2882,3.0,2.0,1.0,6.0
2883,3.0,2.0,2.0,7.0
2884,3.0,2.0,2.0,8.0
2885,3.0,2.0,2.0,8.0
2886,3.0,2.0,2.0,8.0
2887,2.0,1.0,1.0,7.0
2888,1.0,1.0,2.0,5.0
2889,1.0,1.0,2.0,4.0
2890,0.0,0.0,3.0,5.0
2891,0.0,0.0,2.0,5.0
2892,0.0,1.0,2.0,6.0
2893,1.0,2.0,1.0,5.0
2894,2.0,2.0,1.0,5.0
2895,2.0,1.0,0.0,4.0
2896,0.0,1.0,1.0,3.0
2897,1.0,0.0,2.0,2.0
2898,2.0,0.0,2.0,0.0
2899,2.0,1.0,2.0,0.0
2900,3.0,1.0,2.0,0.0
2901,3.0,1.0,3.0,1.0
2902,3.0,1.0,3.0,1.0
2903,4.0,1.0,3.0,2.0
2904,4.0,1.0,3.0,3.0
2905,4.0,1.0,3.0,3.0
2906,4.0,1.0,3.0,3.0
2907,5.0,1.0,3.0,3.0
2908,6.0,1.0,3.0,3.0
2909,6.0,1.0,3.0,3.0
2910,6.0,1.0,3.0,3.0
2911,3.0,1.0,1.0,2.0
2912,3.0,0.0,0.0,1.0
2913,3.0,0.0,1.0,1.0
2914,2.0,0.0,1.0,0.0
2915,3.0,0.0,1.0,0.0
2916,4.0,0.0,0.0,0.0
2917,3.0,0.0,0.0,0.0
2918,2.0,0.0,0.0,0.0
2919,0.0,1.0,0.0,0.0
2920,0.0,1.0,0.0,0.0
2921,0.0,1.0,0.0,0.0
2922,0.0,0.0,0.0,0.0
2923,0.0,0.0,0.0,0.0
2924,0.0,0.0,0.0,0.0
2925,0.0,0.0,0.0,0.0
2926,0.0,0.0,0.0,0.0
2927,0.0,0.0,0.0,1.0
2928,1.0,1.0,0.0,2.0
2929,1.0,2.0,0.0,2.0
2930,1.0,2.0,0.0,2.0
2931,1.0,2.0,0.0,2.0
2932,1.0,2.0,0.0,2.0
2933,2.0,2.0,1.0,2.0
2934,4.0,2.0,1.0,2.0
2935,3.0,2.0,1.0,2.0
2936,3.0,2.0,2.0,2.0
2937,4.0,2.0,2.0,1.0
2938,4.0,2.0,3.0,1.0
2939,4.0,1.0,3.0,0.0
2940,4.0,1.0,3.0,0.0
2941,5.0,0.0,2.0,1.0
2942,4.0,0.0,1.0,1.0
2943,3.0,0.0,0.0,0.0
2944,2.0,0.0,1.0,0.0
2945,1.0,0.0,1.0,0.0
2946,0.0,0.0,0.0,1.0
2947,0.0,0.0,1.0,1.0
2948,0.0,0.0,1.0,1.0
2949,0.0,1.0,1.0,1.0
2950,0.0,1.0,1.0,1.0
2951,0.0,1.0,2.0,1.0
2952,0.0,1.0,2.0,1.0
2953,0.0,2.0,3.0,1.0
2954,0.0,3.0,3.0,1.0
2955,0.0,3.0,3.0,1.0
2956,0.0,3.0,3.0,1.0
2957,0.0,3.0,3.0,1.0
2958,2.0,3.0,3.0,1.0
2959,2.0,3.0,1.0,0.0
2960,3.0,3.0,1.0,0.0
2961,3.0,2.0,1.0,0.0
2962,3.0,1.0,1.0,0.0
2963,3.0,0.0,0.0,0.0
2964,2.0,0.0,0.0,0.0
2965,3.0,0.0,0.0,1.0
2966,3.0,0.0,0.0,1.0
2967,2.0,0.0,0.0,1.0
2968,0.0,0.0,0.0,2.0
2969,0.0,1.0,0.0,2.0
2970,0.0,1.0,0.0,0.0
2971,0.0,3.0,0.0,0.0
2972,0.0,3.0,0.0,0.0
2973,0.0,3.0,0.0,1.0
2974,0.0,3.0,0.0,1.0
2975,0.0,3.0,0.0,1.0
2976,1.0,4.0,0.0,2.0
2977,1.0,4.0,0.0,2.0
2978,2.0,4.0,0.0,2.0
2979,3.0,4.0,0.0,2.0
2980,3.0,4.0,0.0,2.0
2981,4.0,4.0,0.0,2.0
2982,4.0,4.0,0.0,2.0
2983,4.0,2.0,0.0,1.0
2984,4.0,1.0,1.0,2.0
2985,4.0,1.0,1.0,2.0
2986,4.0,1.0,1.0,2.0
2987,4.0,1.0,1.0,1.0
2988,4.0,1.0,0.0,1.0
2989,2.0,0.0,0.0,2.0
2990,1.0,0.0,0.0,2.0
2991,1.0,0.0,0.0,3.0
2992,0.0,2.0,0.0,2.0
2993,0.0,2.0,0.0,2.0
2994,0.0,3.0,0.0,1.0
2995,0.0,3.0,0.0,1.0
2996,0.0,4.0,0.0,1.0
2997,0.0,4.0,1.0,1.0
2998,0.0,4.0,1.0,1.0
2999,0.0,4.0,1.0,1.0
3000,0.0,4.0,1.0,2.0
3001,0.0,4.0,1.0,2.0
3002,0.0,4.0,1.0,2.0
3003,0.0,5.0,1.0,3.0
3004,0.0,5.0,1.0,3.0
3005,0.0,5.0,1.0,3.0
3006,0.0,6.0,2.0,3.0
3007,0.0,3.0,1.0,3.0
3008,0.0,2.0,1.0,4.0
3009,0.0,2.0,1.0,3.0
3010,0.0,2.0,1.0,2.0
3011,0.0,4.0,1.0,1.0
3012,0.0,4.0,1.0,1.0
3013,0.0,3.0,2.0,1.0
3014,0.0,2.0,2.0,1.0
3015,0.0,1.0,3.0,0.0
3016,0.0,1.0,3.0,0.0
3017,0.0,1.0,4.0,0.0
3018,0.0,1.0,1.0,0.0
3019,0.0,1.0,1.0,0.0
3020,0.0,1.0,1.0,0.0
3021,0.0,1.0,1.0,0.0
3022,1.0,1.0,2.0,0.0
3023,1.0,1.0,2.0,0.0
3024,1.0,2.0,2.0,0.0
3025,1.0,2.0,2.0,1.0
3026,2.0,2.0,4.0,2.0
3027,2.0,3.0,4.0,2.0
3028,2.0,3.0,4.0,2.0
3029,2.0,3.0,5.0,2.0
3030,2.0,3.0,5.0,2.0
3031,2.0,2.0,4.0,2.0
3032,1.0,2.0,4.0,2.0
3033,1.0,3.0,4.0,2.0
3034,3.0,3.0,4.0,1.0
3035,2.0,3.0,4.0,1.0
3036,1.0,3.0,4.0,0.0
3037,1.0,1.0,4.0,1.0
3038,2.0,0.0,4.0,1.0
3039,2.0,0.0,3.0,1.0
3040,1.0,0.0,5.0,1.0
3041,1.0,0.0,5.0,0.0
3042,1.0,0.0,3.0,0.0
3043,1.0,0.0,3.0,0.0
3044,1.0,0.0,3.0,0.0
3045,1.0,0.0,3.0,0.0
3046,1.0,0.0,3.0,0.0
3047,2.0,0.0,3.0,0.0
3048,3.0,0.0,3.0,1.0
3049,3.0,0.0,3.0,1.0
3050,3.0,0.0,3.0,1.0
3051,3.0,1.0,4.0,1.0
3052,3.0,1.0,4.0,3.0
3053,3.0,1.0,4.0,3.0
3054,3.0,1.0,4.0,3.0
3055,1.0,1.0,2.0,3.0
3056,0.0,1.0,2.0,3.0
3057,0.0,1.0,1.0,3.0
3058,0.0,1.0,1.0,4.0
3059,0.0,1.0,1.0,4.0
3060,0.0,1.0,1.0,4.0
3061,0.0,1.0,2.0,3.0
3062,0.0,1.0,1.0,4.0
3063,1.0,1.0,2.0,3.0
3064,1.0,1.0,1.0,1.0
3065,0.0,1.0,1.0,0.0
3066,1.0,1.0,1.0,0.0
3067,1.0,1.0,2.0,0.0
3068,1.0,1.0,2.0,0.0
3069,1.0,1.0,2.0,0.0
3070,1.0,1.0,2.0,0.0
3071,1.0,1.0,3.0,0.0
3072,1.0,1.0,3.0,1.0
3073,1.0,1.0,3.0,1.0
3074,1.0,1.0,3.0,2.0
3075,2.0,1.0,3.0,2.0
3076,2.0,2.0,3.0,3.0
3077,2.0,2.0,3.0,4.0
3078,2.0,3.0,4.0,4.0
3079,1.0,2.0,2.0,4.0
3080,1.0,2.0,2.0,3.0
3081,1.0,2.0,1.0,3.0
3082,1.0,2.0,1.0,3.0
3083,3.0,3.0,1.0,3.0
3084,3.0,3.0,1.0,2.0
3085,3.0,4.0,1.0,1.0
3086,2.0,3.0,2.0,1.0
3087,0.0,4.0,2.0,1.0
3088,1.0,3.0,2.0,1.0
3089,1.0,2.0,0.0,0.0
3090,2.0,0.0,0.0,0.0
3091,2.0,0.0,1.0,0.0
3092,2.0,1.0,1.0,0.0
3093,3.0,1.0,1.0,0.0
3094,4.0,2.0,1.0,0.0
3095,4.0,2.0,1.0,0.0
3096,4.0,2.0,1.0,0.0
3097,4.0,2.0,1.0,0.0
3098,4.0,2.0,1.0,0.0
3099,4.0,2.0,1.0,0.0
3100,4.0,2.0,1.0,1.0
3101,4.0,2.0,1.0,1.0
3102,5.0,2.0,1.0,1.0
3103,4.0,1.0,1.0,1.0
3104,2.0,1.0,0.0,1.0
3105,3.0,2.0,0.0,1.0
3106,2.0,2.0,0.0,1.0
3107,3.0,2.0,0.0,2.0
3108,3.0,1.0,1.0,1.0
3109,4.0,0.0,1.0,0.0
3110,3.0,0.0,1.0,0.0
3111,2.0,0.0,0.0,1.0
3112,3.0,0.0,0.0,1.0
3113,3.0,0.0,1.0,0.0
3114,2.0,0.0,1.0,0.0
3115,2.0,0.0,1.0,0.0
3116,3.0,0.0,1.0,0.0
3117,4.0,1.0,1.0,0.0
3118,4.0,1.0,1.0,0.0
3119,4.0,2.0,1.0,0.0
3120,4.0,2.0,1.0,0.0
3121,4.0,2.0,2.0,0.0
3122,4.0,2.0,2.0,0.0
3123,4.0,2.0,2.0,0.0
3124,4.0,2.0,2.0,0.0
3125,5.0,2.0,2.0,2.0
3126,6.0,2.0,2.0,2.0
3127,4.0,2.0,1.0,2.0
3128,3.0,3.0,1.0,2.0
3129,3.0,3.0,2.0,2.0
3130,4.0,2.0,2.0,2.0
3131,4.0,1.0,2.0,2.0
3132,4.0,1.0,2.0,2.0
3133,4.0,0.0,3.0,2.0
3134,4.0,1.0,1.0,2.0
3135,3.0,1.0,1.0,0.0
3136,2.0,2.0,1.0,0.0
3137,1.0,2.0,0.0,0.0
3138,0.0,2.0,0.0,0.0
3139,0.0,2.0,0.0,0.0
3140,0.0,2.0,0.0,1.0
3141,1.0,3.0,1.0,2.0
3142,2.0,3.0,1.0,2.0
3143,2.0,3.0,1.0,2.0
3144,2.0,3.0,1.0,3.0
3145,3.0,3.0,1.0,3.0
3146,3.0,3.0,1.0,3.0
3147,3.0,3.0,2.0,3.0
3148,3.0,3.0,2.0,3.0
3149,4.0,3.0,2.0,3.0
3150,5.0,4.0,3.0,3.0
3151,5.0,4.0,3.0,2.0
3152,6.0,2.0,2.0,1.0
3153,8.0,2.0,2.0,1.0
3154,9.0,2.0,2.0,1.0
3155,9.0,2.0,3.0,1.0
3156,9.0,1.0,4.0,0.0
3157,9.0,1.0,3.0,0.0
3158,9.0,1.0,2.0,0.0
3159,6.0,1.0,1.0,0.0
3160,5.0,1.0,1.0,0.0
3161,4.0,0.0,1.0,0.0
3162,4.0,0.0,0.0,0.0
3163,4.0,0.0,0.0,0.0
3164,4.0,0.0,0.0,0.0
3165,4.0,0.0,0.0,0.0
3166,5.0,0.0,0.0,1.0
3167,5.0,0.0,0.0,1.0
3168,5.0,0.0,0.0,2.0
3169,5.0,0.0,1.0,2.0
3170,5.0,0.0,2.0,2.0
3171,6.0,0.0,2.0,2.0
3172,6.0,0.0,2.0,2.0
3173,6.0,1.0,2.0,2.0
3174,6.0,2.0,2.0,2.0
3175,4.0,3.0,3.0,2.0
3176,4.0,3.0,3.0,2.0
3177,4.0,3.0,4.0,2.0
3178,4.0,2.0,5.0,2.0
3179,4.0,2.0,4.0,2.0
3180,4.0,2.0,3.0,1.0
3181,4.0,2.0,1.0,0.0
3182,3.0,2.0,1.0,0.0
3183,3.0,2.0,1.0,1.0
3184,2.0,2.0,1.0,2.0
3185,0.0,2.0,1.0,2.0
3186,1.0,1.0,0.0,2.0
3187,1.0,1.0,0.0,2.0
3188,2.0,1.0,0.0,3.0
3189,2.0,1.0,0.0,4.0
3190,2.0,2.0,2.0,4.0
3191,2.0,3.0,3.0,5.0
3192,2.0,3.0,3.0,5.0
3193,2.0,4.0,3.0,5.0
3194,3.0,4.0,3.0,5.0
3195,3.0,5.0,3.0,5.0
3196,3.0,5.0,3.0,5.0
3197,3.0,5.0,3.0,5.0
3198,4.0,5.0,4.0,5.0
3199,2.0,4.0,4.0,1.0
3200,2.0,5.0,3.0,1.0
3201,2.0,5.0,4.0,1.0
3202,2.0,5.0,3.0,1.0
3203,2.0,4.0,3.0,1.0
3204,2.0,4.0,3.0,1.0
3205,3.0,2.0,3.0,0.0
3206,3.0,2.0,2.0,0.0
3207,2.0,2.0,2.0,0.0
3208,0.0,2.0,1.0,0.0
3209,0.0,1.0,0.0,0.0
3210,1.0,0.0,0.0,1.0
3211,1.0,0.0,1.0,2.0
3212,1.0,0.0,2.0,2.0
3213,2.0,0.0,2.0,3.0
3214,2.0,0.0,3.0,3.0
3215,2.0,0.0,3.0,3.0
3216,2.0,0.0,3.0,4.0
3217,3.0,0.0,3.0,6.0
3218,3.0,0.0,3.0,6.0
3219,3.0,0.0,3.0,6.0
3220,3.0,1.0,4.0,6.0
3221,3.0,1.0,4.0,6.0
3222,3.0,1.0,4.0,6.0
3223,2.0,1.0,3.0,5.0
3224,2.0,2.0,1.0,5.0
3225,2.0,2.0,1.0,3.0
3226,2.0,2.0,1.0,3.0
3227,2.0,1.0,1.0,3.0
3228,2.0,1.0,2.0,2.0
3229,0.0,1.0,2.0,0.0
3230,0.0,1.0,1.0,1.0
3231,0.0,1.0,0.0,2.0
3232,0.0,1.0,0.0,2.0
3233,0.0,1.0,0.0,1.0
3234,0.0,0.0,0.0,0.0
3235,1.0,0.0,0.0,0.0
3236,1.0,0.0,1.0,1.0
3237,1.0,0.0,1.0,2.0
3238,1.0,0.0,1.0,2.0
3239,1.0,0.0,1.0,2.0
3240,1.0,0.0,1.0,3.0
3241,1.0,0.0,1.0,3.0
3242,2.0,1.0,1.0,3.0
3243,2.0,1.0,1.0,3.0
3244,2.0,1.0,1.0,3.0
3245,2.0,1.0,1.0,3.0
3246,2.0,1.0,1.0,4.0
3247,1.0,1.0,0.0,4.0
3248,1.0,1.0,0.0,2.0
3249,1.0,1.0,0.0,2.0
3250,1.0,1.0,0.0,2.0
3251,1.0,1.0,0.0,2.0
3252,1.0,2.0,0.0,1.0
3253,1.0,2.0,0.0,1.0
3254,1.0,2.0,0.0,1.0
3255,2.0,1.0,0.0,1.0
3256,2.0,1.0,1.0,2.0
3257,2.0,1.0,2.0,1.0
3258,1.0,1.0,1.0,0.0
3259,1.0,1.0,2.0,0.0
3260,1.0,2.0,2.0,1.0
3261,1.0,2.0,3.0,2.0
3262,1.0,2.0,4.0,2.0
3263,1.0,2.0,4.0,2.0
3264,1.0,2.0,4.0,3.0
3265,1.0,4.0,5.0,3.0
3266,1.0,4.0,5.0,3.0
3267,1.0,4.0,5.0,3.0
3268,2.0,4.0,5.0,3.0
3269,3.0,4.0,5.0,3.0
3270,3.0,4.0,5.0,4.0
3271,3.0,4.0,5.0,4.0
3272,5.0,2.0,2.0,3.0
3273,4.0,2.0,2.0,3.0
3274,4.0,4.0,1.0,2.0
3275,3.0,4.0,1.0,2.0
3276,3.0,2.0,0.0,2.0
3277,2.0,2.0,0.0,1.0
3278,2.0,3.0,0.0,1.0
3279,1.0,3.0,0.0,1.0
3280,0.0,1.0,0.0,1.0
3281,0.0,1.0,0.0,1.0
3282,0.0,0.0,0.0,1.0
3283,0.0,0.0,0.0,2.0
3284,0.0,0.0,0.0,2.0
3285,0.0,0.0,0.0,2.0
3286,0.0,1.0,0.0,2.0
3287,0.0,1.0,0.0,3.0
3288,0.0,1.0,0.0,3.0
3289,0.0,1.0,0.0,3.0
3290,0.0,1.0,0.0,3.0
3291,0.0,1.0,0.0,3.0
3292,0.0,1.0,0.0,3.0
3293,1.0,1.0,0.0,3.0
3294,1.0,1.0,1.0,3.0
3295,1.0,1.0,1.0,2.0
3296,1.0,1.0,1.0,2.0
3297,1.0,0.0,1.0,1.0
3298,1.0,0.0,1.0,1.0
3299,1.0,0.0,2.0,2.0
3300,2.0,0.0,2.0,2.0
3301,1.0,0.0,2.0,1.0
3302,0.0,0.0,0.0,1.0
3303,0.0,0.0,0.0,0.0
3304,0.0,0.0,1.0,0.0
3305,0.0,1.0,1.0,0.0
3306,1.0,1.0,1.0,0.0
3307,2.0,1.0,1.0,1.0
3308,4.0,2.0,1.0,2.0
3309,5.0,2.0,1.0,2.0
3310,5.0,2.0,1.0,2.0
3311,5.0,2.0,1.0,2.0
3312,5.0,3.0,1.0,2.0
3313,5.0,3.0,1.0,2.0
3314,5.0,3.0,2.0,2.0
3315,5.0,5.0,2.0,2.0
3316,5.0,5.0,2.0,2.0
3317,5.0,5.0,2.0,2.0
3318,5.0,5.0,2.0,3.0
3319,2.0,3.0,1.0,2.0
3320,1.0,3.0,1.0,1.0
3321,1.0,3.0,1.0,1.0
3322,1.0,5.0,1.0,1.0
3323,0.0,4.0,1.0,1.0
3324,0.0,4.0,1.0,1.0
3325,0.0,2.0,0.0,1.0
3326,1.0,1.0,0.0,2.0
3327,1.0,1.0,0.0,2.0
3328,0.0,1.0,0.0,1.0
3329,0.0,1.0,0.0,0.0
3330,0.0,0.0,0.0,0.0
3331,1.0,0.0,0.0,0.0
3332,2.0,0.0,0.0,0.0
3333,2.0,0.0,0.0,0.0
3334,2.0,1.0,0.0,0.0
3335,2.0,1.0,0.0,0.0
3336,2.0,1.0,1.0,0.0
3337,2.0,2.0,1.0,1.0
3338,3.0,3.0,2.0,1.0
3339,4.0,3.0,2.0,1.0
3340,4.0,3.0,3.0,1.0
3341,4.0,3.0,3.0,2.0
3342,4.0,3.0,3.0,2.0
3343,3.0,5.0,3.0,3.0
3344,3.0,5.0,3.0,3.0
3345,4.0,4.0,3.0,4.0
3346,4.0,4.0,2.0,3.0
3347,3.0,4.0,2.0,2.0
3348,1.0,3.0,2.0,2.0
3349,1.0,3.0,2.0,2.0
3350,1.0,4.0,1.0,2.0
3351,0.0,3.0,0.0,1.0
3352,0.0,1.0,0.0,1.0
3353,0.0,0.0,0.0,0.0
3354,0.0,0.0,1.0,1.0
3355,0.0,0.0,3.0,1.0
3356,0.0,0.0,3.0,1.0
3357,0.0,0.0,3.0,1.0
3358,1.0,1.0,5.0,1.0
3359,1.0,2.0,5.0,1.0
3360,1.0,3.0,5.0,1.0
3361,1.0,3.0,5.0,1.0
3362,1.0,3.0,5.0,1.0
3363,2.0,3.0,6.0,1.0
3364,2.0,4.0,7.0,1.0
3365,2.0,4.0,7.0,1.0
3366,2.0,6.0,8.0,1.0
3367,1.0,8.0,6.0,1.0
3368,1.0,7.0,5.0,0.0
3369,1.0,7.0,5.0,0.0
3370,1.0,6.0,6.0,1.0
3371,1.0,6.0,6.0,1.0
3372,1.0,6.0,5.0,2.0
3373,1.0,6.0,6.0,1.0
3374,0.0,4.0,5.0,0.0
3375,0.0,4.0,6.0,0.0
3376,0.0,3.0,5.0,0.0
3377,0.0,1.0,4.0,0.0
3378,0.0,2.0,2.0,0.0
3379,0.0,3.0,2.0,0.0
3380,0.0,3.0,2.0,0.0
3381,0.0,3.0,2.0,0.0
3382,0.0,4.0,2.0,0.0
3383,0.0,4.0,2.0,0.0
3384,0.0,4.0,2.0,0.0
3385,0.0,5.0,2.0,0.0
3386,0.0,5.0,2.0,0.0
3387,0.0,6.0,2.0,0.0
3388,0.0,6.0,2.0,0.0
3389,0.0,6.0,2.0,0.0
3390,0.0,6.0,2.0,0.0
3391,0.0,5.0,2.0,0.0
3392,0.0,4.0,2.0,0.0
3393,0.0,3.0,2.0,0.0
3394,0.0,4.0,1.0,0.0
3395,0.0,4.0,1.0,0.0
3396,0.0,4.0,1.0,0.0
3397,0.0,4.0,1.0,0.0
3398,1.0,3.0,1.0,1.0
3399,1.0,1.0,0.0,1.0
3400,1.0,1.0,0.0,2.0
3401,0.0,1.0,1.0,1.0
3402,0.0,1.0,2.0,1.0
3403,0.0,1.0,2.0,1.0
3404,0.0,1.0,3.0,1.0
3405,0.0,1.0,3.0,1.0
3406,0.0,1.0,3.0,1.0
3407,0.0,1.0,3.0,1.0
3408,0.0,1.0,3.0,1.0
3409,0.0,2.0,3.0,1.0
3410,0.0,2.0,5.0,1.0
3411,0.0,2.0,5.0,2.0
3412,1.0,3.0,5.0,2.0
3413,1.0,3.0,5.0,2.0
3414,2.0,3.0,5.0,3.0
3415,2.0,2.0,4.0,2.0
3416,2.0,2.0,2.0,2.0
3417,2.0,2.0,2.0,2.0
3418,2.0,3.0,2.0,2.0
3419,2.0,3.0,2.0,4.0
3420,2.0,3.0,1.0,4.0
3421,2.0,3.0,0.0,4.0
3422,1.0,2.0,0.0,4.0
3423,1.0,1.0,0.0,3.0
3424,2.0,2.0,0.0,2.0
3425,2.0,1.0,0.0,1.0
3426,1.0,2.0,0.0,1.0
3427,1.0,2.0,0.0,1.0
3428,1.0,2.0,0.0,1.0
3429,1.0,2.0,0.0,1.0
3430,1.0,2.0,1.0,1.0
3431,2.0,2.0,1.0,1.0
3432,2.0,2.0,1.0,2.0
3433,2.0,2.0,1.0,2.0
3434,3.0,2.0,2.0,2.0
3435,3.0,2.0,3.0,2.0
3436,4.0,2.0,3.0,4.0
3437,5.0,2.0,3.0,4.0
3438,5.0,2.0,4.0,4.0
3439,4.0,1.0,4.0,3.0
3440,5.0,1.0,4.0,3.0
3441,4.0,1.0,4.0,4.0
3442,4.0,0.0,3.0,4.0
3443,3.0,0.0,3.0,4.0
3444,4.0,2.0,3.0,3.0
3445,5.0,2.0,4.0,3.0
3446,7.0,4.0,3.0,2.0
3447,6.0,3.0,2.0,2.0
3448,5.0,2.0,1.0,2.0
3449,3.0,1.0,0.0,1.0
3450,1.0,1.0,0.0,0.0
3451,1.0,2.0,0.0,0.0
3452,2.0,2.0,1.0,0.0
3453,2.0,2.0,1.0,0.0
3454,2.0,2.0,2.0,0.0
3455,2.0,2.0,3.0,1.0
3456,2.0,2.0,4.0,1.0
3457,2.0,2.0,4.0,1.0
3458,3.0,2.0,4.0,2.0
3459,3.0,2.0,4.0,2.0
3460,3.0,2.0,4.0,2.0
3461,3.0,3.0,4.0,2.0
3462,3.0,3.0,4.0,2.0
3463,2.0,1.0,3.0,2.0
3464,2.0,1.0,3.0,1.0
3465,3.0,2.0,2.0,1.0
3466,3.0,2.0,3.0,2.0
3467,3.0,2.0,3.0,2.0
3468,3.0,1.0,3.0,1.0
3469,3.0,1.0,4.0,1.0
3470,2.0,0.0,3.0,0.0
3471,2.0,0.0,1.0,0.0
3472,1.0,0.0,0.0,0.0
3473,1.0,0.0,0.0,0.0
3474,0.0,0.0,0.0,0.0
3475,0.0,0.0,0.0,0.0
3476,0.0,0.0,0.0,0.0
3477,0.0,1.0,0.0,0.0
3478,0.0,1.0,0.0,0.0
3479,0.0,2.0,0.0,1.0
3480,0.0,2.0,0.0,2.0
3481,0.0,2.0,0.0,3.0
3482,0.0,2.0,0.0,4.0
3483,0.0,2.0,0.0,4.0
3484,0.0,2.0,0.0,5.0
3485,0.0,2.0,0.0,5.0
3486,0.0,2.0,0.0,5.0
3487,0.0,2.0,0.0,5.0
3488,1.0,1.0,1.0,6.0
3489,2.0,1.0,1.0,6.0
3490,3.0,2.0,1.0,6.0
3491,2.0,1.0,0.0,7.0
3492,2.0,1.0,0.0,5.0
3493,2.0,0.0,0.0,4.0
3494,0.0,0.0,0.0,3.0
3495,1.0,0.0,0.0,3.0
3496,1.0,0.0,0.0,1.0
3497,1.0,0.0,0.0,1.0
3498,1.0,0.0,0.0,0.0
3499,1.0,0.0,0.0,0.0
3500,1.0,1.0,0.0,0.0
3501,1.0,1.0,1.0,0.0
3502,2.0,1.0,1.0,0.0
3503,2.0,1.0,2.0,0.0
3504,2.0,1.0,2.0,0.0
3505,3.0,1.0,2.0,0.0
3506,3.0,1.0,2.0,0.0
3507,4.0,1.0,2.0,0.0
3508,4.0,1.0,2.0,0.0
3509,4.0,1.0,2.0,0.0
3510,4.0,1.0,2.0,0.0
3511,4.0,0.0,1.0,0.0
3512,3.0,2.0,2.0,0.0
3513,3.0,3.0,2.0,0.0
3514,3.0,3.0,1.0,1.0
3515,3.0,2.0,0.0,1.0
3516,3.0,0.0,1.0,1.0
3517,3.0,0.0,1.0,1.0
3518,5.0,0.0,1.0,1.0
3519,4.0,0.0,1.0,1.0
3520,2.0,1.0,0.0,0.0
3521,2.0,1.0,0.0,0.0
3522,1.0,1.0,0.0,0.0
3523,1.0,1.0,0.0,1.0
3524,1.0,1.0,0.0,2.0
3525,1.0,1.0,0.0,2.0
3526,1.0,1.0,0.0,2.0
3527,2.0,1.0,0.0,2.0
3528,2.0,1.0,0.0,5.0
3529,2.0,1.0,0.0,5.0
3530,2.0,1.0,0.0,5.0
3531,2.0,1.0,0.0,5.0
3532,2.0,1.0,0.0,5.0
3533,2.0,1.0,2.0,5.0
3534,2.0,1.0,3.0,5.0
3535,1.0,0.0,3.0,5.0
3536,1.0,0.0,3.0,5.0
3537,2.0,0.0,3.0,5.0
3538,2.0,0.0,4.0,7.0
3539,2.0,0.0,4.0,6.0
3540,2.0,0.0,3.0,4.0
3541,0.0,0.0,3.0,3.0
3542,0.0,0.0,1.0,3.0
3543,0.0,0.0,1.0,1.0
3544,0.0,0.0,0.0,1.0
3545,0.0,0.0,0.0,1.0
3546,0.0,0.0,0.0,1.0
3547,2.0,0.0,0.0,1.0
3548,2.0,0.0,0.0,1.0
3549,3.0,0.0,0.0,1.0
3550,3.0,0.0,0.0,1.0
3551,3.0,0.0,0.0,1.0
3552,3.0,0.0,0.0,2.0
3553,3.0,0.0,0.0,2.0
3554,3.0,0.0,0.0,2.0
3555,3.0,0.0,0.0,2.0
3556,3.0,0.0,0.0,3.0
3557,3.0,0.0,1.0,4.0
3558,3.0,0.0,1.0,4.0
3559,4.0,1.0,1.0,5.0
3560,2.0,1.0,1.0,5.0
3561,2.0,0.0,1.0,4.0
3562,0.0,0.0,1.0,5.0
3563,0.0,0.0,1.0,5.0
3564,0.0,0.0,1.0,5.0
3565,2.0,0.0,1.0,5.0
3566,2.0,0.0,1.0,6.0
3567,1.0,0.0,1.0,5.0
3568,2.0,0.0,0.0,3.0
3569,3.0,0.0,1.0,3.0
3570,3.0,1.0,1.0,2.0
3571,3.0,2.0,1.0,3.0
3572,3.0,3.0,1.0,3.0
3573,4.0,3.0,1.0,3.0
3574,4.0,4.0,1.0,3.0
3575,5.0,4.0,1.0,3.0
3576,5.0,4.0,1.0,3.0
3577,5.0,4.0,1.0,3.0
3578,5.0,4.0,1.0,3.0
3579,5.0,4.0,1.0,4.0
3580,5.0,4.0,1.0,4.0
3581,5.0,6.0,1.0,4.0
3582,6.0,6.0,2.0,5.0
3583,5.0,4.0,1.0,2.0
3584,5.0,3.0,1.0,2.0
3585,2.0,2.0,1.0,2.0
3586,3.0,2.0,1.0,3.0
3587,3.0,1.0,2.0,3.0
3588,3.0,2.0,2.0,3.0
3589,2.0,1.0,2.0,3.0
3590,2.0,1.0,1.0,1.0
3591,3.0,0.0,1.0,1.0
3592,2.0,1.0,1.0,0.0
3593,0.0,1.0,1.0,1.0
3594,0.0,0.0,2.0,1.0
3595,0.0,0.0,2.0,2.0
3596,0.0,0.0,2.0,3.0
3597,0.0,0.0,2.0,4.0
3598,0.0,1.0,2.0,5.0
3599,0.0,1.0,2.0,6.0
3600,0.0,1.0,2.0,6.0
3601,0.0,1.0,2.0,6.0
3602,0.0,1.0,2.0,6.0
3603,0.0,1.0,2.0,6.0
3604,0.0,1.0,2.0,6.0
3605,0.0,1.0,2.0,6.0
3606,0.0,3.0,2.0,6.0
3607,0.0,3.0,0.0,4.0
3608,0.0,2.0,0.0,1.0
3609,0.0,3.0,0.0,2.0
3610,0.0,3.0,0.0,2.0
3611,0.0,2.0,0.0,2.0
3612,1.0,1.0,0.0,2.0
3613,1.0,0.0,1.0,1.0
3614,1.0,0.0,1.0,3.0
3615,1.0,0.0,0.0,2.0
3616,1.0,0.0,0.0,1.0
3617,1.0,0.0,0.0,0.0
3618,0.0,0.0,1.0,0.0
3619,0.0,0.0,1.0,0.0
3620,0.0,0.0,1.0,1.0
3621,1.0,0.0,1.0,1.0
3622,1.0,0.0,1.0,1.0
3623,1.0,1.0,1.0,1.0
3624,1.0,1.0,1.0,1.0
3625,1.0,2.0,1.0,1.0
3626,1.0,2.0,2.0,1.0
3627,1.0,2.0,2.0,2.0
3628,2.0,2.0,2.0,3.0
3629,4.0,2.0,2.0,3.0
3630,4.0,2.0,3.0,3.0
3631,3.0,2.0,2.0,2.0
3632,3.0,2.0,2.0,2.0
3633,4.0,1.0,2.0,2.0
3634,4.0,1.0,2.0,2.0
3635,4.0,1.0,2.0,2.0
3636,4.0,0.0,2.0,2.0
3637,3.0,0.0,1.0,2.0
3638,3.0,0.0,1.0,0.0
3639,2.0,0.0,1.0,1.0
3640,0.0,0.0,1.0,1.0
3641,1.0,1.0,1.0,0.0
3642,1.0,1.0,1.0,0.0
3643,1.0,1.0,1.0,0.0
3644,1.0,1.0,1.0,0.0
3645,1.0,1.0,1.0,0.0
3646,1.0,2.0,1.0,1.0
3647,1.0,2.0,1.0,1.0
3648,1.0,2.0,1.0,1.0
3649,1.0,3.0,1.0,1.0
3650,2.0,4.0,2.0,1.0
3651,2.0,4.0,2.0,1.0
3652,2.0,4.0,2.0,1.0
3653,2.0,4.0,2.0,1.0
3654,2.0,5.0,2.0,1.0
3655,2.0,4.0,2.0,1.0
3656,1.0,4.0,3.0,0.0
3657,1.0,3.0,3.0,0.0
3658,2.0,3.0,2.0,0.0
3659,3.0,3.0,1.0,0.0
3660,3.0,3.0,1.0,0.0
3661,1.0,4.0,1.0,0.0
3662,1.0,4.0,1.0,0.0
3663,0.0,3.0,1.0,0.0
3664,1.0,2.0,1.0,0.0
3665,1.0,1.0,0.0,1.0
3666,0.0,0.0,0.0,2.0
3667,0.0,0.0,0.0,2.0
3668,0.0,0.0,0.0,2.0
3669,0.0,0.0,0.0,2.0
3670,0.0,0.0,1.0,3.0
3671,0.0,0.0,2.0,3.0
3672,0.0,1.0,2.0,3.0
3673,0.0,1.0,2.0,4.0
3674,0.0,1.0,2.0,4.0
3675,0.0,1.0,2.0,7.0
3676,0.0,1.0,2.0,8.0
3677,0.0,1.0,2.0,8.0
3678,0.0,2.0,2.0,8.0
3679,0.0,2.0,1.0,6.0
3680,1.0,1.0,2.0,6.0
3681,1.0,1.0,2.0,6.0
3682,1.0,1.0,1.0,6.0
3683,2.0,1.0,1.0,6.0
3684,1.0,2.0,1.0,5.0
3685,1.0,2.0,3.0,4.0
3686,0.0,2.0,3.0,1.0
3687,0.0,0.0,1.0,0.0
3688,0.0,1.0,1.0,0.0
3689,0.0,2.0,0.0,0.0
3690,0.0,1.0,0.0,0.0
3691,0.0,1.0,0.0,1.0
3692,0.0,1.0,1.0,1.0
3693,1.0,1.0,1.0,1.0
3694,1.0,1.0,1.0,1.0
3695,2.0,1.0,2.0,2.0
3696,2.0,1.0,3.0,2.0
3697,2.0,1.0,3.0,3.0
3698,2.0,1.0,4.0,4.0
3699,2.0,1.0,4.0,5.0
3700,2.0,1.0,4.0,5.0
3701,2.0,1.0,4.0,5.0
3702,2.0,1.0,4.0,5.0
3703,1.0,1.0,4.0,5.0
3704,0.0,0.0,3.0,3.0
3705,1.0,1.0,3.0,3.0
3706,1.0,1.0,2.0,4.0
3707,1.0,1.0,2.0,5.0
3708,0.0,2.0,1.0,5.0
3709,0.0,2.0,1.0,4.0
3710,0.0,2.0,0.0,5.0
3711,0.0,1.0,1.0,4.0
3712,0.0,1.0,1.0,3.0
3713,0.0,0.0,1.0,2.0
3714,0.0,0.0,0.0,1.0
3715,1.0,0.0,1.0,1.0
3716,1.0,0.0,1.0,2.0
3717,1.0,0.0,1.0,2.0
3718,1.0,0.0,1.0,2.0
3719,2.0,0.0,1.0,2.0
3720,2.0,0.0,1.0,2.0
3721,3.0,0.0,1.0,2.0
3722,3.0,0.0,1.0,2.0
3723,3.0,0.0,1.0,2.0
3724,3.0,1.0,1.0,2.0
3725,3.0,1.0,1.0,2.0
3726,4.0,1.0,1.0,2.0
3727,6.0,1.0,2.0,1.0
3728,5.0,1.0,1.0,1.0
3729,5.0,1.0,0.0,1.0
3730,3.0,1.0,0.0,0.0
3731,2.0,1.0,0.0,0.0
3732,2.0,1.0,0.0,1.0
3733,2.0,2.0,0.0,1.0
3734,1.0,2.0,0.0,1.0
3735,1.0,2.0,0.0,1.0
3736,1.0,1.0,0.0,1.0
3737,1.0,1.0,0.0,0.0
3738,2.0,1.0,0.0,0.0
3739,2.0,1.0,0.0,0.0
3740,2.0,1.0,0.0,0.0
3741,2.0,2.0,0.0,0.0
3742,2.0,2.0,0.0,1.0
3743,2.0,2.0,0.0,1.0
3744,2.0,2.0,0.0,1.0
3745,2.0,2.0,0.0,1.0
3746,2.0,3.0,0.0,1.0
3747,3.0,3.0,0.0,3.0
3748,3.0,3.0,0.0,3.0
3749,3.0,3.0,0.0,3.0
3750,3.0,3.0,0.0,3.0
3751,2.0,2.0,0.0,3.0
3752,1.0,3.0,0.0,3.0
3753,1.0,2.0,0.0,3.0
3754,1.0,2.0,0.0,4.0
3755,1.0,0.0,0.0,3.0
3756,1.0,0.0,0.0,2.0
3757,1.0,0.0,1.0,2.0
3758,1.0,1.0,1.0,2.0
3759,1.0,1.0,1.0,3.0
3760,0.0,1.0,1.0,2.0
3761,0.0,1.0,0.0,2.0
3762,0.0,0.0,1.0,2.0
3763,0.0,0.0,1.0,2.0
3764,1.0,0.0,1.0,2.0
3765,1.0,0.0,1.0,2.0
3766,1.0,0.0,1.0,2.0
3767,1.0,0.0,1.0,2.0
3768,1.0,0.0,2.0,2.0
3769,1.0,0.0,2.0,2.0
3770,2.0,0.0,2.0,2.0
3771,2.0,0.0,2.0,2.0
3772,2.0,0.0,2.0,2.0
3773,3.0,0.0,2.0,3.0
3774,3.0,0.0,2.0,3.0
3775,3.0,1.0,1.0,1.0
3776,2.0,1.0,2.0,1.0
3777,2.0,0.0,2.0,1.0
3778,2.0,1.0,2.0,1.0
3779,2.0,1.0,1.0,1.0
3780,2.0,1.0,0.0,1.0
3781,2.0,1.0,0.0,1.0
3782,2.0,1.0,0.0,1.0
3783,2.0,1.0,0.0,2.0
3784,2.0,1.0,0.0,2.0
3785,2.0,1.0,0.0,4.0
3786,1.0,0.0,0.0,2.0
3787,1.0,0.0,0.0,2.0
3788,1.0,0.0,0.0,2.0
3789,1.0,1.0,0.0,2.0
3790,2.0,1.0,0.0,3.0
3791,2.0,1.0,0.0,4.0
3792,2.0,2.0,0.0,4.0
3793,2.0,2.0,0.0,4.0
3794,2.0,3.0,0.0,4.0
3795,2.0,3.0,0.0,4.0
3796,2.0,3.0,0.0,4.0
3797,2.0,3.0,0.0,4.0
3798,2.0,3.0,0.0,4.0
3799,2.0,2.0,0.0,1.0
3800,1.0,2.0,0.0,1.0
3801,1.0,2.0,0.0,1.0
3802,0.0,2.0,0.0,2.0
3803,0.0,1.0,1.0,1.0
3804,0.0,0.0,1.0,1.0
3805,0.0,0.0,1.0,1.0
3806,0.0,1.0,0.0,1.0
3807,0.0,1.0,0.0,1.0
3808,0.0,1.0,0.0,0.0
3809,0.0,0.0,0.0,0.0
3810,0.0,0.0,0.0,0.0
3811,0.0,0.0,0.0,0.0
3812,0.0,0.0,0.0,0.0
3813,0.0,1.0,0.0,0.0
3814,1.0,1.0,0.0,0.0
3815,2.0,1.0,0.0,0.0
3816,2.0,1.0,0.0,0.0
3817,3.0,2.0,0.0,0.0
3818,3.0,2.0,0.0,0.0
3819,4.0,2.0,0.0,1.0
3820,4.0,2.0,0.0,2.0
3821,4.0,3.0,0.0,2.0
3822,4.0,4.0,0.0,2.0
3823,2.0,4.0,0.0,3.0
3824,2.0,4.0,0.0,3.0
3825,2.0,3.0,0.0,3.0
3826,2.0,3.0,0.0,3.0
3827,2.0,3.0,1.0,2.0
3828,1.0,2.0,1.0,2.0
3829,0.0,1.0,0.0,1.0
3830,0.0,0.0,0.0,1.0
3831,0.0,0.0,0.0,1.0
3832,0.0,0.0,0.0,0.0
3833,0.0,0.0,0.0,1.0
3834,0.0,0.0,1.0,1.0
3835,0.0,1.0,2.0,2.0
3836,0.0,1.0,2.0,2.0
3837,1.0,1.0,3.0,2.0
3838,1.0,1.0,4.0,2.0
3839,1.0,1.0,4.0,2.0
3840,1.0,1.0,4.0,2.0
3841,1.0,1.0,4.0,2.0
3842,1.0,1.0,4.0,3.0
3843,1.0,1.0,4.0,3.0
3844,1.0,1.0,4.0,4.0
3845,1.0,1.0,4.0,4.0
3846,1.0,1.0,4.0,4.0
3847,0.0,0.0,3.0,2.0
3848,0.0,0.0,2.0,3.0
3849,0.0,0.0,2.0,3.0
3850,0.0,0.0,0.0,3.0
3851,0.0,0.0,0.0,2.0
3852,0.0,0.0,0.0,2.0
3853,0.0,0.0,0.0,2.0
3854,1.0,0.0,1.0,2.0
3855,1.0,1.0,1.0,3.0
3856,1.0,1.0,1.0,2.0
3857,2.0,0.0,1.0,2.0
3858,2.0,0.0,1.0,0.0
3859,2.0,0.0,1.0,0.0
3860,2.0,1.0,1.0,0.0
3861,2.0,1.0,1.0,0.0
3862,2.0,1.0,1.0,0.0
3863,2.0,1.0,3.0,0.0
3864,2.0,1.0,3.0,0.0
3865,2.0,1.0,3.0,0.0
3866,2.0,2.0,3.0,0.0
3867,3.0,2.0,3.0,0.0
3868,4.0,3.0,3.0,0.0
3869,4.0,3.0,4.0,0.0
3870,4.0,3.0,4.0,0.0
3871,5.0,3.0,3.0,0.0
3872,3.0,2.0,2.0,0.0
3873,4.0,2.0,3.0,0.0
3874,4.0,2.0,2.0,0.0
3875,5.0,2.0,2.0,1.0
3876,5.0,2.0,2.0,1.0
3877,4.0,3.0,2.0,0.0
3878,4.0,3.0,2.0,0.0
3879,4.0,3.0,1.0,1.0
3880,2.0,2.0,1.0,1.0
3881,1.0,2.0,1.0,1.0
3882,0.0,2.0,1.0,0.0
3883,0.0,2.0,1.0,0.0
3884,1.0,2.0,2.0,1.0
3885,1.0,2.0,3.0,1.0
3886,1.0,2.0,3.0,1.0
3887,1.0,2.0,3.0,1.0
3888,2.0,2.0,3.0,2.0
3889,2.0,2.0,3.0,2.0
3890,2.0,2.0,3.0,2.0
3891,3.0,2.0,3.0,3.0
3892,4.0,2.0,3.0,3.0
3893,5.0,2.0,4.0,3.0
3894,5.0,2.0,4.0,3.0
3895,5.0,1.0,3.0,3.0
3896,4.0,1.0,2.0,2.0
3897,4.0,1.0,2.0,2.0
3898,4.0,0.0,2.0,2.0
3899,5.0,1.0,2.0,2.0
3900,6.0,1.0,1.0,3.0
3901,6.0,0.0,1.0,5.0
3902,4.0,0.0,1.0,3.0
3903,2.0,0.0,2.0,2.0
3904,2.0,0.0,2.0,1.0
3905,1.0,0.0,1.0,1.0
3906,0.0,1.0,0.0,1.0
3907,0.0,1.0,0.0,1.0
3908,0.0,1.0,0.0,1.0
3909,0.0,1.0,0.0,1.0
3910,0.0,2.0,1.0,1.0
3911,0.0,3.0,1.0,1.0
3912,0.0,3.0,1.0,2.0
3913,0.0,4.0,1.0,2.0
3914,0.0,4.0,1.0,2.0
3915,0.0,4.0,1.0,3.0
3916,0.0,4.0,1.0,3.0
3917,0.0,4.0,2.0,3.0
3918,1.0,4.0,2.0,5.0
3919,2.0,4.0,2.0,4.0
3920,2.0,2.0,1.0,4.0
3921,2.0,1.0,1.0,4.0
3922,2.0,1.0,3.0,3.0
3923,1.0,1.0,3.0,3.0
3924,1.0,0.0,3.0,3.0
3925,1.0,1.0,2.0,3.0
3926,1.0,1.0,2.0,2.0
3927,1.0,0.0,1.0,2.0
3928,2.0,0.0,1.0,2.0
3929,2.0,1.0,2.0,1.0
3930,1.0,1.0,2.0,0.0
3931,1.0,1.0,2.0,0.0
3932,1.0,1.0,2.0,0.0
3933,1.0,1.0,2.0,0.0
3934,1.0,1.0,2.0,1.0
3935,2.0,1.0,2.0,1.0
3936,2.0,1.0,4.0,2.0
3937,2.0,1.0,4.0,2.0
3938,2.0,1.0,4.0,2.0
3939,2.0,1.0,4.0,2.0
3940,3.0,1.0,4.0,2.0
3941,4.0,1.0,4.0,2.0
3942,4.0,1.0,4.0,2.0
3943,3.0,1.0,3.0,2.0
3944,3.0,0.0,3.0,3.0
3945,4.0,0.0,3.0,3.0
3946,3.0,0.0,2.0,3.0
3947,3.0,0.0,2.0,2.0
3948,2.0,0.0,2.0,2.0
3949,2.0,0.0,1.0,1.0
3950,2.0,0.0,0.0,1.0
3951,3.0,0.0,0.0,1.0
3952,3.0,0.0,0.0,0.0
3953,2.0,0.0,0.0,2.0
3954,1.0,0.0,1.0,2.0
3955,2.0,0.0,1.0,2.0
3956,2.0,1.0,1.0,3.0
3957,2.0,1.0,1.0,4.0
3958,2.0,1.0,1.0,4.0
3959,2.0,1.0,2.0,4.0
3960,2.0,1.0,2.0,4.0
3961,3.0,1.0,2.0,4.0
3962,3.0,1.0,2.0,4.0
3963,3.0,1.0,2.0,4.0
3964,3.0,1.0,2.0,5.0
3965,3.0,1.0,2.0,5.0
3966,3.0,1.0,2.0,5.0
3967,3.0,1.0,2.0,3.0
3968,3.0,1.0,1.0,1.0
3969,2.0,0.0,0.0,1.0
3970,1.0,0.0,0.0,1.0
3971,1.0,0.0,0.0,1.0
3972,0.0,0.0,0.0,1.0
3973,0.0,0.0,0.0,0.0
3974,0.0,0.0,0.0,0.0
3975,0.0,1.0,0.0,1.0
3976,1.0,1.0,0.0,1.0
3977,1.0,1.0,1.0,0.0
3978,1.0,1.0,1.0,1.0
3979,1.0,1.0,1.0,2.0
3980,2.0,2.0,1.0,2.0
3981,2.0,2.0,1.0,2.0
3982,2.0,2.0,1.0,2.0
3983,2.0,2.0,1.0,2.0
3984,2.0,2.0,1.0,2.0
3985,2.0,2.0,1.0,3.0
3986,2.0,2.0,2.0,3.0
3987,2.0,2.0,2.0,3.0
3988,2.0,2.0,2.0,4.0
3989,2.0,2.0,2.0,4.0
3990,2.0,2.0,2.0,4.0
3991,2.0,0.0,1.0,2.0
3992,1.0,0.0,1.0,1.0
3993,2.0,0.0,1.0,1.0
3994,3.0,0.0,1.0,1.0
3995,2.0,0.0,1.0,1.0
3996,1.0,1.0,0.0,0.0
3997,0.0,1.0,1.0,0.0
3998,0.0,1.0,1.0,1.0
3999,0.0,2.0,1.0,1.0
4000,0.0,2.0,1.0,2.0
4001,0.0,2.0,1.0,1.0
4002,0.0,1.0,1.0,1.0
4003,0.0,2.0,1.0,1.0
4004,0.0,2.0,1.0,2.0
4005,0.0,2.0,1.0,2.0
4006,0.0,4.0,1.0,2.0
4007,0.0,5.0,1.0,2.0
4008,0.0,5.0,1.0,3.0
4009,0.0,5.0,1.0,3.0
4010,0.0,5.0,1.0,3.0
4011,0.0,6.0,1.0,3.0
4012,0.0,6.0,1.0,4.0
4013,0.0,6.0,2.0,4.0
4014,0.0,6.0,3.0,5.0
4015,0.0,5.0,2.0,3.0
4016,1.0,5.0,2.0,3.0
4017,1.0,4.0,2.0,4.0
4018,1.0,5.0,2.0,4.0
4019,2.0,5.0,2.0,3.0
4020,2.0,4.0,2.0,2.0
4021,1.0,2.0,3.0,2.0
4022,1.0,3.0,2.0,2.0
4023,0.0,3.0,1.0,2.0
4024,0.0,2.0,1.0,2.0
4025,1.0,1.0,0.0,2.0
4026,1.0,2.0,1.0,1.0
4027,1.0,2.0,1.0,1.0
4028,1.0,2.0,1.0,1.0
4029,1.0,2.0,1.0,1.0
4030,2.0,2.0,2.0,1.0
4031,2.0,2.0,3.0,1.0
4032,2.0,2.0,3.0,1.0
4033,2.0,2.0,3.0,1.0
4034,2.0,2.0,3.0,1.0
4035,2.0,2.0,3.0,1.0
4036,2.0,2.0,3.0,1.0
4037,2.0,2.0,3.0,1.0
4038,2.0,2.0,3.0,1.0
4039,1.0,0.0,4.0,1.0
4040,1.0,0.0,2.0,0.0
4041,0.0,0.0,1.0,0.0
4042,0.0,0.0,1.0,0.0
4043,0.0,1.0,2.0,0.0
4044,1.0,1.0,2.0,0.0
4045,1.0,1.0,1.0,0.0
4046,0.0,0.0,1.0,0.0
4047,0.0,0.0,1.0,0.0
4048,0.0,0.0,0.0,1.0
4049,0.0,0.0,0.0,2.0
4050,0.0,0.0,0.0,1.0
4051,0.0,0.0,0.0,1.0
4052,0.0,1.0,0.0,1.0
4053,1.0,1.0,0.0,1.0
4054,1.0,1.0,0.0,2.0
4055,1.0,1.0,0.0,2.0
4056,1.0,1.0,0.0,3.0
4057,1.0,1.0,0.0,3.0
4058,1.0,2.0,1.0,4.0
4059,1.0,2.0,1.0,4.0
4060,1.0,2.0,1.0,5.0
4061,1.0,3.0,1.0,5.0
4062,2.0,4.0,1.0,5.0
4063,1.0,4.0,1.0,5.0
4064,1.0,3.0,0.0,6.0
4065,2.0,3.0,0.0,6.0
4066,3.0,3.0,0.0,5.0
4067,3.0,3.0,1.0,3.0
4068,2.0,3.0,1.0,3.0
4069,1.0,2.0,2.0,3.0
4070,2.0,2.0,2.0,3.0
4071,2.0,1.0,2.0,2.0
4072,0.0,1.0,0.0,1.0
4073,0.0,1.0,0.0,1.0
4074,0.0,1.0,0.0,1.0
4075,0.0,1.0,0.0,1.0
4076,0.0,1.0,0.0,1.0
4077,0.0,2.0,1.0,1.0
4078,0.0,2.0,2.0,1.0
4079,0.0,3.0,2.0,1.0
4080,0.0,4.0,2.0,1.0
4081,0.0,4.0,2.0,1.0
4082,1.0,4.0,2.0,1.0
4083,1.0,4.0,2.0,1.0
4084,1.0,4.0,2.0,1.0
4085,1.0,6.0,2.0,1.0
4086,1.0,7.0,2.0,1.0
4087,0.0,5.0,2.0,0.0
4088,0.0,6.0,2.0,0.0
4089,0.0,6.0,1.0,1.0
4090,0.0,5.0,0.0,1.0
4091,0.0,4.0,0.0,3.0
4092,0.0,4.0,0.0,2.0
4093,1.0,4.0,0.0,1.0
4094,1.0,4.0,0.0,0.0
4095,0.0,3.0,0.0,1.0
4096,0.0,4.0,0.0,1.0
4097,0.0,4.0,0.0,1.0
4098,0.0,2.0,0.0,1.0
4099,0.0,2.0,0.0,1.0
4100,1.0,3.0,1.0,1.0
4101,1.0,4.0,1.0,1.0
4102,1.0,4.0,2.0,1.0
4103,1.0,4.0,2.0,1.0
4104,1.0,4.0,3.0,1.0
4105,1.0,4.0,4.0,2.0
4106,1.0,4.0,5.0,2.0
4107,2.0,4.0,6.0,2.0
4108,2.0,4.0,6.0,2.0
4109,2.0,4.0,6.0,2.0
4110,2.0,4.0,6.0,2.0
4111,1.0,4.0,6.0,2.0
4112,1.0,2.0,5.0,1.0
4113,1.0,2.0,6.0,1.0
4114,1.0,2.0,7.0,1.0
4115,1.0,2.0,8.0,2.0
4116,2.0,2.0,6.0,1.0
4117,3.0,2.0,4.0,1.0
4118,2.0,2.0,3.0,0.0
4119,1.0,0.0,2.0,0.0
4120,1.0,0.0,0.0,0.0
4121,1.0,0.0,0.0,1.0
4122,1.0,0.0,0.0,1.0
4123,1.0,0.0,0.0,1.0
4124,2.0,0.0,0.0,1.0
4125,2.0,0.0,1.0,2.0
4126,2.0,0.0,1.0,2.0
4127,2.0,0.0,2.0,3.0
4128,2.0,0.0,3.0,3.0
4129,2.0,1.0,4.0,3.0
4130,3.0,1.0,4.0,3.0
4131,3.0,1.0,5.0,3.0
4132,3.0,1.0,5.0,3.0
4133,3.0,1.0,5.0,4.0
4134,3.0,1.0,5.0,5.0
4135,2.0,2.0,5.0,4.0
4136,2.0,2.0,5.0,3.0
4137,2.0,3.0,5.0,3.0
4138,2.0,2.0,5.0,3.0
4139,1.0,2.0,4.0,2.0
4140,1.0,0.0,5.0,2.0
4141,1.0,0.0,5.0,2.0
4142,0.0,1.0,4.0,2.0
4143,0.0,1.0,2.0,0.0
4144,1.0,1.0,1.0,0.0
4145,1.0,0.0,1.0,0.0
4146,2.0,0.0,0.0,1.0
4147,3.0,0.0,0.0,1.0
4148,3.0,0.0,0.0,1.0
4149,3.0,1.0,0.0,2.0
4150,3.0,1.0,0.0,2.0
4151,3.0,1.0,0.0,2.0
4152,3.0,1.0,1.0,2.0
4153,3.0,3.0,1.0,2.0
4154,3.0,3.0,1.0,2.0
4155,3.0,3.0,1.0,2.0
4156,3.0,3.0,1.0,2.0
4157,3.0,3.0,1.0,2.0
4158,3.0,3.0,1.0,2.0
4159,2.0,3.0,2.0,0.0
4160,1.0,2.0,2.0,0.0
4161,1.0,2.0,2.0,0.0
4162,0.0,2.0,2.0,0.0
4163,0.0,2.0,2.0,1.0
4164,0.0,1.0,2.0,1.0
4165,1.0,0.0,4.0,1.0
4166,1.0,0.0,3.0,0.0
4167,0.0,0.0,2.0,1.0
4168,0.0,0.0,0.0,1.0
4169,0.0,0.0,0.0,0.0
4170,0.0,0.0,0.0,0.0
4171,0.0,1.0,0.0,0.0
4172,1.0,2.0,0.0,0.0
4173,1.0,2.0,0.0,0.0
4174,1.0,2.0,0.0,0.0
4175,1.0,2.0,0.0,1.0
4176,1.0,2.0,0.0,1.0
4177,1.0,2.0,0.0,1.0
4178,1.0,3.0,0.0,1.0
4179,1.0,3.0,0.0,2.0
4180,1.0,3.0,0.0,2.0
4181,2.0,3.0,0.0,3.0
4182,2.0,3.0,0.0,3.0
4183,2.0,2.0,0.0,4.0
4184,2.0,1.0,1.0,4.0
4185,1.0,1.0,2.0,4.0
4186,2.0,2.0,2.0,3.0
4187,2.0,2.0,1.0,3.0
4188,2.0,2.0,0.0,3.0
4189,2.0,1.0,0.0,5.0
4190,2.0,0.0,0.0,4.0
4191,2.0,0.0,0.0,3.0
4192,2.0,0.0,0.0,2.0
4193,2.0,0.0,1.0,2.0
4194,2.0,0.0,1.0,1.0
4195,3.0,0.0,1.0,1.0
4196,3.0,0.0,1.0,2.0
4197,4.0,0.0,1.0,3.0
4198,4.0,0.0,1.0,3.0
4199,4.0,0.0,1.0,3.0
4200,4.0,0.0,2.0,3.0
4201,4.0,0.0,2.0,3.0
4202,4.0,0.0,2.0,3.0
4203,4.0,0.0,2.0,3.0
4204,4.0,0.0,3.0,3.0
4205,4.0,0.0,3.0,3.0
4206,5.0,0.0,3.0,3.0
4207,5.0,0.0,3.0,2.0
4208,2.0,0.0,3.0,2.0
4209,3.0,1.0,1.0,2.0
4210,2.0,1.0,1.0,2.0
4211,1.0,2.0,2.0,3.0
4212,1.0,1.0,2.0,3.0
4213,2.0,1.0,3.0,2.0
4214,2.0,1.0,3.0,2.0
4215,1.0,1.0,1.0,1.0
4216,0.0,0.0,1.0,0.0
4217,0.0,0.0,0.0,0.0
4218,0.0,0.0,1.0,0.0
4219,1.0,1.0,1.0,0.0
4220,2.0,2.0,1.0,0.0
4221,2.0,3.0,1.0,0.0
4222,3.0,3.0,1.0,0.0
4223,3.0,4.0,1.0,0.0
4224,3.0,4.0,1.0,0.0
4225,3.0,4.0,1.0,1.0
4226,3.0,5.0,1.0,2.0
4227,3.0,5.0,1.0,2.0
4228,3.0,5.0,2.0,2.0
4229,3.0,7.0,2.0,2.0
4230,3.0,8.0,2.0,2.0
4231,1.0,6.0,1.0,2.0
4232,1.0,5.0,2.0,2.0
4233,0.0,4.0,2.0,2.0
4234,0.0,4.0,2.0,2.0
4235,1.0,4.0,1.0,2.0
4236,1.0,3.0,2.0,2.0
4237,0.0,3.0,2.0,1.0
4238,0.0,2.0,3.0,1.0
4239,0.0,0.0,2.0,1.0
4240,0.0,0.0,2.0,1.0
4241,0.0,0.0,0.0,1.0
4242,0.0,0.0,0.0,1.0
4243,2.0,0.0,1.0,1.0
4244,2.0,0.0,1.0,3.0
4245,2.0,1.0,1.0,3.0
4246,2.0,1.0,1.0,4.0
4247,2.0,2.0,1.0,4.0
4248,2.0,2.0,1.0,4.0
4249,3.0,2.0,1.0,4.0
4250,3.0,2.0,1.0,4.0
4251,3.0,3.0,1.0,4.0
4252,3.0,3.0,1.0,4.0
4253,3.0,3.0,1.0,5.0
4254,3.0,3.0,1.0,5.0
4255,2.0,2.0,0.0,4.0
4256,1.0,2.0,2.0,2.0
4257,2.0,2.0,2.0,4.0
4258,2.0,2.0,2.0,4.0
4259,2.0,3.0,2.0,3.0
4260,2.0,2.0,2.0,1.0
4261,1.0,1.0,1.0,1.0
4262,0.0,0.0,0.0,1.0
4263,0.0,0.0,0.0,1.0
4264,0.0,0.0,0.0,2.0
4265,1.0,1.0,0.0,2.0
4266,1.0,2.0,1.0,3.0
4267,1.0,3.0,2.0,3.0
4268,2.0,3.0,2.0,3.0
4269,2.0,3.0,2.0,3.0
4270,2.0,3.0,2.0,3.0
4271,2.0,3.0,2.0,3.0
4272,2.0,3.0,2.0,3.0
4273,2.0,3.0,2.0,3.0
4274,2.0,3.0,2.0,5.0
4275,3.0,3.0,2.0,5.0
4276,3.0,3.0,2.0,5.0
4277,3.0,3.0,2.0,6.0
4278,3.0,3.0,2.0,6.0
4279,1.0,2.0,3.0,5.0
4280,1.0,0.0,2.0,4.0
4281,1.0,0.0,1.0,4.0
4282,1.0,0.0,1.0,4.0
4283,1.0,0.0,0.0,4.0
4284,2.0,0.0,0.0,5.0
4285,2.0,0.0,0.0,5.0
4286,1.0,0.0,0.0,6.0
4287,2.0,1.0,1.0,4.0
4288,2.0,1.0,1.0,2.0
4289,1.0,0.0,0.0,1.0
4290,1.0,0.0,0.0,0.0
4291,1.0,0.0,1.0,0.0
4292,1.0,0.0,1.0,1.0
4293,1.0,0.0,1.0,1.0
4294,1.0,0.0,1.0,1.0
4295,2.0,0.0,1.0,2.0
4296,2.0,0.0,1.0,2.0
4297,2.0,0.0,1.0,2.0
4298,2.0,1.0,1.0,2.0
4299,2.0,1.0,1.0,2.0
4300,2.0,1.0,1.0,2.0
4301,2.0,1.0,1.0,2.0
4302,3.0,1.0,1.0,3.0
4303,3.0,1.0,2.0,3.0
4304,2.0,1.0,1.0,1.0
4305,1.0,1.0,1.0,1.0
4306,2.0,1.0,1.0,1.0
4307,3.0,1.0,2.0,1.0
4308,2.0,1.0,1.0,2.0
4309,2.0,0.0,1.0,2.0
4310,,1.0,0.0,2.0
4311,,1.0,0.0,1.0
4312,,1.0,0.0,1.0
4313,,,1.0,1.0
4314,,,1.0,1.0
4315,,,,1.0
4316,,,,1.0
4317,,,,1.0
4318,,,,
4319,,,,
