,all_100,all_101,all_102,all_103
0,1.0,0.0,1.0,2.0
1,5.0,1.0,1.0,2.0
2,8.0,2.0,4.0,6.0
3,9.0,3.0,6.0,6.0
4,9.0,4.0,8.0,8.0
5,10.0,6.0,9.0,11.0
6,13.0,6.0,9.0,12.0
7,10.0,3.0,4.0,9.0
8,8.0,4.0,2.0,8.0
9,7.0,6.0,1.0,8.0
10,4.0,5.0,2.0,6.0
11,2.0,3.0,1.0,3.0
12,0.0,4.0,1.0,2.0
13,1.0,5.0,3.0,2.0
14,1.0,3.0,6.0,2.0
15,2.0,2.0,5.0,3.0
16,4.0,1.0,4.0,2.0
17,5.0,3.0,1.0,4.0
18,3.0,4.0,2.0,2.0
19,4.0,6.0,2.0,3.0
20,4.0,7.0,5.0,4.0
21,4.0,8.0,7.0,6.0
22,6.0,9.0,9.0,7.0
23,8.0,9.0,12.0,7.0
24,10.0,9.0,11.0,7.0
25,12.0,10.0,12.0,7.0
26,12.0,10.0,13.0,12.0
27,15.0,14.0,13.0,13.0
28,15.0,14.0,16.0,14.0
29,16.0,14.0,17.0,15.0
30,19.0,15.0,17.0,15.0
31,14.0,11.0,11.0,16.0
32,14.0,8.0,8.0,13.0
33,13.0,8.0,5.0,12.0
34,12.0,5.0,6.0,12.0
35,8.0,2.0,6.0,9.0
36,7.0,7.0,5.0,10.0
37,5.0,8.0,2.0,8.0
38,2.0,5.0,1.0,7.0
39,1.0,3.0,3.0,7.0
40,0.0,1.0,5.0,5.0
41,0.0,1.0,4.0,7.0
42,0.0,0.0,4.0,7.0
43,0.0,3.0,6.0,9.0
44,1.0,6.0,7.0,9.0
45,5.0,7.0,8.0,11.0
46,5.0,8.0,10.0,14.0
47,5.0,7.0,10.0,14.0
48,5.0,9.0,11.0,16.0
49,5.0,10.0,13.0,18.0
50,7.0,12.0,14.0,19.0
51,7.0,13.0,17.0,19.0
52,8.0,14.0,18.0,23.0
53,11.0,16.0,19.0,24.0
54,13.0,16.0,19.0,25.0
55,9.0,12.0,14.0,23.0
56,7.0,11.0,10.0,21.0
57,9.0,13.0,11.0,19.0
58,9.0,14.0,11.0,16.0
59,6.0,11.0,9.0,16.0
60,4.0,11.0,5.0,17.0
61,1.0,8.0,4.0,16.0
62,6.0,4.0,2.0,11.0
63,5.0,2.0,2.0,9.0
64,3.0,5.0,1.0,8.0
65,2.0,5.0,1.0,6.0
66,1.0,4.0,2.0,3.0
67,1.0,4.0,3.0,2.0
68,3.0,5.0,4.0,5.0
69,4.0,6.0,4.0,5.0
70,5.0,7.0,6.0,6.0
71,6.0,7.0,6.0,7.0
72,7.0,10.0,9.0,10.0
73,9.0,10.0,10.0,13.0
74,9.0,12.0,11.0,14.0
75,12.0,13.0,13.0,15.0
76,12.0,17.0,13.0,15.0
77,14.0,21.0,14.0,16.0
78,14.0,22.0,15.0,16.0
79,13.0,18.0,11.0,12.0
80,13.0,16.0,11.0,12.0
81,12.0,19.0,11.0,13.0
82,11.0,21.0,10.0,12.0
83,10.0,23.0,11.0,12.0
84,8.0,23.0,10.0,12.0
85,7.0,21.0,9.0,12.0
86,4.0,17.0,7.0,12.0
87,6.0,13.0,5.0,10.0
88,9.0,11.0,6.0,10.0
89,5.0,9.0,6.0,11.0
90,3.0,7.0,6.0,9.0
91,6.0,8.0,7.0,9.0
92,8.0,9.0,10.0,9.0
93,8.0,13.0,10.0,11.0
94,9.0,16.0,13.0,11.0
95,10.0,17.0,13.0,14.0
96,10.0,18.0,13.0,14.0
97,11.0,18.0,14.0,15.0
98,12.0,19.0,17.0,17.0
99,12.0,19.0,20.0,19.0
100,12.0,20.0,21.0,20.0
101,14.0,21.0,21.0,23.0
102,18.0,22.0,24.0,23.0
103,14.0,18.0,19.0,17.0
104,9.0,16.0,19.0,15.0
105,9.0,14.0,15.0,15.0
106,9.0,14.0,12.0,14.0
107,10.0,14.0,10.0,17.0
108,10.0,12.0,7.0,15.0
109,11.0,11.0,6.0,13.0
110,11.0,11.0,7.0,10.0
111,11.0,9.0,5.0,5.0
112,6.0,9.0,5.0,7.0
113,4.0,9.0,4.0,8.0
114,4.0,9.0,2.0,6.0
115,8.0,10.0,2.0,7.0
116,10.0,13.0,5.0,8.0
117,11.0,14.0,9.0,9.0
118,13.0,17.0,12.0,10.0
119,14.0,21.0,13.0,11.0
120,16.0,22.0,17.0,12.0
121,17.0,22.0,19.0,14.0
122,17.0,27.0,21.0,14.0
123,20.0,27.0,22.0,14.0
124,23.0,28.0,24.0,15.0
125,26.0,29.0,24.0,16.0
126,27.0,30.0,24.0,16.0
127,22.0,26.0,19.0,14.0
128,18.0,23.0,17.0,10.0
129,17.0,24.0,17.0,8.0
130,17.0,21.0,17.0,7.0
131,14.0,19.0,18.0,8.0
132,12.0,17.0,16.0,8.0
133,10.0,15.0,13.0,8.0
134,6.0,14.0,8.0,5.0
135,5.0,12.0,5.0,4.0
136,7.0,10.0,5.0,4.0
137,6.0,6.0,5.0,5.0
138,4.0,7.0,3.0,4.0
139,5.0,10.0,4.0,8.0
140,6.0,11.0,4.0,8.0
141,8.0,12.0,6.0,10.0
142,8.0,12.0,9.0,11.0
143,9.0,12.0,12.0,11.0
144,12.0,17.0,13.0,11.0
145,14.0,20.0,15.0,13.0
146,16.0,22.0,15.0,15.0
147,17.0,24.0,16.0,16.0
148,19.0,26.0,19.0,17.0
149,20.0,26.0,19.0,17.0
150,21.0,27.0,20.0,17.0
151,18.0,23.0,16.0,13.0
152,15.0,21.0,18.0,13.0
153,14.0,23.0,17.0,10.0
154,12.0,22.0,15.0,10.0
155,13.0,18.0,13.0,11.0
156,13.0,16.0,14.0,10.0
157,11.0,15.0,15.0,10.0
158,8.0,12.0,14.0,10.0
159,4.0,9.0,12.0,8.0
160,4.0,7.0,9.0,7.0
161,3.0,7.0,5.0,4.0
162,3.0,4.0,3.0,3.0
163,4.0,5.0,3.0,4.0
164,6.0,6.0,3.0,7.0
165,6.0,7.0,4.0,10.0
166,6.0,7.0,6.0,11.0
167,8.0,7.0,7.0,11.0
168,10.0,8.0,8.0,11.0
169,11.0,9.0,9.0,12.0
170,11.0,9.0,9.0,12.0
171,12.0,11.0,11.0,14.0
172,14.0,14.0,12.0,16.0
173,16.0,15.0,13.0,16.0
174,16.0,17.0,15.0,18.0
175,14.0,11.0,10.0,18.0
176,13.0,10.0,8.0,16.0
177,11.0,12.0,10.0,17.0
178,10.0,12.0,10.0,16.0
179,10.0,11.0,7.0,15.0
180,9.0,6.0,7.0,11.0
181,8.0,3.0,10.0,10.0
182,9.0,5.0,9.0,10.0
183,6.0,6.0,6.0,6.0
184,5.0,6.0,6.0,3.0
185,3.0,3.0,4.0,4.0
186,3.0,2.0,8.0,4.0
187,4.0,2.0,8.0,7.0
188,6.0,4.0,9.0,8.0
189,6.0,9.0,10.0,11.0
190,9.0,9.0,10.0,14.0
191,10.0,8.0,12.0,15.0
192,10.0,8.0,13.0,16.0
193,11.0,8.0,14.0,16.0
194,12.0,9.0,14.0,18.0
195,13.0,10.0,16.0,19.0
196,13.0,11.0,16.0,21.0
197,15.0,12.0,17.0,22.0
198,16.0,14.0,18.0,22.0
199,11.0,13.0,11.0,19.0
200,10.0,11.0,7.0,18.0
201,12.0,11.0,7.0,17.0
202,12.0,8.0,8.0,16.0
203,10.0,7.0,7.0,15.0
204,6.0,11.0,3.0,14.0
205,4.0,11.0,3.0,12.0
206,4.0,8.0,3.0,12.0
207,3.0,5.0,7.0,11.0
208,3.0,4.0,8.0,6.0
209,2.0,1.0,6.0,3.0
210,1.0,3.0,3.0,2.0
211,1.0,4.0,5.0,3.0
212,1.0,4.0,5.0,4.0
213,3.0,4.0,6.0,4.0
214,3.0,5.0,9.0,7.0
215,3.0,5.0,11.0,7.0
216,5.0,6.0,14.0,8.0
217,5.0,7.0,15.0,8.0
218,6.0,8.0,14.0,10.0
219,8.0,9.0,15.0,11.0
220,12.0,10.0,15.0,12.0
221,14.0,10.0,17.0,15.0
222,15.0,12.0,19.0,23.0
223,13.0,8.0,17.0,19.0
224,13.0,5.0,16.0,18.0
225,13.0,6.0,16.0,19.0
226,11.0,8.0,13.0,19.0
227,11.0,10.0,12.0,17.0
228,8.0,10.0,9.0,19.0
229,8.0,8.0,7.0,16.0
230,7.0,4.0,5.0,13.0
231,5.0,4.0,3.0,10.0
232,4.0,2.0,4.0,10.0
233,5.0,3.0,3.0,7.0
234,6.0,4.0,1.0,5.0
235,10.0,4.0,2.0,7.0
236,10.0,5.0,4.0,8.0
237,10.0,6.0,6.0,8.0
238,11.0,7.0,9.0,8.0
239,13.0,8.0,9.0,8.0
240,16.0,11.0,9.0,8.0
241,18.0,12.0,12.0,8.0
242,18.0,13.0,13.0,8.0
243,20.0,14.0,14.0,9.0
244,21.0,15.0,14.0,10.0
245,22.0,18.0,14.0,10.0
246,23.0,18.0,15.0,11.0
247,18.0,13.0,13.0,9.0
248,14.0,9.0,10.0,8.0
249,13.0,6.0,8.0,9.0
250,11.0,8.0,9.0,9.0
251,10.0,8.0,7.0,8.0
252,9.0,7.0,10.0,8.0
253,9.0,4.0,8.0,6.0
254,9.0,3.0,5.0,4.0
255,11.0,2.0,5.0,4.0
256,7.0,1.0,5.0,4.0
257,4.0,0.0,3.0,5.0
258,4.0,3.0,3.0,3.0
259,8.0,3.0,3.0,5.0
260,9.0,2.0,4.0,6.0
261,9.0,2.0,7.0,7.0
262,9.0,2.0,8.0,7.0
263,11.0,3.0,9.0,7.0
264,13.0,6.0,10.0,9.0
265,14.0,6.0,11.0,10.0
266,14.0,9.0,15.0,11.0
267,15.0,11.0,15.0,11.0
268,17.0,11.0,17.0,11.0
269,18.0,14.0,20.0,12.0
270,18.0,16.0,20.0,14.0
271,14.0,13.0,17.0,10.0
272,10.0,11.0,16.0,7.0
273,8.0,12.0,15.0,6.0
274,6.0,13.0,13.0,4.0
275,7.0,16.0,13.0,2.0
276,9.0,14.0,10.0,1.0
277,5.0,12.0,10.0,3.0
278,7.0,10.0,8.0,4.0
279,6.0,9.0,8.0,4.0
280,3.0,9.0,7.0,5.0
281,2.0,8.0,5.0,5.0
282,1.0,7.0,7.0,4.0
283,1.0,8.0,11.0,9.0
284,2.0,10.0,11.0,10.0
285,3.0,11.0,15.0,11.0
286,5.0,11.0,17.0,12.0
287,5.0,12.0,18.0,12.0
288,5.0,12.0,18.0,13.0
289,5.0,13.0,19.0,14.0
290,8.0,15.0,21.0,16.0
291,8.0,18.0,22.0,17.0
292,10.0,20.0,23.0,18.0
293,12.0,22.0,23.0,20.0
294,14.0,24.0,24.0,23.0
295,13.0,19.0,20.0,19.0
296,12.0,19.0,16.0,17.0
297,12.0,18.0,15.0,14.0
298,10.0,17.0,15.0,14.0
299,10.0,14.0,13.0,13.0
300,11.0,14.0,13.0,15.0
301,11.0,13.0,9.0,14.0
302,8.0,11.0,5.0,13.0
303,10.0,10.0,2.0,14.0
304,7.0,12.0,2.0,12.0
305,3.0,10.0,6.0,11.0
306,1.0,7.0,9.0,8.0
307,3.0,8.0,11.0,8.0
308,3.0,8.0,11.0,10.0
309,5.0,8.0,14.0,12.0
310,7.0,9.0,16.0,14.0
311,8.0,9.0,17.0,14.0
312,10.0,9.0,17.0,15.0
313,11.0,11.0,20.0,16.0
314,11.0,13.0,20.0,18.0
315,14.0,15.0,20.0,19.0
316,15.0,17.0,22.0,20.0
317,16.0,18.0,23.0,21.0
318,18.0,20.0,24.0,22.0
319,13.0,17.0,21.0,18.0
320,11.0,16.0,15.0,15.0
321,12.0,16.0,16.0,15.0
322,13.0,16.0,14.0,12.0
323,11.0,16.0,11.0,13.0
324,12.0,15.0,11.0,12.0
325,11.0,13.0,11.0,10.0
326,9.0,11.0,10.0,10.0
327,8.0,12.0,8.0,11.0
328,4.0,10.0,8.0,9.0
329,1.0,7.0,8.0,7.0
330,3.0,9.0,7.0,9.0
331,3.0,10.0,7.0,9.0
332,4.0,10.0,8.0,9.0
333,6.0,11.0,11.0,10.0
334,7.0,11.0,13.0,12.0
335,9.0,12.0,13.0,12.0
336,9.0,14.0,13.0,12.0
337,10.0,15.0,14.0,13.0
338,12.0,15.0,14.0,16.0
339,14.0,15.0,15.0,19.0
340,15.0,19.0,18.0,23.0
341,16.0,20.0,20.0,24.0
342,17.0,21.0,20.0,25.0
343,16.0,17.0,17.0,20.0
344,14.0,16.0,14.0,18.0
345,13.0,15.0,12.0,18.0
346,12.0,14.0,13.0,18.0
347,10.0,14.0,14.0,17.0
348,15.0,13.0,15.0,15.0
349,13.0,10.0,14.0,16.0
350,10.0,8.0,11.0,13.0
351,6.0,6.0,10.0,13.0
352,3.0,3.0,7.0,11.0
353,1.0,3.0,4.0,7.0
354,2.0,6.0,3.0,7.0
355,4.0,6.0,5.0,7.0
356,6.0,8.0,5.0,12.0
357,8.0,8.0,5.0,13.0
358,11.0,11.0,7.0,15.0
359,13.0,11.0,8.0,15.0
360,13.0,13.0,10.0,15.0
361,13.0,15.0,12.0,17.0
362,13.0,17.0,14.0,19.0
363,14.0,18.0,15.0,20.0
364,14.0,18.0,17.0,20.0
365,15.0,19.0,17.0,24.0
366,18.0,21.0,19.0,25.0
367,12.0,18.0,15.0,22.0
368,10.0,14.0,14.0,20.0
369,8.0,13.0,14.0,17.0
370,8.0,13.0,12.0,15.0
371,8.0,13.0,9.0,16.0
372,9.0,10.0,9.0,13.0
373,6.0,8.0,9.0,13.0
374,5.0,10.0,6.0,11.0
375,5.0,7.0,5.0,12.0
376,4.0,2.0,3.0,11.0
377,3.0,0.0,4.0,12.0
378,1.0,3.0,2.0,12.0
379,2.0,5.0,4.0,14.0
380,4.0,7.0,4.0,16.0
381,5.0,9.0,5.0,16.0
382,10.0,9.0,6.0,17.0
383,11.0,9.0,8.0,17.0
384,12.0,11.0,10.0,18.0
385,15.0,12.0,14.0,19.0
386,16.0,12.0,14.0,19.0
387,19.0,13.0,15.0,20.0
388,20.0,13.0,15.0,22.0
389,23.0,15.0,15.0,22.0
390,24.0,17.0,17.0,26.0
391,20.0,16.0,14.0,21.0
392,18.0,16.0,13.0,17.0
393,16.0,17.0,12.0,17.0
394,19.0,13.0,12.0,16.0
395,17.0,17.0,13.0,16.0
396,14.0,18.0,9.0,14.0
397,13.0,15.0,8.0,13.0
398,11.0,14.0,6.0,11.0
399,8.0,14.0,4.0,10.0
400,7.0,12.0,5.0,11.0
401,4.0,7.0,3.0,8.0
402,1.0,4.0,3.0,8.0
403,2.0,5.0,5.0,8.0
404,5.0,7.0,6.0,8.0
405,6.0,7.0,6.0,9.0
406,7.0,9.0,8.0,9.0
407,9.0,10.0,9.0,11.0
408,11.0,12.0,12.0,12.0
409,13.0,13.0,13.0,12.0
410,14.0,15.0,14.0,12.0
411,14.0,15.0,15.0,15.0
412,14.0,16.0,17.0,16.0
413,17.0,17.0,18.0,16.0
414,19.0,17.0,19.0,18.0
415,14.0,13.0,19.0,13.0
416,15.0,11.0,17.0,10.0
417,15.0,11.0,18.0,10.0
418,15.0,13.0,21.0,10.0
419,11.0,11.0,21.0,11.0
420,12.0,10.0,18.0,10.0
421,11.0,8.0,13.0,6.0
422,8.0,6.0,9.0,6.0
423,4.0,6.0,11.0,4.0
424,1.0,6.0,6.0,3.0
425,2.0,7.0,6.0,4.0
426,4.0,5.0,4.0,2.0
427,5.0,5.0,6.0,4.0
428,8.0,5.0,6.0,7.0
429,10.0,5.0,9.0,9.0
430,10.0,5.0,11.0,11.0
431,15.0,5.0,12.0,10.0
432,16.0,7.0,14.0,12.0
433,16.0,8.0,14.0,13.0
434,18.0,9.0,14.0,15.0
435,21.0,11.0,14.0,16.0
436,23.0,13.0,17.0,19.0
437,25.0,13.0,17.0,19.0
438,26.0,15.0,19.0,21.0
439,21.0,11.0,14.0,17.0
440,17.0,12.0,12.0,16.0
441,16.0,11.0,14.0,13.0
442,14.0,9.0,14.0,13.0
443,16.0,10.0,12.0,14.0
444,12.0,9.0,8.0,15.0
445,10.0,5.0,5.0,13.0
446,8.0,4.0,5.0,9.0
447,6.0,4.0,5.0,5.0
448,5.0,4.0,3.0,4.0
449,4.0,5.0,3.0,4.0
450,4.0,5.0,3.0,4.0
451,4.0,9.0,4.0,6.0
452,5.0,10.0,8.0,7.0
453,5.0,10.0,12.0,9.0
454,6.0,11.0,13.0,11.0
455,6.0,11.0,13.0,14.0
456,6.0,12.0,16.0,14.0
457,6.0,12.0,18.0,15.0
458,6.0,15.0,18.0,15.0
459,10.0,15.0,20.0,15.0
460,10.0,16.0,23.0,19.0
461,12.0,16.0,23.0,19.0
462,13.0,17.0,25.0,19.0
463,8.0,11.0,21.0,15.0
464,9.0,8.0,20.0,13.0
465,10.0,7.0,19.0,10.0
466,11.0,5.0,17.0,10.0
467,10.0,5.0,15.0,8.0
468,9.0,6.0,14.0,7.0
469,10.0,3.0,15.0,7.0
470,10.0,3.0,14.0,8.0
471,8.0,3.0,12.0,6.0
472,4.0,4.0,11.0,5.0
473,3.0,5.0,8.0,6.0
474,2.0,5.0,6.0,6.0
475,3.0,6.0,6.0,6.0
476,3.0,6.0,7.0,6.0
477,3.0,11.0,8.0,6.0
478,4.0,13.0,9.0,7.0
479,5.0,13.0,12.0,8.0
480,6.0,12.0,13.0,10.0
481,6.0,13.0,17.0,10.0
482,8.0,13.0,20.0,12.0
483,9.0,15.0,20.0,12.0
484,10.0,15.0,22.0,12.0
485,11.0,16.0,23.0,12.0
486,12.0,16.0,23.0,14.0
487,7.0,11.0,19.0,11.0
488,5.0,12.0,17.0,10.0
489,6.0,10.0,19.0,8.0
490,3.0,11.0,19.0,6.0
491,1.0,8.0,16.0,6.0
492,2.0,8.0,13.0,8.0
493,5.0,7.0,13.0,10.0
494,5.0,5.0,11.0,9.0
495,7.0,4.0,9.0,8.0
496,8.0,2.0,8.0,7.0
497,8.0,1.0,7.0,4.0
498,6.0,0.0,12.0,2.0
499,6.0,3.0,13.0,3.0
500,7.0,3.0,13.0,4.0
501,8.0,3.0,13.0,4.0
502,9.0,3.0,14.0,9.0
503,10.0,4.0,15.0,11.0
504,12.0,4.0,15.0,12.0
505,12.0,6.0,15.0,16.0
506,17.0,7.0,17.0,17.0
507,18.0,7.0,17.0,17.0
508,17.0,9.0,19.0,19.0
509,18.0,10.0,20.0,23.0
510,20.0,12.0,22.0,23.0
511,15.0,10.0,15.0,20.0
512,12.0,10.0,13.0,19.0
513,12.0,11.0,15.0,19.0
514,11.0,9.0,14.0,17.0
515,10.0,8.0,12.0,15.0
516,9.0,8.0,8.0,15.0
517,10.0,8.0,7.0,14.0
518,6.0,4.0,5.0,11.0
519,4.0,2.0,5.0,9.0
520,2.0,5.0,5.0,7.0
521,4.0,5.0,5.0,5.0
522,5.0,3.0,6.0,5.0
523,7.0,3.0,7.0,5.0
524,8.0,4.0,10.0,8.0
525,9.0,4.0,11.0,8.0
526,10.0,5.0,12.0,8.0
527,11.0,5.0,16.0,9.0
528,12.0,6.0,17.0,9.0
529,14.0,6.0,16.0,9.0
530,16.0,7.0,17.0,10.0
531,18.0,8.0,17.0,10.0
532,22.0,12.0,18.0,10.0
533,22.0,13.0,18.0,11.0
534,22.0,13.0,18.0,12.0
535,17.0,7.0,13.0,12.0
536,13.0,5.0,10.0,9.0
537,14.0,3.0,8.0,6.0
538,12.0,2.0,7.0,8.0
539,12.0,1.0,8.0,7.0
540,9.0,3.0,7.0,4.0
541,10.0,4.0,7.0,3.0
542,9.0,4.0,5.0,4.0
543,6.0,3.0,5.0,5.0
544,4.0,2.0,5.0,5.0
545,4.0,3.0,3.0,5.0
546,5.0,4.0,3.0,5.0
547,5.0,5.0,5.0,5.0
548,6.0,6.0,5.0,8.0
549,7.0,6.0,6.0,9.0
550,8.0,6.0,8.0,7.0
551,11.0,8.0,8.0,7.0
552,11.0,11.0,8.0,7.0
553,15.0,13.0,10.0,9.0
554,14.0,15.0,10.0,10.0
555,15.0,20.0,10.0,11.0
556,16.0,22.0,10.0,11.0
557,20.0,23.0,12.0,13.0
558,22.0,24.0,12.0,15.0
559,17.0,18.0,11.0,9.0
560,13.0,14.0,8.0,7.0
561,17.0,13.0,7.0,7.0
562,17.0,12.0,8.0,7.0
563,15.0,14.0,9.0,5.0
564,13.0,14.0,7.0,5.0
565,12.0,10.0,4.0,6.0
566,8.0,6.0,2.0,4.0
567,8.0,3.0,2.0,2.0
568,7.0,3.0,2.0,2.0
569,4.0,2.0,1.0,1.0
570,4.0,2.0,1.0,1.0
571,6.0,3.0,5.0,1.0
572,6.0,4.0,5.0,2.0
573,8.0,5.0,5.0,2.0
574,9.0,6.0,5.0,5.0
575,13.0,9.0,5.0,6.0
576,14.0,10.0,7.0,6.0
577,14.0,11.0,9.0,6.0
578,15.0,14.0,10.0,6.0
579,16.0,14.0,11.0,9.0
580,17.0,16.0,13.0,9.0
581,17.0,18.0,13.0,11.0
582,18.0,18.0,14.0,12.0
583,16.0,14.0,11.0,8.0
584,12.0,16.0,9.0,5.0
585,9.0,16.0,11.0,5.0
586,11.0,15.0,11.0,7.0
587,11.0,15.0,9.0,7.0
588,9.0,12.0,7.0,5.0
589,6.0,14.0,5.0,5.0
590,3.0,11.0,3.0,3.0
591,3.0,8.0,4.0,2.0
592,1.0,9.0,4.0,2.0
593,2.0,9.0,4.0,4.0
594,4.0,7.0,3.0,4.0
595,5.0,8.0,7.0,5.0
596,8.0,8.0,11.0,5.0
597,10.0,9.0,11.0,5.0
598,11.0,10.0,12.0,6.0
599,14.0,10.0,16.0,8.0
600,14.0,13.0,17.0,10.0
601,16.0,14.0,18.0,10.0
602,17.0,15.0,19.0,10.0
603,20.0,16.0,22.0,12.0
604,22.0,17.0,24.0,14.0
605,23.0,19.0,26.0,15.0
606,25.0,20.0,29.0,16.0
607,19.0,17.0,25.0,14.0
608,17.0,16.0,23.0,13.0
609,15.0,14.0,24.0,11.0
610,15.0,12.0,24.0,9.0
611,13.0,14.0,20.0,9.0
612,12.0,13.0,16.0,10.0
613,10.0,14.0,12.0,6.0
614,9.0,12.0,12.0,4.0
615,8.0,10.0,16.0,3.0
616,7.0,9.0,18.0,4.0
617,6.0,8.0,16.0,4.0
618,4.0,7.0,11.0,1.0
619,6.0,8.0,11.0,3.0
620,6.0,10.0,11.0,3.0
621,10.0,10.0,13.0,6.0
622,11.0,11.0,14.0,5.0
623,11.0,14.0,16.0,7.0
624,13.0,15.0,16.0,8.0
625,15.0,15.0,16.0,8.0
626,15.0,17.0,16.0,12.0
627,17.0,18.0,16.0,12.0
628,19.0,21.0,19.0,14.0
629,21.0,23.0,20.0,14.0
630,23.0,25.0,21.0,14.0
631,19.0,21.0,16.0,10.0
632,17.0,20.0,13.0,8.0
633,15.0,19.0,10.0,8.0
634,14.0,19.0,10.0,8.0
635,15.0,20.0,7.0,6.0
636,14.0,21.0,9.0,9.0
637,13.0,19.0,8.0,6.0
638,13.0,16.0,8.0,3.0
639,12.0,14.0,9.0,2.0
640,6.0,12.0,8.0,2.0
641,3.0,11.0,7.0,1.0
642,3.0,12.0,6.0,2.0
643,3.0,13.0,8.0,2.0
644,4.0,15.0,9.0,3.0
645,5.0,17.0,10.0,6.0
646,5.0,18.0,11.0,11.0
647,6.0,19.0,12.0,13.0
648,7.0,19.0,12.0,15.0
649,8.0,20.0,13.0,16.0
650,9.0,20.0,14.0,18.0
651,11.0,22.0,14.0,19.0
652,12.0,23.0,15.0,20.0
653,13.0,23.0,16.0,21.0
654,13.0,24.0,19.0,22.0
655,10.0,19.0,14.0,17.0
656,7.0,17.0,11.0,16.0
657,7.0,17.0,9.0,17.0
658,6.0,17.0,8.0,14.0
659,8.0,14.0,7.0,13.0
660,7.0,13.0,6.0,16.0
661,5.0,8.0,3.0,13.0
662,2.0,7.0,4.0,12.0
663,2.0,6.0,7.0,9.0
664,2.0,7.0,6.0,10.0
665,1.0,5.0,5.0,10.0
666,5.0,6.0,3.0,8.0
667,6.0,6.0,3.0,9.0
668,7.0,6.0,3.0,11.0
669,8.0,7.0,5.0,12.0
670,9.0,9.0,5.0,14.0
671,10.0,12.0,5.0,15.0
672,10.0,14.0,7.0,15.0
673,10.0,15.0,9.0,16.0
674,12.0,15.0,11.0,16.0
675,13.0,16.0,13.0,17.0
676,15.0,17.0,14.0,17.0
677,17.0,18.0,15.0,18.0
678,17.0,20.0,17.0,21.0
679,14.0,16.0,14.0,15.0
680,11.0,13.0,13.0,13.0
681,9.0,12.0,13.0,14.0
682,8.0,12.0,14.0,13.0
683,8.0,11.0,11.0,15.0
684,8.0,8.0,8.0,16.0
685,9.0,6.0,7.0,11.0
686,8.0,4.0,5.0,8.0
687,6.0,4.0,6.0,10.0
688,5.0,2.0,7.0,8.0
689,5.0,2.0,6.0,7.0
690,4.0,5.0,5.0,7.0
691,5.0,8.0,7.0,9.0
692,5.0,9.0,7.0,11.0
693,5.0,9.0,7.0,11.0
694,7.0,10.0,8.0,12.0
695,8.0,11.0,8.0,12.0
696,8.0,11.0,9.0,12.0
697,10.0,14.0,11.0,15.0
698,10.0,15.0,12.0,17.0
699,12.0,17.0,12.0,20.0
700,16.0,19.0,14.0,21.0
701,18.0,19.0,15.0,23.0
702,20.0,19.0,17.0,25.0
703,19.0,13.0,15.0,19.0
704,18.0,14.0,12.0,16.0
705,20.0,16.0,9.0,13.0
706,18.0,15.0,8.0,15.0
707,15.0,12.0,5.0,15.0
708,12.0,10.0,1.0,15.0
709,10.0,9.0,0.0,15.0
710,7.0,9.0,1.0,12.0
711,3.0,10.0,2.0,10.0
712,3.0,10.0,7.0,10.0
713,6.0,10.0,7.0,11.0
714,5.0,7.0,5.0,10.0
715,7.0,7.0,6.0,11.0
716,9.0,9.0,6.0,13.0
717,9.0,9.0,8.0,15.0
718,8.0,10.0,12.0,15.0
719,9.0,12.0,15.0,17.0
720,14.0,12.0,16.0,19.0
721,14.0,12.0,18.0,19.0
722,15.0,12.0,18.0,22.0
723,15.0,13.0,20.0,24.0
724,16.0,14.0,23.0,27.0
725,17.0,16.0,26.0,28.0
726,18.0,16.0,27.0,30.0
727,14.0,13.0,24.0,24.0
728,13.0,13.0,21.0,23.0
729,12.0,13.0,19.0,22.0
730,11.0,12.0,15.0,21.0
731,11.0,12.0,13.0,19.0
732,11.0,9.0,13.0,16.0
733,9.0,8.0,14.0,17.0
734,7.0,8.0,12.0,13.0
735,7.0,7.0,7.0,14.0
736,6.0,6.0,6.0,17.0
737,5.0,1.0,6.0,17.0
738,4.0,1.0,6.0,13.0
739,4.0,2.0,7.0,15.0
740,4.0,4.0,7.0,17.0
741,5.0,4.0,7.0,17.0
742,6.0,7.0,7.0,17.0
743,7.0,8.0,10.0,19.0
744,8.0,10.0,10.0,19.0
745,8.0,10.0,10.0,21.0
746,8.0,11.0,11.0,22.0
747,9.0,11.0,13.0,23.0
748,10.0,11.0,14.0,23.0
749,10.0,13.0,15.0,23.0
750,11.0,14.0,17.0,23.0
751,8.0,11.0,12.0,17.0
752,5.0,10.0,11.0,15.0
753,3.0,9.0,15.0,11.0
754,3.0,8.0,13.0,10.0
755,3.0,7.0,9.0,9.0
756,3.0,6.0,9.0,10.0
757,4.0,8.0,7.0,9.0
758,3.0,7.0,5.0,8.0
759,4.0,7.0,5.0,7.0
760,3.0,5.0,5.0,6.0
761,2.0,5.0,4.0,5.0
762,4.0,4.0,4.0,4.0
763,7.0,4.0,4.0,5.0
764,7.0,4.0,7.0,7.0
765,8.0,5.0,8.0,9.0
766,10.0,8.0,8.0,10.0
767,11.0,11.0,10.0,12.0
768,12.0,14.0,10.0,16.0
769,13.0,14.0,13.0,17.0
770,14.0,14.0,14.0,18.0
771,17.0,16.0,17.0,21.0
772,17.0,16.0,17.0,22.0
773,18.0,16.0,17.0,23.0
774,22.0,19.0,17.0,23.0
775,18.0,17.0,14.0,19.0
776,15.0,17.0,13.0,18.0
777,14.0,16.0,16.0,16.0
778,10.0,18.0,13.0,17.0
779,8.0,15.0,9.0,17.0
780,7.0,12.0,6.0,14.0
781,6.0,10.0,6.0,11.0
782,9.0,8.0,6.0,9.0
783,11.0,9.0,4.0,7.0
784,7.0,5.0,4.0,6.0
785,6.0,4.0,6.0,7.0
786,6.0,4.0,4.0,4.0
787,8.0,5.0,7.0,5.0
788,11.0,8.0,8.0,8.0
789,11.0,10.0,8.0,11.0
790,12.0,10.0,8.0,13.0
791,13.0,13.0,8.0,15.0
792,14.0,14.0,9.0,18.0
793,15.0,16.0,9.0,21.0
794,18.0,17.0,11.0,21.0
795,18.0,17.0,12.0,22.0
796,19.0,19.0,12.0,24.0
797,19.0,22.0,13.0,24.0
798,19.0,23.0,14.0,27.0
799,12.0,16.0,9.0,24.0
800,11.0,14.0,8.0,21.0
801,12.0,14.0,8.0,21.0
802,11.0,13.0,11.0,21.0
803,10.0,11.0,12.0,18.0
804,9.0,12.0,8.0,15.0
805,8.0,12.0,5.0,13.0
806,8.0,10.0,4.0,9.0
807,9.0,9.0,5.0,8.0
808,7.0,9.0,4.0,9.0
809,7.0,6.0,7.0,7.0
810,7.0,3.0,6.0,5.0
811,10.0,3.0,7.0,7.0
812,11.0,5.0,8.0,7.0
813,12.0,6.0,9.0,8.0
814,14.0,7.0,13.0,11.0
815,14.0,8.0,16.0,12.0
816,14.0,7.0,17.0,13.0
817,14.0,7.0,19.0,13.0
818,16.0,9.0,21.0,13.0
819,16.0,9.0,21.0,14.0
820,16.0,10.0,21.0,16.0
821,17.0,10.0,22.0,18.0
822,17.0,10.0,25.0,20.0
823,13.0,9.0,20.0,15.0
824,9.0,8.0,18.0,13.0
825,9.0,6.0,16.0,14.0
826,6.0,7.0,17.0,14.0
827,6.0,6.0,18.0,11.0
828,7.0,6.0,16.0,10.0
829,4.0,6.0,14.0,9.0
830,4.0,4.0,13.0,8.0
831,3.0,4.0,12.0,8.0
832,4.0,3.0,8.0,6.0
833,1.0,2.0,5.0,4.0
834,3.0,2.0,6.0,3.0
835,4.0,3.0,9.0,3.0
836,5.0,6.0,12.0,4.0
837,5.0,8.0,13.0,5.0
838,5.0,10.0,15.0,8.0
839,5.0,10.0,17.0,9.0
840,7.0,10.0,18.0,9.0
841,7.0,12.0,17.0,9.0
842,8.0,15.0,20.0,9.0
843,9.0,15.0,20.0,14.0
844,9.0,16.0,20.0,15.0
845,9.0,17.0,22.0,16.0
846,12.0,18.0,24.0,18.0
847,9.0,16.0,25.0,14.0
848,7.0,14.0,23.0,12.0
849,7.0,11.0,22.0,13.0
850,6.0,11.0,21.0,11.0
851,9.0,11.0,19.0,12.0
852,10.0,10.0,19.0,13.0
853,8.0,8.0,21.0,13.0
854,6.0,6.0,20.0,14.0
855,3.0,4.0,14.0,11.0
856,3.0,5.0,10.0,9.0
857,5.0,4.0,9.0,10.0
858,4.0,7.0,12.0,8.0
859,5.0,9.0,13.0,9.0
860,6.0,9.0,13.0,12.0
861,9.0,12.0,16.0,15.0
862,9.0,13.0,19.0,15.0
863,9.0,15.0,20.0,16.0
864,10.0,16.0,22.0,17.0
865,12.0,18.0,22.0,18.0
866,16.0,18.0,23.0,20.0
867,18.0,19.0,24.0,21.0
868,19.0,20.0,24.0,22.0
869,20.0,20.0,25.0,23.0
870,23.0,21.0,26.0,23.0
871,20.0,15.0,22.0,17.0
872,18.0,14.0,19.0,12.0
873,16.0,13.0,18.0,10.0
874,15.0,12.0,17.0,9.0
875,12.0,8.0,16.0,11.0
876,11.0,5.0,16.0,9.0
877,8.0,4.0,13.0,9.0
878,8.0,4.0,11.0,8.0
879,6.0,3.0,9.0,7.0
880,4.0,4.0,10.0,9.0
881,3.0,3.0,8.0,10.0
882,1.0,2.0,6.0,4.0
883,5.0,4.0,6.0,5.0
884,5.0,4.0,8.0,6.0
885,6.0,4.0,8.0,8.0
886,6.0,6.0,10.0,11.0
887,7.0,6.0,11.0,11.0
888,7.0,8.0,11.0,14.0
889,8.0,9.0,15.0,17.0
890,8.0,10.0,15.0,19.0
891,10.0,11.0,18.0,19.0
892,10.0,12.0,20.0,21.0
893,15.0,14.0,21.0,21.0
894,18.0,14.0,21.0,21.0
895,14.0,10.0,17.0,20.0
896,12.0,9.0,14.0,18.0
897,14.0,9.0,14.0,16.0
898,15.0,11.0,13.0,14.0
899,13.0,10.0,13.0,13.0
900,12.0,9.0,14.0,10.0
901,10.0,6.0,15.0,7.0
902,11.0,5.0,11.0,3.0
903,8.0,3.0,11.0,4.0
904,5.0,3.0,8.0,2.0
905,3.0,2.0,6.0,3.0
906,3.0,3.0,4.0,4.0
907,4.0,4.0,4.0,5.0
908,5.0,5.0,6.0,6.0
909,5.0,5.0,7.0,8.0
910,7.0,8.0,7.0,8.0
911,8.0,9.0,9.0,7.0
912,8.0,10.0,11.0,8.0
913,8.0,11.0,12.0,10.0
914,9.0,13.0,13.0,12.0
915,10.0,13.0,14.0,12.0
916,10.0,14.0,15.0,12.0
917,11.0,15.0,16.0,13.0
918,11.0,17.0,18.0,13.0
919,8.0,12.0,15.0,9.0
920,6.0,11.0,15.0,6.0
921,5.0,10.0,15.0,6.0
922,3.0,9.0,14.0,7.0
923,6.0,9.0,14.0,10.0
924,5.0,6.0,11.0,8.0
925,4.0,5.0,7.0,10.0
926,3.0,5.0,5.0,8.0
927,2.0,3.0,4.0,6.0
928,2.0,1.0,5.0,3.0
929,2.0,0.0,5.0,0.0
930,3.0,3.0,2.0,5.0
931,4.0,3.0,2.0,5.0
932,5.0,4.0,2.0,6.0
933,6.0,5.0,4.0,7.0
934,9.0,5.0,6.0,7.0
935,9.0,5.0,6.0,9.0
936,11.0,6.0,8.0,11.0
937,11.0,6.0,10.0,12.0
938,13.0,6.0,10.0,13.0
939,16.0,6.0,11.0,13.0
940,18.0,7.0,12.0,13.0
941,19.0,8.0,15.0,14.0
942,20.0,12.0,17.0,14.0
943,15.0,9.0,15.0,11.0
944,14.0,10.0,13.0,10.0
945,14.0,10.0,12.0,6.0
946,11.0,7.0,10.0,5.0
947,9.0,6.0,10.0,3.0
948,7.0,7.0,9.0,5.0
949,8.0,6.0,7.0,6.0
950,8.0,4.0,4.0,9.0
951,9.0,2.0,5.0,7.0
952,7.0,2.0,7.0,4.0
953,4.0,1.0,9.0,2.0
954,4.0,1.0,7.0,2.0
955,7.0,2.0,9.0,3.0
956,7.0,3.0,9.0,5.0
957,10.0,6.0,12.0,7.0
958,13.0,9.0,15.0,8.0
959,14.0,8.0,14.0,9.0
960,14.0,8.0,15.0,11.0
961,14.0,9.0,16.0,15.0
962,18.0,11.0,18.0,16.0
963,20.0,11.0,22.0,17.0
964,21.0,12.0,23.0,17.0
965,22.0,13.0,23.0,19.0
966,22.0,15.0,25.0,19.0
967,18.0,15.0,18.0,18.0
968,15.0,13.0,13.0,14.0
969,15.0,11.0,11.0,11.0
970,13.0,9.0,11.0,10.0
971,13.0,10.0,12.0,14.0
972,14.0,7.0,12.0,13.0
973,12.0,10.0,12.0,10.0
974,8.0,9.0,9.0,7.0
975,6.0,8.0,9.0,9.0
976,5.0,9.0,6.0,8.0
977,3.0,7.0,6.0,5.0
978,2.0,5.0,5.0,5.0
979,6.0,7.0,6.0,6.0
980,6.0,9.0,6.0,7.0
981,7.0,11.0,7.0,8.0
982,11.0,12.0,8.0,11.0
983,11.0,13.0,9.0,12.0
984,12.0,14.0,9.0,13.0
985,14.0,16.0,12.0,14.0
986,15.0,18.0,15.0,14.0
987,15.0,18.0,16.0,16.0
988,15.0,21.0,21.0,18.0
989,17.0,23.0,26.0,19.0
990,20.0,25.0,29.0,19.0
991,17.0,20.0,28.0,15.0
992,15.0,16.0,25.0,13.0
993,13.0,14.0,21.0,10.0
994,13.0,12.0,19.0,8.0
995,11.0,11.0,19.0,7.0
996,8.0,12.0,20.0,7.0
997,6.0,10.0,19.0,8.0
998,7.0,9.0,19.0,10.0
999,8.0,7.0,18.0,9.0
1000,8.0,4.0,16.0,8.0
1001,7.0,2.0,14.0,6.0
1002,5.0,4.0,12.0,8.0
1003,5.0,4.0,13.0,8.0
1004,6.0,7.0,15.0,8.0
1005,7.0,7.0,16.0,14.0
1006,7.0,9.0,17.0,14.0
1007,8.0,12.0,23.0,14.0
1008,8.0,16.0,24.0,14.0
1009,8.0,18.0,24.0,17.0
1010,8.0,19.0,25.0,18.0
1011,9.0,20.0,25.0,18.0
1012,11.0,21.0,27.0,20.0
1013,11.0,22.0,27.0,22.0
1014,13.0,23.0,29.0,22.0
1015,7.0,19.0,23.0,19.0
1016,6.0,15.0,20.0,14.0
1017,6.0,14.0,19.0,11.0
1018,5.0,17.0,19.0,9.0
1019,6.0,18.0,18.0,7.0
1020,7.0,17.0,18.0,8.0
1021,6.0,15.0,15.0,7.0
1022,3.0,12.0,13.0,7.0
1023,3.0,9.0,11.0,5.0
1024,5.0,9.0,9.0,3.0
1025,4.0,8.0,7.0,3.0
1026,1.0,8.0,4.0,3.0
1027,2.0,9.0,4.0,4.0
1028,3.0,12.0,6.0,6.0
1029,3.0,14.0,8.0,6.0
1030,4.0,15.0,9.0,5.0
1031,4.0,17.0,9.0,6.0
1032,5.0,23.0,10.0,9.0
1033,8.0,25.0,10.0,9.0
1034,9.0,27.0,10.0,10.0
1035,10.0,29.0,11.0,11.0
1036,10.0,29.0,11.0,11.0
1037,12.0,31.0,13.0,12.0
1038,12.0,32.0,14.0,13.0
1039,6.0,28.0,11.0,13.0
1040,4.0,27.0,11.0,11.0
1041,4.0,25.0,11.0,10.0
1042,2.0,23.0,11.0,9.0
1043,3.0,22.0,13.0,8.0
1044,4.0,20.0,16.0,6.0
1045,4.0,14.0,15.0,4.0
1046,2.0,13.0,13.0,5.0
1047,2.0,12.0,11.0,2.0
1048,2.0,11.0,9.0,6.0
1049,4.0,6.0,9.0,6.0
1050,3.0,3.0,9.0,6.0
1051,5.0,4.0,10.0,7.0
1052,8.0,4.0,11.0,9.0
1053,13.0,4.0,11.0,9.0
1054,14.0,4.0,13.0,11.0
1055,16.0,6.0,19.0,13.0
1056,19.0,8.0,21.0,14.0
1057,19.0,8.0,21.0,14.0
1058,20.0,8.0,22.0,15.0
1059,22.0,10.0,22.0,15.0
1060,28.0,12.0,22.0,17.0
1061,29.0,12.0,22.0,21.0
1062,30.0,12.0,25.0,21.0
1063,24.0,9.0,20.0,19.0
1064,22.0,6.0,16.0,17.0
1065,19.0,5.0,16.0,15.0
1066,19.0,5.0,15.0,12.0
1067,18.0,5.0,13.0,10.0
1068,16.0,7.0,11.0,9.0
1069,15.0,7.0,12.0,9.0
1070,12.0,6.0,10.0,6.0
1071,8.0,4.0,9.0,3.0
1072,6.0,4.0,8.0,4.0
1073,7.0,3.0,6.0,6.0
1074,9.0,2.0,7.0,5.0
1075,11.0,2.0,9.0,6.0
1076,11.0,2.0,11.0,7.0
1077,12.0,3.0,11.0,9.0
1078,12.0,5.0,12.0,9.0
1079,12.0,6.0,12.0,11.0
1080,17.0,6.0,15.0,12.0
1081,18.0,6.0,16.0,15.0
1082,20.0,8.0,17.0,19.0
1083,20.0,9.0,17.0,20.0
1084,20.0,10.0,19.0,21.0
1085,22.0,11.0,22.0,22.0
1086,23.0,14.0,23.0,22.0
1087,18.0,11.0,19.0,19.0
1088,16.0,12.0,16.0,22.0
1089,16.0,12.0,17.0,21.0
1090,15.0,10.0,14.0,18.0
1091,13.0,6.0,12.0,17.0
1092,11.0,5.0,8.0,14.0
1093,7.0,8.0,8.0,12.0
1094,4.0,6.0,8.0,14.0
1095,8.0,4.0,8.0,12.0
1096,7.0,4.0,7.0,10.0
1097,6.0,4.0,6.0,8.0
1098,4.0,4.0,5.0,7.0
1099,5.0,4.0,5.0,8.0
1100,5.0,7.0,8.0,10.0
1101,9.0,9.0,10.0,15.0
1102,10.0,9.0,13.0,15.0
1103,10.0,11.0,14.0,15.0
1104,12.0,13.0,16.0,15.0
1105,13.0,13.0,15.0,16.0
1106,16.0,14.0,15.0,17.0
1107,16.0,18.0,15.0,19.0
1108,16.0,18.0,18.0,21.0
1109,18.0,18.0,22.0,24.0
1110,18.0,18.0,24.0,25.0
1111,13.0,15.0,23.0,21.0
1112,11.0,13.0,19.0,18.0
1113,8.0,11.0,15.0,15.0
1114,6.0,10.0,11.0,14.0
1115,6.0,8.0,10.0,16.0
1116,4.0,7.0,10.0,13.0
1117,4.0,5.0,9.0,11.0
1118,3.0,2.0,9.0,10.0
1119,4.0,2.0,7.0,10.0
1120,3.0,2.0,6.0,8.0
1121,2.0,4.0,7.0,7.0
1122,3.0,5.0,6.0,6.0
1123,4.0,7.0,6.0,7.0
1124,4.0,9.0,7.0,8.0
1125,5.0,11.0,9.0,8.0
1126,5.0,11.0,10.0,8.0
1127,6.0,11.0,12.0,10.0
1128,7.0,12.0,14.0,11.0
1129,9.0,13.0,15.0,12.0
1130,9.0,13.0,17.0,14.0
1131,11.0,16.0,18.0,14.0
1132,12.0,17.0,18.0,14.0
1133,13.0,17.0,21.0,14.0
1134,13.0,18.0,23.0,14.0
1135,12.0,12.0,21.0,11.0
1136,11.0,8.0,19.0,12.0
1137,10.0,6.0,18.0,11.0
1138,11.0,7.0,16.0,9.0
1139,9.0,7.0,14.0,6.0
1140,6.0,4.0,12.0,8.0
1141,2.0,2.0,12.0,7.0
1142,3.0,4.0,14.0,2.0
1143,5.0,6.0,14.0,3.0
1144,8.0,4.0,13.0,5.0
1145,6.0,3.0,11.0,8.0
1146,5.0,5.0,8.0,5.0
1147,7.0,6.0,9.0,5.0
1148,9.0,7.0,10.0,5.0
1149,13.0,8.0,11.0,7.0
1150,13.0,9.0,11.0,9.0
1151,13.0,9.0,13.0,10.0
1152,17.0,9.0,14.0,10.0
1153,21.0,11.0,16.0,10.0
1154,24.0,11.0,16.0,11.0
1155,24.0,13.0,18.0,13.0
1156,24.0,13.0,19.0,15.0
1157,27.0,16.0,19.0,16.0
1158,27.0,16.0,21.0,19.0
1159,22.0,11.0,18.0,15.0
1160,17.0,8.0,16.0,11.0
1161,16.0,8.0,11.0,12.0
1162,15.0,8.0,10.0,16.0
1163,13.0,10.0,10.0,19.0
1164,10.0,8.0,13.0,14.0
1165,8.0,6.0,12.0,11.0
1166,6.0,4.0,9.0,12.0
1167,4.0,5.0,7.0,10.0
1168,4.0,4.0,6.0,8.0
1169,2.0,3.0,6.0,4.0
1170,2.0,3.0,4.0,6.0
1171,5.0,3.0,6.0,7.0
1172,6.0,5.0,7.0,11.0
1173,7.0,7.0,7.0,13.0
1174,7.0,7.0,11.0,14.0
1175,9.0,6.0,11.0,15.0
1176,12.0,6.0,12.0,17.0
1177,12.0,7.0,14.0,18.0
1178,14.0,7.0,16.0,18.0
1179,14.0,7.0,19.0,19.0
1180,15.0,9.0,20.0,20.0
1181,16.0,9.0,22.0,21.0
1182,18.0,9.0,22.0,24.0
1183,14.0,3.0,16.0,21.0
1184,11.0,5.0,13.0,19.0
1185,11.0,6.0,12.0,18.0
1186,12.0,4.0,11.0,20.0
1187,10.0,5.0,11.0,19.0
1188,10.0,5.0,10.0,19.0
1189,10.0,3.0,9.0,17.0
1190,10.0,4.0,8.0,18.0
1191,8.0,3.0,6.0,16.0
1192,5.0,6.0,5.0,12.0
1193,3.0,5.0,4.0,9.0
1194,3.0,5.0,4.0,6.0
1195,5.0,5.0,5.0,8.0
1196,6.0,7.0,5.0,10.0
1197,7.0,7.0,9.0,10.0
1198,8.0,8.0,10.0,11.0
1199,8.0,8.0,12.0,14.0
1200,8.0,8.0,12.0,16.0
1201,8.0,8.0,12.0,17.0
1202,9.0,8.0,15.0,18.0
1203,11.0,10.0,17.0,20.0
1204,11.0,12.0,18.0,21.0
1205,12.0,13.0,18.0,27.0
1206,14.0,16.0,20.0,29.0
1207,12.0,15.0,16.0,23.0
1208,10.0,13.0,13.0,22.0
1209,9.0,10.0,13.0,22.0
1210,9.0,6.0,11.0,22.0
1211,6.0,3.0,12.0,23.0
1212,5.0,3.0,10.0,22.0
1213,7.0,2.0,8.0,20.0
1214,8.0,3.0,5.0,18.0
1215,6.0,3.0,5.0,16.0
1216,3.0,2.0,3.0,12.0
1217,3.0,3.0,3.0,8.0
1218,4.0,2.0,2.0,6.0
1219,5.0,3.0,2.0,9.0
1220,6.0,4.0,2.0,9.0
1221,10.0,7.0,4.0,9.0
1222,11.0,9.0,4.0,9.0
1223,11.0,10.0,4.0,13.0
1224,12.0,11.0,4.0,14.0
1225,14.0,12.0,5.0,15.0
1226,14.0,12.0,5.0,16.0
1227,14.0,14.0,5.0,17.0
1228,15.0,16.0,5.0,19.0
1229,17.0,20.0,5.0,19.0
1230,18.0,22.0,5.0,22.0
1231,14.0,19.0,1.0,18.0
1232,11.0,16.0,2.0,15.0
1233,8.0,16.0,3.0,15.0
1234,7.0,20.0,1.0,14.0
1235,7.0,16.0,6.0,12.0
1236,12.0,12.0,6.0,12.0
1237,10.0,8.0,6.0,12.0
1238,6.0,5.0,2.0,10.0
1239,3.0,4.0,2.0,10.0
1240,4.0,2.0,6.0,8.0
1241,5.0,3.0,7.0,8.0
1242,2.0,5.0,5.0,5.0
1243,7.0,6.0,7.0,5.0
1244,10.0,6.0,8.0,4.0
1245,12.0,7.0,8.0,5.0
1246,13.0,8.0,11.0,7.0
1247,13.0,9.0,11.0,11.0
1248,15.0,10.0,12.0,12.0
1249,16.0,12.0,13.0,12.0
1250,17.0,13.0,14.0,12.0
1251,17.0,13.0,16.0,12.0
1252,18.0,15.0,16.0,16.0
1253,19.0,15.0,17.0,19.0
1254,20.0,17.0,20.0,21.0
1255,15.0,12.0,15.0,16.0
1256,10.0,14.0,13.0,14.0
1257,9.0,14.0,12.0,14.0
1258,11.0,14.0,12.0,12.0
1259,12.0,13.0,10.0,13.0
1260,11.0,12.0,8.0,14.0
1261,8.0,9.0,6.0,13.0
1262,8.0,7.0,6.0,10.0
1263,6.0,6.0,5.0,8.0
1264,4.0,2.0,7.0,5.0
1265,6.0,2.0,7.0,3.0
1266,5.0,3.0,5.0,2.0
1267,5.0,4.0,5.0,3.0
1268,5.0,8.0,6.0,3.0
1269,6.0,9.0,8.0,4.0
1270,7.0,12.0,9.0,6.0
1271,7.0,14.0,11.0,8.0
1272,7.0,14.0,12.0,9.0
1273,8.0,15.0,14.0,10.0
1274,9.0,15.0,16.0,13.0
1275,11.0,16.0,16.0,18.0
1276,12.0,19.0,18.0,18.0
1277,16.0,19.0,19.0,24.0
1278,17.0,20.0,24.0,27.0
1279,15.0,17.0,20.0,23.0
1280,14.0,16.0,17.0,23.0
1281,14.0,15.0,15.0,22.0
1282,14.0,12.0,16.0,23.0
1283,15.0,11.0,16.0,24.0
1284,11.0,10.0,15.0,22.0
1285,7.0,11.0,13.0,19.0
1286,5.0,6.0,14.0,16.0
1287,2.0,5.0,13.0,14.0
1288,3.0,4.0,11.0,13.0
1289,2.0,5.0,11.0,12.0
1290,2.0,3.0,12.0,9.0
1291,2.0,3.0,12.0,10.0
1292,4.0,4.0,14.0,10.0
1293,4.0,5.0,14.0,12.0
1294,5.0,6.0,17.0,14.0
1295,7.0,9.0,18.0,15.0
1296,8.0,13.0,20.0,15.0
1297,9.0,14.0,21.0,16.0
1298,10.0,17.0,22.0,16.0
1299,11.0,19.0,22.0,17.0
1300,12.0,19.0,23.0,17.0
1301,12.0,21.0,25.0,17.0
1302,13.0,23.0,26.0,21.0
1303,10.0,17.0,20.0,16.0
1304,9.0,15.0,17.0,17.0
1305,12.0,14.0,16.0,18.0
1306,10.0,15.0,15.0,17.0
1307,11.0,15.0,12.0,17.0
1308,8.0,12.0,10.0,16.0
1309,8.0,14.0,9.0,11.0
1310,7.0,12.0,7.0,10.0
1311,5.0,10.0,4.0,8.0
1312,3.0,8.0,4.0,6.0
1313,1.0,3.0,5.0,7.0
1314,1.0,1.0,4.0,4.0
1315,4.0,2.0,5.0,4.0
1316,6.0,5.0,5.0,6.0
1317,6.0,5.0,6.0,8.0
1318,7.0,8.0,7.0,9.0
1319,8.0,8.0,7.0,10.0
1320,10.0,8.0,7.0,12.0
1321,12.0,8.0,9.0,12.0
1322,13.0,9.0,11.0,16.0
1323,16.0,11.0,11.0,19.0
1324,23.0,12.0,11.0,20.0
1325,23.0,16.0,13.0,22.0
1326,25.0,16.0,15.0,23.0
1327,23.0,13.0,10.0,17.0
1328,21.0,13.0,7.0,16.0
1329,23.0,15.0,7.0,16.0
1330,22.0,13.0,9.0,18.0
1331,21.0,14.0,12.0,15.0
1332,20.0,10.0,11.0,14.0
1333,17.0,11.0,7.0,17.0
1334,17.0,13.0,5.0,17.0
1335,15.0,12.0,4.0,15.0
1336,10.0,10.0,5.0,12.0
1337,6.0,7.0,4.0,9.0
1338,3.0,5.0,2.0,6.0
1339,7.0,5.0,2.0,6.0
1340,9.0,7.0,3.0,6.0
1341,12.0,9.0,6.0,6.0
1342,15.0,10.0,5.0,8.0
1343,16.0,10.0,6.0,9.0
1344,17.0,11.0,7.0,11.0
1345,19.0,12.0,7.0,12.0
1346,20.0,14.0,7.0,12.0
1347,20.0,14.0,8.0,12.0
1348,20.0,14.0,8.0,13.0
1349,21.0,15.0,9.0,16.0
1350,23.0,17.0,11.0,16.0
1351,19.0,13.0,5.0,11.0
1352,17.0,10.0,2.0,12.0
1353,18.0,8.0,3.0,13.0
1354,18.0,7.0,2.0,13.0
1355,17.0,5.0,3.0,11.0
1356,17.0,4.0,4.0,8.0
1357,14.0,3.0,7.0,7.0
1358,9.0,1.0,8.0,6.0
1359,5.0,2.0,4.0,5.0
1360,4.0,2.0,2.0,4.0
1361,5.0,3.0,3.0,3.0
1362,5.0,2.0,6.0,2.0
1363,6.0,6.0,9.0,5.0
1364,7.0,6.0,12.0,6.0
1365,8.0,7.0,13.0,5.0
1366,10.0,9.0,12.0,5.0
1367,11.0,11.0,13.0,6.0
1368,12.0,11.0,14.0,7.0
1369,13.0,15.0,15.0,7.0
1370,14.0,17.0,16.0,10.0
1371,17.0,18.0,17.0,12.0
1372,19.0,20.0,17.0,12.0
1373,21.0,21.0,18.0,12.0
1374,22.0,21.0,21.0,15.0
1375,17.0,20.0,14.0,10.0
1376,16.0,16.0,11.0,10.0
1377,15.0,15.0,9.0,12.0
1378,14.0,12.0,6.0,9.0
1379,17.0,11.0,4.0,9.0
1380,17.0,11.0,2.0,9.0
1381,14.0,10.0,4.0,7.0
1382,12.0,8.0,4.0,7.0
1383,9.0,10.0,4.0,6.0
1384,6.0,9.0,2.0,5.0
1385,7.0,9.0,2.0,4.0
1386,8.0,6.0,2.0,4.0
1387,10.0,6.0,3.0,5.0
1388,10.0,6.0,5.0,6.0
1389,10.0,6.0,7.0,10.0
1390,12.0,6.0,8.0,10.0
1391,12.0,9.0,12.0,10.0
1392,16.0,9.0,14.0,12.0
1393,19.0,9.0,14.0,12.0
1394,21.0,10.0,16.0,13.0
1395,21.0,12.0,17.0,14.0
1396,22.0,12.0,17.0,15.0
1397,25.0,13.0,18.0,19.0
1398,25.0,13.0,20.0,20.0
1399,21.0,11.0,19.0,14.0
1400,19.0,10.0,15.0,11.0
1401,18.0,8.0,15.0,10.0
1402,17.0,10.0,12.0,9.0
1403,17.0,11.0,9.0,8.0
1404,18.0,12.0,13.0,6.0
1405,15.0,12.0,10.0,7.0
1406,17.0,10.0,8.0,7.0
1407,17.0,7.0,5.0,5.0
1408,15.0,5.0,5.0,3.0
1409,13.0,2.0,5.0,3.0
1410,11.0,2.0,3.0,6.0
1411,11.0,5.0,6.0,6.0
1412,12.0,6.0,8.0,8.0
1413,13.0,7.0,8.0,8.0
1414,14.0,8.0,10.0,8.0
1415,16.0,10.0,13.0,8.0
1416,19.0,10.0,18.0,10.0
1417,20.0,11.0,18.0,12.0
1418,22.0,11.0,18.0,15.0
1419,23.0,13.0,21.0,19.0
1420,24.0,13.0,22.0,20.0
1421,24.0,13.0,24.0,23.0
1422,26.0,13.0,25.0,25.0
1423,20.0,7.0,21.0,18.0
1424,24.0,4.0,19.0,14.0
1425,24.0,6.0,18.0,12.0
1426,22.0,6.0,18.0,12.0
1427,23.0,4.0,16.0,10.0
1428,20.0,4.0,17.0,8.0
1429,19.0,5.0,14.0,8.0
1430,16.0,5.0,11.0,5.0
1431,14.0,4.0,7.0,5.0
1432,14.0,2.0,7.0,4.0
1433,13.0,0.0,7.0,4.0
1434,12.0,1.0,6.0,3.0
1435,14.0,1.0,8.0,3.0
1436,14.0,3.0,9.0,5.0
1437,15.0,6.0,11.0,7.0
1438,17.0,8.0,13.0,7.0
1439,19.0,9.0,14.0,7.0
1440,19.0,9.0,14.0,8.0
1441,19.0,12.0,15.0,8.0
1442,21.0,14.0,17.0,8.0
1443,22.0,13.0,18.0,10.0
1444,24.0,14.0,19.0,13.0
1445,24.0,15.0,22.0,13.0
1446,27.0,15.0,24.0,15.0
1447,23.0,12.0,22.0,10.0
1448,19.0,8.0,19.0,11.0
1449,16.0,8.0,20.0,10.0
1450,14.0,7.0,17.0,11.0
1451,14.0,6.0,13.0,10.0
1452,14.0,7.0,10.0,8.0
1453,14.0,7.0,11.0,8.0
1454,10.0,7.0,11.0,8.0
1455,9.0,8.0,8.0,5.0
1456,9.0,6.0,7.0,9.0
1457,9.0,5.0,5.0,7.0
1458,7.0,7.0,8.0,7.0
1459,7.0,8.0,11.0,8.0
1460,10.0,8.0,11.0,9.0
1461,10.0,9.0,12.0,11.0
1462,13.0,10.0,14.0,12.0
1463,15.0,10.0,16.0,13.0
1464,15.0,12.0,17.0,13.0
1465,15.0,15.0,19.0,15.0
1466,16.0,18.0,20.0,15.0
1467,19.0,21.0,20.0,16.0
1468,19.0,21.0,20.0,19.0
1469,21.0,24.0,21.0,21.0
1470,21.0,25.0,21.0,21.0
1471,16.0,22.0,18.0,15.0
1472,16.0,18.0,14.0,13.0
1473,14.0,14.0,11.0,13.0
1474,11.0,12.0,11.0,12.0
1475,14.0,16.0,9.0,12.0
1476,15.0,17.0,6.0,12.0
1477,14.0,14.0,6.0,14.0
1478,13.0,11.0,6.0,10.0
1479,12.0,7.0,3.0,10.0
1480,11.0,4.0,4.0,8.0
1481,9.0,3.0,6.0,6.0
1482,7.0,2.0,6.0,5.0
1483,9.0,3.0,9.0,6.0
1484,10.0,3.0,9.0,7.0
1485,12.0,4.0,13.0,7.0
1486,13.0,3.0,14.0,8.0
1487,14.0,6.0,14.0,10.0
1488,14.0,8.0,14.0,10.0
1489,16.0,10.0,16.0,10.0
1490,18.0,12.0,17.0,13.0
1491,20.0,13.0,20.0,14.0
1492,21.0,15.0,22.0,16.0
1493,24.0,16.0,24.0,17.0
1494,24.0,20.0,24.0,19.0
1495,18.0,17.0,23.0,14.0
1496,17.0,15.0,21.0,15.0
1497,17.0,18.0,20.0,18.0
1498,15.0,18.0,18.0,18.0
1499,15.0,18.0,16.0,17.0
1500,16.0,17.0,15.0,12.0
1501,14.0,17.0,14.0,10.0
1502,12.0,16.0,12.0,8.0
1503,10.0,15.0,8.0,8.0
1504,10.0,11.0,5.0,6.0
1505,8.0,7.0,4.0,4.0
1506,6.0,5.0,4.0,3.0
1507,7.0,4.0,5.0,5.0
1508,7.0,6.0,7.0,6.0
1509,10.0,10.0,8.0,7.0
1510,13.0,10.0,10.0,7.0
1511,14.0,10.0,12.0,8.0
1512,13.0,11.0,13.0,8.0
1513,15.0,12.0,15.0,10.0
1514,15.0,12.0,16.0,12.0
1515,16.0,14.0,19.0,15.0
1516,16.0,16.0,20.0,16.0
1517,17.0,16.0,21.0,17.0
1518,18.0,16.0,21.0,18.0
1519,13.0,12.0,18.0,15.0
1520,11.0,10.0,16.0,13.0
1521,13.0,8.0,15.0,13.0
1522,12.0,6.0,16.0,13.0
1523,13.0,5.0,17.0,12.0
1524,9.0,5.0,17.0,13.0
1525,7.0,5.0,14.0,10.0
1526,5.0,2.0,15.0,8.0
1527,4.0,4.0,13.0,7.0
1528,4.0,3.0,11.0,7.0
1529,4.0,4.0,11.0,6.0
1530,4.0,3.0,9.0,5.0
1531,5.0,4.0,10.0,6.0
1532,6.0,4.0,12.0,6.0
1533,10.0,5.0,12.0,7.0
1534,10.0,6.0,15.0,9.0
1535,12.0,6.0,17.0,9.0
1536,12.0,7.0,19.0,9.0
1537,12.0,7.0,19.0,10.0
1538,13.0,10.0,20.0,11.0
1539,13.0,12.0,22.0,11.0
1540,13.0,13.0,23.0,13.0
1541,13.0,13.0,25.0,15.0
1542,13.0,13.0,26.0,16.0
1543,7.0,12.0,20.0,9.0
1544,6.0,8.0,17.0,8.0
1545,2.0,8.0,19.0,7.0
1546,2.0,9.0,19.0,8.0
1547,3.0,7.0,18.0,8.0
1548,2.0,6.0,16.0,6.0
1549,1.0,4.0,16.0,5.0
1550,5.0,4.0,14.0,6.0
1551,4.0,6.0,10.0,6.0
1552,6.0,5.0,8.0,5.0
1553,5.0,4.0,6.0,3.0
1554,4.0,1.0,5.0,4.0
1555,6.0,2.0,6.0,4.0
1556,7.0,4.0,6.0,4.0
1557,7.0,4.0,6.0,3.0
1558,8.0,4.0,6.0,4.0
1559,8.0,4.0,8.0,4.0
1560,9.0,4.0,8.0,5.0
1561,11.0,4.0,9.0,6.0
1562,15.0,5.0,10.0,6.0
1563,17.0,6.0,10.0,9.0
1564,19.0,7.0,12.0,10.0
1565,21.0,8.0,12.0,10.0
1566,21.0,10.0,12.0,10.0
1567,18.0,7.0,9.0,6.0
1568,16.0,6.0,5.0,6.0
1569,18.0,8.0,4.0,6.0
1570,15.0,7.0,3.0,5.0
1571,13.0,6.0,2.0,3.0
1572,10.0,3.0,1.0,2.0
1573,5.0,1.0,1.0,2.0
1574,4.0,0.0,2.0,1.0
1575,5.0,1.0,2.0,2.0
1576,5.0,2.0,2.0,1.0
1577,2.0,2.0,2.0,1.0
1578,1.0,3.0,2.0,2.0
1579,3.0,3.0,2.0,6.0
1580,6.0,3.0,4.0,7.0
1581,7.0,4.0,5.0,8.0
1582,8.0,4.0,7.0,8.0
1583,12.0,4.0,11.0,10.0
1584,15.0,6.0,13.0,13.0
1585,16.0,6.0,15.0,15.0
1586,16.0,6.0,15.0,15.0
1587,16.0,7.0,17.0,16.0
1588,16.0,8.0,18.0,16.0
1589,17.0,10.0,22.0,17.0
1590,18.0,11.0,23.0,17.0
1591,14.0,6.0,17.0,14.0
1592,13.0,4.0,15.0,11.0
1593,12.0,4.0,14.0,10.0
1594,15.0,7.0,12.0,9.0
1595,15.0,6.0,14.0,7.0
1596,13.0,4.0,11.0,3.0
1597,11.0,3.0,8.0,3.0
1598,12.0,4.0,8.0,1.0
1599,12.0,6.0,9.0,2.0
1600,12.0,8.0,11.0,2.0
1601,8.0,7.0,9.0,4.0
1602,4.0,5.0,5.0,5.0
1603,6.0,7.0,5.0,6.0
1604,9.0,8.0,6.0,8.0
1605,9.0,8.0,7.0,8.0
1606,12.0,10.0,9.0,9.0
1607,12.0,12.0,9.0,10.0
1608,12.0,17.0,11.0,12.0
1609,13.0,18.0,12.0,13.0
1610,14.0,19.0,12.0,16.0
1611,16.0,20.0,12.0,17.0
1612,17.0,21.0,12.0,18.0
1613,18.0,22.0,13.0,19.0
1614,19.0,23.0,15.0,19.0
1615,13.0,17.0,11.0,13.0
1616,10.0,13.0,8.0,12.0
1617,11.0,14.0,8.0,14.0
1618,12.0,14.0,8.0,12.0
1619,11.0,14.0,8.0,11.0
1620,10.0,12.0,10.0,8.0
1621,7.0,8.0,9.0,7.0
1622,7.0,4.0,8.0,9.0
1623,7.0,2.0,3.0,9.0
1624,6.0,1.0,2.0,9.0
1625,4.0,0.0,6.0,7.0
1626,2.0,2.0,8.0,6.0
1627,2.0,3.0,10.0,6.0
1628,3.0,5.0,10.0,7.0
1629,3.0,7.0,10.0,7.0
1630,4.0,9.0,12.0,7.0
1631,6.0,10.0,12.0,8.0
1632,7.0,11.0,15.0,12.0
1633,9.0,11.0,19.0,13.0
1634,11.0,14.0,20.0,15.0
1635,12.0,14.0,24.0,17.0
1636,13.0,15.0,26.0,18.0
1637,15.0,18.0,27.0,20.0
1638,19.0,19.0,27.0,20.0
1639,13.0,13.0,25.0,15.0
1640,13.0,9.0,21.0,12.0
1641,14.0,9.0,21.0,11.0
1642,13.0,8.0,20.0,12.0
1643,11.0,9.0,23.0,16.0
1644,9.0,11.0,19.0,15.0
1645,10.0,8.0,15.0,13.0
1646,10.0,5.0,13.0,11.0
1647,6.0,4.0,10.0,10.0
1648,3.0,3.0,7.0,7.0
1649,3.0,3.0,5.0,2.0
1650,6.0,3.0,3.0,2.0
1651,6.0,5.0,4.0,2.0
1652,7.0,6.0,4.0,4.0
1653,7.0,6.0,6.0,5.0
1654,8.0,6.0,6.0,7.0
1655,9.0,7.0,6.0,7.0
1656,11.0,7.0,7.0,8.0
1657,12.0,8.0,9.0,10.0
1658,15.0,8.0,10.0,11.0
1659,18.0,9.0,11.0,12.0
1660,20.0,13.0,12.0,14.0
1661,20.0,14.0,15.0,14.0
1662,20.0,15.0,17.0,15.0
1663,14.0,12.0,13.0,15.0
1664,13.0,10.0,13.0,12.0
1665,12.0,9.0,12.0,14.0
1666,11.0,11.0,14.0,14.0
1667,11.0,10.0,13.0,13.0
1668,9.0,8.0,12.0,13.0
1669,6.0,7.0,11.0,11.0
1670,4.0,3.0,11.0,8.0
1671,4.0,5.0,9.0,7.0
1672,1.0,6.0,7.0,7.0
1673,1.0,8.0,4.0,6.0
1674,2.0,8.0,3.0,5.0
1675,7.0,10.0,5.0,7.0
1676,7.0,10.0,5.0,8.0
1677,7.0,11.0,7.0,8.0
1678,10.0,11.0,8.0,9.0
1679,11.0,12.0,10.0,13.0
1680,14.0,12.0,13.0,13.0
1681,15.0,12.0,15.0,14.0
1682,15.0,17.0,17.0,16.0
1683,16.0,17.0,18.0,17.0
1684,20.0,19.0,19.0,17.0
1685,21.0,21.0,20.0,21.0
1686,21.0,24.0,20.0,22.0
1687,21.0,21.0,19.0,15.0
1688,17.0,20.0,18.0,13.0
1689,16.0,20.0,17.0,16.0
1690,15.0,17.0,16.0,18.0
1691,16.0,16.0,12.0,16.0
1692,13.0,16.0,11.0,11.0
1693,12.0,14.0,9.0,8.0
1694,11.0,11.0,7.0,3.0
1695,5.0,7.0,10.0,3.0
1696,6.0,6.0,9.0,3.0
1697,4.0,4.0,7.0,4.0
1698,5.0,2.0,6.0,5.0
1699,7.0,2.0,7.0,6.0
1700,8.0,4.0,8.0,6.0
1701,10.0,5.0,9.0,7.0
1702,12.0,6.0,9.0,10.0
1703,13.0,9.0,10.0,10.0
1704,15.0,9.0,10.0,11.0
1705,17.0,11.0,11.0,12.0
1706,17.0,11.0,11.0,12.0
1707,17.0,11.0,12.0,13.0
1708,20.0,12.0,14.0,14.0
1709,23.0,16.0,15.0,16.0
1710,23.0,17.0,16.0,18.0
1711,20.0,16.0,12.0,17.0
1712,18.0,14.0,10.0,15.0
1713,17.0,13.0,11.0,15.0
1714,16.0,11.0,11.0,15.0
1715,13.0,10.0,10.0,15.0
1716,14.0,10.0,6.0,14.0
1717,16.0,10.0,7.0,14.0
1718,16.0,11.0,6.0,12.0
1719,14.0,10.0,4.0,11.0
1720,11.0,8.0,4.0,11.0
1721,7.0,4.0,3.0,8.0
1722,4.0,6.0,1.0,6.0
1723,4.0,7.0,2.0,7.0
1724,5.0,8.0,3.0,9.0
1725,6.0,11.0,5.0,10.0
1726,6.0,14.0,5.0,11.0
1727,8.0,16.0,7.0,13.0
1728,9.0,17.0,9.0,15.0
1729,12.0,18.0,11.0,16.0
1730,13.0,21.0,11.0,17.0
1731,14.0,22.0,12.0,19.0
1732,14.0,24.0,13.0,19.0
1733,14.0,25.0,17.0,20.0
1734,16.0,27.0,18.0,21.0
1735,14.0,23.0,14.0,16.0
1736,14.0,18.0,11.0,17.0
1737,12.0,16.0,9.0,17.0
1738,9.0,14.0,10.0,13.0
1739,8.0,14.0,11.0,12.0
1740,8.0,13.0,8.0,13.0
1741,10.0,10.0,4.0,12.0
1742,12.0,7.0,3.0,12.0
1743,9.0,7.0,2.0,10.0
1744,7.0,8.0,2.0,10.0
1745,4.0,4.0,0.0,11.0
1746,2.0,3.0,1.0,8.0
1747,4.0,3.0,4.0,8.0
1748,6.0,3.0,8.0,8.0
1749,7.0,3.0,8.0,8.0
1750,7.0,6.0,9.0,8.0
1751,9.0,7.0,12.0,12.0
1752,12.0,9.0,14.0,14.0
1753,12.0,10.0,15.0,17.0
1754,17.0,13.0,15.0,20.0
1755,18.0,16.0,15.0,20.0
1756,19.0,16.0,17.0,22.0
1757,21.0,19.0,19.0,23.0
1758,21.0,20.0,20.0,24.0
1759,22.0,17.0,15.0,19.0
1760,18.0,17.0,11.0,21.0
1761,16.0,16.0,11.0,19.0
1762,19.0,15.0,11.0,18.0
1763,19.0,15.0,11.0,17.0
1764,18.0,15.0,10.0,13.0
1765,15.0,13.0,8.0,15.0
1766,13.0,10.0,7.0,12.0
1767,11.0,7.0,6.0,9.0
1768,6.0,7.0,7.0,4.0
1769,4.0,5.0,6.0,0.0
1770,2.0,4.0,3.0,1.0
1771,2.0,4.0,4.0,3.0
1772,3.0,6.0,7.0,4.0
1773,3.0,8.0,7.0,5.0
1774,5.0,10.0,8.0,7.0
1775,6.0,14.0,10.0,10.0
1776,6.0,14.0,10.0,12.0
1777,7.0,14.0,12.0,13.0
1778,7.0,15.0,14.0,17.0
1779,7.0,16.0,15.0,18.0
1780,10.0,17.0,16.0,19.0
1781,10.0,19.0,17.0,20.0
1782,10.0,20.0,20.0,22.0
1783,6.0,16.0,15.0,19.0
1784,6.0,15.0,13.0,18.0
1785,7.0,13.0,12.0,15.0
1786,7.0,12.0,14.0,14.0
1787,6.0,11.0,15.0,13.0
1788,4.0,13.0,13.0,14.0
1789,3.0,15.0,8.0,12.0
1790,4.0,12.0,6.0,11.0
1791,3.0,8.0,9.0,8.0
1792,3.0,5.0,7.0,5.0
1793,4.0,6.0,5.0,7.0
1794,6.0,4.0,0.0,7.0
1795,8.0,4.0,1.0,9.0
1796,13.0,4.0,2.0,11.0
1797,13.0,5.0,4.0,12.0
1798,14.0,9.0,6.0,14.0
1799,16.0,10.0,9.0,14.0
1800,17.0,11.0,9.0,17.0
1801,18.0,13.0,10.0,19.0
1802,18.0,14.0,10.0,20.0
1803,19.0,17.0,10.0,22.0
1804,19.0,18.0,11.0,25.0
1805,19.0,19.0,11.0,27.0
1806,20.0,21.0,12.0,27.0
1807,16.0,16.0,8.0,21.0
1808,11.0,14.0,5.0,18.0
1809,10.0,13.0,6.0,16.0
1810,9.0,16.0,6.0,18.0
1811,8.0,16.0,10.0,21.0
1812,9.0,16.0,7.0,19.0
1813,7.0,13.0,7.0,20.0
1814,6.0,13.0,6.0,19.0
1815,5.0,11.0,4.0,17.0
1816,2.0,9.0,6.0,13.0
1817,2.0,6.0,7.0,11.0
1818,2.0,3.0,8.0,8.0
1819,6.0,4.0,10.0,9.0
1820,8.0,5.0,12.0,10.0
1821,12.0,5.0,12.0,13.0
1822,12.0,5.0,11.0,13.0
1823,14.0,5.0,12.0,15.0
1824,16.0,7.0,13.0,15.0
1825,17.0,8.0,14.0,15.0
1826,19.0,8.0,16.0,17.0
1827,21.0,9.0,17.0,19.0
1828,21.0,11.0,19.0,21.0
1829,23.0,12.0,20.0,22.0
1830,24.0,15.0,22.0,22.0
1831,18.0,11.0,15.0,17.0
1832,13.0,11.0,13.0,16.0
1833,13.0,12.0,12.0,17.0
1834,15.0,11.0,10.0,18.0
1835,16.0,12.0,11.0,14.0
1836,15.0,8.0,7.0,14.0
1837,11.0,6.0,5.0,13.0
1838,8.0,4.0,5.0,10.0
1839,7.0,3.0,6.0,9.0
1840,5.0,4.0,6.0,10.0
1841,3.0,3.0,3.0,6.0
1842,3.0,1.0,4.0,6.0
1843,5.0,1.0,4.0,6.0
1844,6.0,4.0,4.0,7.0
1845,6.0,6.0,5.0,9.0
1846,7.0,6.0,5.0,10.0
1847,8.0,8.0,8.0,11.0
1848,8.0,8.0,9.0,11.0
1849,8.0,8.0,10.0,11.0
1850,8.0,8.0,11.0,11.0
1851,8.0,9.0,14.0,12.0
1852,11.0,10.0,17.0,13.0
1853,14.0,11.0,18.0,14.0
1854,17.0,11.0,18.0,17.0
1855,18.0,7.0,19.0,13.0
1856,17.0,8.0,17.0,11.0
1857,13.0,10.0,13.0,10.0
1858,12.0,7.0,13.0,9.0
1859,15.0,8.0,13.0,11.0
1860,15.0,5.0,11.0,11.0
1861,15.0,6.0,13.0,8.0
1862,12.0,5.0,10.0,7.0
1863,10.0,8.0,7.0,5.0
1864,7.0,7.0,6.0,3.0
1865,3.0,6.0,5.0,3.0
1866,2.0,6.0,6.0,3.0
1867,3.0,6.0,7.0,3.0
1868,7.0,8.0,8.0,3.0
1869,7.0,8.0,10.0,4.0
1870,8.0,9.0,11.0,5.0
1871,9.0,11.0,13.0,7.0
1872,12.0,11.0,13.0,7.0
1873,12.0,13.0,15.0,6.0
1874,16.0,14.0,17.0,8.0
1875,18.0,14.0,17.0,8.0
1876,21.0,14.0,18.0,10.0
1877,23.0,16.0,22.0,11.0
1878,23.0,18.0,24.0,11.0
1879,19.0,15.0,19.0,9.0
1880,20.0,13.0,16.0,7.0
1881,21.0,13.0,14.0,7.0
1882,20.0,15.0,11.0,6.0
1883,21.0,14.0,13.0,3.0
1884,22.0,10.0,12.0,1.0
1885,21.0,7.0,11.0,2.0
1886,20.0,6.0,8.0,3.0
1887,20.0,5.0,9.0,3.0
1888,18.0,6.0,5.0,3.0
1889,16.0,6.0,4.0,2.0
1890,13.0,7.0,2.0,4.0
1891,13.0,7.0,2.0,5.0
1892,17.0,9.0,6.0,7.0
1893,19.0,12.0,8.0,9.0
1894,19.0,14.0,8.0,10.0
1895,21.0,16.0,7.0,11.0
1896,22.0,16.0,10.0,12.0
1897,22.0,16.0,12.0,13.0
1898,24.0,16.0,14.0,14.0
1899,26.0,16.0,15.0,16.0
1900,28.0,19.0,17.0,16.0
1901,32.0,20.0,17.0,18.0
1902,35.0,24.0,20.0,19.0
1903,30.0,19.0,19.0,16.0
1904,31.0,15.0,19.0,15.0
1905,30.0,14.0,18.0,12.0
1906,29.0,13.0,16.0,13.0
1907,27.0,12.0,15.0,13.0
1908,26.0,13.0,15.0,12.0
1909,23.0,14.0,14.0,9.0
1910,22.0,13.0,11.0,7.0
1911,21.0,12.0,12.0,5.0
1912,16.0,9.0,10.0,5.0
1913,16.0,9.0,8.0,4.0
1914,12.0,8.0,7.0,2.0
1915,13.0,10.0,9.0,3.0
1916,13.0,12.0,9.0,4.0
1917,13.0,14.0,10.0,6.0
1918,15.0,15.0,10.0,7.0
1919,15.0,17.0,12.0,11.0
1920,16.0,17.0,14.0,13.0
1921,17.0,19.0,16.0,14.0
1922,17.0,20.0,19.0,14.0
1923,17.0,22.0,19.0,15.0
1924,17.0,22.0,21.0,17.0
1925,18.0,25.0,22.0,17.0
1926,19.0,27.0,25.0,19.0
1927,14.0,20.0,20.0,13.0
1928,12.0,19.0,19.0,11.0
1929,12.0,19.0,18.0,14.0
1930,12.0,20.0,18.0,12.0
1931,12.0,17.0,17.0,10.0
1932,10.0,15.0,16.0,12.0
1933,9.0,12.0,12.0,9.0
1934,8.0,13.0,10.0,6.0
1935,5.0,14.0,9.0,3.0
1936,4.0,14.0,9.0,3.0
1937,3.0,11.0,7.0,3.0
1938,4.0,9.0,6.0,5.0
1939,6.0,10.0,8.0,6.0
1940,6.0,10.0,9.0,6.0
1941,6.0,10.0,10.0,8.0
1942,7.0,10.0,10.0,10.0
1943,7.0,12.0,10.0,10.0
1944,9.0,14.0,10.0,13.0
1945,12.0,15.0,11.0,15.0
1946,12.0,20.0,13.0,16.0
1947,13.0,21.0,13.0,16.0
1948,14.0,23.0,13.0,18.0
1949,15.0,23.0,14.0,18.0
1950,15.0,23.0,16.0,21.0
1951,10.0,19.0,11.0,17.0
1952,7.0,16.0,7.0,16.0
1953,7.0,16.0,7.0,16.0
1954,6.0,17.0,7.0,16.0
1955,9.0,16.0,6.0,15.0
1956,10.0,16.0,5.0,14.0
1957,4.0,15.0,6.0,11.0
1958,4.0,16.0,7.0,11.0
1959,5.0,16.0,7.0,11.0
1960,4.0,12.0,7.0,8.0
1961,2.0,9.0,7.0,7.0
1962,3.0,7.0,6.0,5.0
1963,5.0,7.0,7.0,6.0
1964,5.0,7.0,7.0,5.0
1965,6.0,8.0,8.0,7.0
1966,8.0,9.0,8.0,8.0
1967,8.0,10.0,9.0,9.0
1968,10.0,10.0,10.0,10.0
1969,12.0,10.0,12.0,11.0
1970,12.0,11.0,13.0,12.0
1971,14.0,13.0,15.0,14.0
1972,14.0,13.0,15.0,15.0
1973,16.0,14.0,17.0,15.0
1974,16.0,16.0,17.0,17.0
1975,11.0,15.0,12.0,14.0
1976,7.0,16.0,8.0,13.0
1977,8.0,14.0,6.0,13.0
1978,8.0,13.0,7.0,13.0
1979,7.0,13.0,6.0,12.0
1980,6.0,13.0,4.0,12.0
1981,3.0,10.0,2.0,12.0
1982,4.0,8.0,3.0,13.0
1983,3.0,6.0,4.0,10.0
1984,3.0,5.0,2.0,10.0
1985,1.0,4.0,0.0,9.0
1986,2.0,3.0,2.0,5.0
1987,2.0,4.0,2.0,6.0
1988,5.0,3.0,2.0,9.0
1989,5.0,6.0,4.0,10.0
1990,6.0,7.0,5.0,12.0
1991,7.0,7.0,6.0,14.0
1992,7.0,8.0,6.0,16.0
1993,11.0,9.0,7.0,17.0
1994,13.0,10.0,9.0,17.0
1995,13.0,10.0,10.0,18.0
1996,15.0,10.0,11.0,18.0
1997,16.0,11.0,11.0,19.0
1998,17.0,12.0,12.0,23.0
1999,11.0,8.0,9.0,21.0
2000,8.0,7.0,7.0,18.0
2001,10.0,7.0,4.0,17.0
2002,8.0,12.0,1.0,16.0
2003,6.0,13.0,2.0,18.0
2004,6.0,11.0,5.0,17.0
2005,6.0,8.0,6.0,15.0
2006,6.0,6.0,7.0,14.0
2007,3.0,4.0,6.0,15.0
2008,3.0,6.0,7.0,13.0
2009,1.0,7.0,9.0,11.0
2010,0.0,7.0,6.0,8.0
2011,0.0,9.0,7.0,8.0
2012,3.0,10.0,9.0,10.0
2013,4.0,11.0,11.0,12.0
2014,6.0,12.0,12.0,15.0
2015,8.0,15.0,15.0,19.0
2016,8.0,17.0,18.0,19.0
2017,10.0,18.0,19.0,20.0
2018,13.0,19.0,18.0,21.0
2019,14.0,21.0,20.0,23.0
2020,17.0,23.0,25.0,24.0
2021,17.0,26.0,27.0,27.0
2022,18.0,29.0,30.0,27.0
2023,15.0,22.0,25.0,22.0
2024,13.0,19.0,21.0,19.0
2025,13.0,17.0,21.0,17.0
2026,14.0,16.0,20.0,19.0
2027,13.0,13.0,17.0,18.0
2028,9.0,11.0,14.0,19.0
2029,6.0,10.0,12.0,15.0
2030,4.0,8.0,12.0,13.0
2031,3.0,8.0,9.0,10.0
2032,3.0,10.0,7.0,10.0
2033,1.0,9.0,3.0,10.0
2034,0.0,9.0,2.0,10.0
2035,2.0,10.0,3.0,13.0
2036,2.0,12.0,4.0,16.0
2037,2.0,14.0,6.0,17.0
2038,2.0,14.0,8.0,19.0
2039,3.0,17.0,8.0,21.0
2040,4.0,18.0,9.0,23.0
2041,5.0,20.0,11.0,23.0
2042,5.0,20.0,13.0,23.0
2043,5.0,21.0,14.0,25.0
2044,5.0,24.0,14.0,26.0
2045,6.0,24.0,14.0,29.0
2046,8.0,26.0,15.0,29.0
2047,8.0,25.0,12.0,26.0
2048,6.0,24.0,12.0,23.0
2049,5.0,21.0,12.0,24.0
2050,8.0,18.0,14.0,23.0
2051,9.0,16.0,14.0,19.0
2052,6.0,15.0,11.0,19.0
2053,4.0,15.0,8.0,20.0
2054,5.0,16.0,7.0,20.0
2055,4.0,15.0,8.0,18.0
2056,2.0,14.0,8.0,15.0
2057,4.0,13.0,7.0,13.0
2058,5.0,10.0,6.0,12.0
2059,7.0,10.0,9.0,11.0
2060,7.0,11.0,10.0,13.0
2061,8.0,11.0,12.0,15.0
2062,9.0,13.0,15.0,15.0
2063,10.0,15.0,16.0,16.0
2064,10.0,16.0,18.0,20.0
2065,11.0,18.0,20.0,22.0
2066,11.0,20.0,23.0,23.0
2067,13.0,20.0,24.0,23.0
2068,13.0,21.0,25.0,24.0
2069,14.0,22.0,26.0,26.0
2070,14.0,23.0,28.0,27.0
2071,9.0,19.0,22.0,23.0
2072,9.0,20.0,18.0,21.0
2073,7.0,19.0,18.0,18.0
2074,8.0,19.0,17.0,20.0
2075,7.0,18.0,16.0,20.0
2076,5.0,15.0,15.0,19.0
2077,2.0,14.0,12.0,18.0
2078,6.0,12.0,10.0,15.0
2079,6.0,10.0,11.0,11.0
2080,4.0,12.0,10.0,10.0
2081,5.0,12.0,11.0,12.0
2082,4.0,13.0,9.0,11.0
2083,5.0,15.0,11.0,13.0
2084,6.0,15.0,11.0,15.0
2085,6.0,16.0,11.0,15.0
2086,7.0,17.0,12.0,18.0
2087,10.0,19.0,13.0,20.0
2088,11.0,21.0,14.0,21.0
2089,12.0,22.0,15.0,23.0
2090,13.0,24.0,17.0,24.0
2091,16.0,24.0,18.0,25.0
2092,17.0,27.0,21.0,25.0
2093,18.0,28.0,22.0,26.0
2094,20.0,29.0,22.0,27.0
2095,14.0,28.0,20.0,23.0
2096,12.0,24.0,17.0,21.0
2097,12.0,20.0,15.0,19.0
2098,11.0,21.0,15.0,19.0
2099,9.0,19.0,15.0,18.0
2100,9.0,17.0,15.0,17.0
2101,8.0,15.0,13.0,17.0
2102,8.0,10.0,15.0,16.0
2103,4.0,7.0,13.0,13.0
2104,3.0,3.0,10.0,11.0
2105,5.0,4.0,7.0,9.0
2106,5.0,7.0,4.0,8.0
2107,6.0,8.0,8.0,11.0
2108,11.0,10.0,8.0,11.0
2109,11.0,11.0,10.0,11.0
2110,12.0,11.0,14.0,12.0
2111,13.0,11.0,15.0,12.0
2112,14.0,14.0,17.0,12.0
2113,15.0,15.0,18.0,16.0
2114,15.0,15.0,20.0,17.0
2115,16.0,17.0,21.0,18.0
2116,17.0,18.0,21.0,20.0
2117,17.0,19.0,23.0,22.0
2118,19.0,20.0,25.0,23.0
2119,15.0,14.0,21.0,21.0
2120,13.0,12.0,21.0,20.0
2121,10.0,12.0,22.0,17.0
2122,11.0,12.0,20.0,18.0
2123,11.0,11.0,17.0,16.0
2124,10.0,11.0,15.0,17.0
2125,9.0,11.0,13.0,17.0
2126,6.0,12.0,12.0,18.0
2127,2.0,11.0,13.0,15.0
2128,0.0,10.0,14.0,15.0
2129,2.0,7.0,11.0,14.0
2130,3.0,8.0,12.0,11.0
2131,5.0,9.0,15.0,14.0
2132,6.0,9.0,15.0,16.0
2133,7.0,9.0,17.0,16.0
2134,8.0,9.0,18.0,18.0
2135,8.0,9.0,19.0,19.0
2136,9.0,10.0,22.0,20.0
2137,9.0,14.0,23.0,21.0
2138,9.0,15.0,25.0,23.0
2139,9.0,16.0,28.0,26.0
2140,10.0,17.0,28.0,27.0
2141,11.0,18.0,30.0,28.0
2142,13.0,19.0,32.0,28.0
2143,9.0,15.0,28.0,25.0
2144,8.0,13.0,24.0,23.0
2145,6.0,13.0,23.0,21.0
2146,7.0,14.0,25.0,19.0
2147,5.0,12.0,25.0,21.0
2148,7.0,10.0,23.0,19.0
2149,6.0,6.0,18.0,18.0
2150,4.0,6.0,17.0,15.0
2151,4.0,6.0,17.0,12.0
2152,5.0,4.0,13.0,8.0
2153,5.0,4.0,11.0,8.0
2154,3.0,2.0,11.0,5.0
2155,5.0,3.0,12.0,8.0
2156,5.0,3.0,14.0,10.0
2157,6.0,3.0,15.0,11.0
2158,6.0,5.0,17.0,12.0
2159,7.0,5.0,20.0,14.0
2160,8.0,6.0,19.0,14.0
2161,8.0,6.0,19.0,16.0
2162,8.0,7.0,20.0,19.0
2163,9.0,10.0,20.0,19.0
2164,11.0,12.0,20.0,20.0
2165,12.0,14.0,20.0,23.0
2166,12.0,17.0,22.0,24.0
2167,11.0,16.0,16.0,20.0
2168,9.0,17.0,14.0,22.0
2169,9.0,15.0,14.0,20.0
2170,8.0,14.0,16.0,18.0
2171,9.0,11.0,12.0,19.0
2172,7.0,11.0,10.0,18.0
2173,8.0,8.0,9.0,17.0
2174,5.0,6.0,10.0,17.0
2175,8.0,5.0,9.0,15.0
2176,6.0,4.0,8.0,11.0
2177,4.0,4.0,6.0,9.0
2178,3.0,3.0,5.0,11.0
2179,3.0,4.0,8.0,12.0
2180,3.0,5.0,12.0,14.0
2181,3.0,5.0,13.0,14.0
2182,3.0,6.0,17.0,14.0
2183,3.0,9.0,17.0,15.0
2184,5.0,9.0,18.0,16.0
2185,8.0,10.0,22.0,19.0
2186,8.0,15.0,23.0,21.0
2187,8.0,18.0,23.0,23.0
2188,8.0,19.0,23.0,23.0
2189,9.0,21.0,25.0,23.0
2190,9.0,22.0,25.0,23.0
2191,8.0,17.0,20.0,20.0
2192,7.0,19.0,18.0,19.0
2193,5.0,19.0,17.0,20.0
2194,4.0,18.0,16.0,19.0
2195,6.0,15.0,13.0,17.0
2196,4.0,17.0,12.0,16.0
2197,4.0,14.0,14.0,14.0
2198,6.0,10.0,12.0,11.0
2199,5.0,4.0,11.0,6.0
2200,4.0,3.0,6.0,3.0
2201,5.0,3.0,2.0,2.0
2202,4.0,3.0,3.0,2.0
2203,8.0,3.0,4.0,2.0
2204,12.0,5.0,6.0,3.0
2205,12.0,7.0,9.0,4.0
2206,15.0,8.0,10.0,5.0
2207,17.0,9.0,13.0,5.0
2208,18.0,10.0,15.0,7.0
2209,19.0,11.0,16.0,9.0
2210,22.0,11.0,17.0,10.0
2211,23.0,14.0,18.0,12.0
2212,25.0,15.0,19.0,13.0
2213,25.0,17.0,20.0,14.0
2214,26.0,18.0,21.0,18.0
2215,22.0,13.0,19.0,16.0
2216,19.0,11.0,15.0,17.0
2217,18.0,10.0,13.0,16.0
2218,18.0,11.0,13.0,16.0
2219,16.0,9.0,15.0,17.0
2220,13.0,10.0,17.0,16.0
2221,10.0,11.0,13.0,13.0
2222,13.0,12.0,15.0,12.0
2223,11.0,11.0,12.0,10.0
2224,7.0,10.0,8.0,6.0
2225,4.0,10.0,8.0,6.0
2226,3.0,9.0,3.0,5.0
2227,4.0,10.0,4.0,5.0
2228,4.0,11.0,4.0,6.0
2229,4.0,13.0,5.0,6.0
2230,4.0,13.0,5.0,7.0
2231,4.0,14.0,7.0,8.0
2232,4.0,15.0,7.0,9.0
2233,7.0,16.0,7.0,9.0
2234,8.0,17.0,7.0,10.0
2235,9.0,18.0,9.0,11.0
2236,9.0,19.0,12.0,13.0
2237,10.0,22.0,14.0,15.0
2238,10.0,24.0,16.0,15.0
2239,10.0,19.0,13.0,9.0
2240,9.0,17.0,16.0,8.0
2241,8.0,16.0,19.0,6.0
2242,6.0,15.0,18.0,3.0
2243,7.0,16.0,18.0,2.0
2244,9.0,16.0,15.0,2.0
2245,8.0,13.0,13.0,1.0
2246,6.0,10.0,10.0,1.0
2247,9.0,9.0,8.0,1.0
2248,9.0,7.0,6.0,2.0
2249,8.0,7.0,5.0,5.0
2250,6.0,6.0,3.0,4.0
2251,6.0,6.0,3.0,9.0
2252,8.0,6.0,4.0,9.0
2253,10.0,6.0,6.0,10.0
2254,10.0,7.0,10.0,10.0
2255,11.0,7.0,10.0,11.0
2256,12.0,9.0,13.0,14.0
2257,13.0,9.0,15.0,16.0
2258,14.0,12.0,15.0,19.0
2259,15.0,13.0,15.0,20.0
2260,16.0,15.0,15.0,20.0
2261,19.0,17.0,16.0,22.0
2262,19.0,18.0,20.0,22.0
2263,14.0,15.0,15.0,17.0
2264,11.0,17.0,16.0,12.0
2265,11.0,17.0,17.0,12.0
2266,9.0,17.0,17.0,9.0
2267,7.0,15.0,18.0,10.0
2268,4.0,13.0,17.0,8.0
2269,5.0,12.0,15.0,6.0
2270,5.0,10.0,12.0,8.0
2271,3.0,10.0,12.0,7.0
2272,3.0,7.0,10.0,4.0
2273,3.0,7.0,11.0,5.0
2274,4.0,8.0,7.0,6.0
2275,5.0,9.0,9.0,8.0
2276,7.0,12.0,9.0,8.0
2277,8.0,14.0,10.0,8.0
2278,10.0,14.0,12.0,10.0
2279,10.0,15.0,13.0,13.0
2280,11.0,15.0,15.0,13.0
2281,11.0,17.0,16.0,14.0
2282,12.0,17.0,16.0,16.0
2283,12.0,17.0,17.0,19.0
2284,13.0,19.0,19.0,20.0
2285,15.0,21.0,19.0,22.0
2286,15.0,22.0,20.0,22.0
2287,12.0,19.0,15.0,20.0
2288,9.0,16.0,11.0,18.0
2289,8.0,14.0,9.0,16.0
2290,10.0,16.0,11.0,14.0
2291,7.0,16.0,9.0,14.0
2292,8.0,17.0,7.0,16.0
2293,8.0,14.0,6.0,13.0
2294,9.0,13.0,6.0,11.0
2295,8.0,11.0,6.0,7.0
2296,8.0,8.0,6.0,6.0
2297,9.0,4.0,5.0,5.0
2298,8.0,3.0,3.0,4.0
2299,9.0,4.0,4.0,6.0
2300,9.0,8.0,5.0,7.0
2301,12.0,8.0,6.0,7.0
2302,15.0,8.0,8.0,8.0
2303,15.0,8.0,9.0,8.0
2304,16.0,8.0,11.0,9.0
2305,20.0,9.0,11.0,11.0
2306,21.0,10.0,11.0,13.0
2307,23.0,14.0,13.0,15.0
2308,26.0,15.0,16.0,16.0
2309,28.0,15.0,16.0,18.0
2310,28.0,17.0,16.0,18.0
2311,23.0,13.0,13.0,14.0
2312,18.0,11.0,11.0,11.0
2313,15.0,13.0,11.0,10.0
2314,16.0,13.0,11.0,10.0
2315,13.0,11.0,9.0,11.0
2316,11.0,10.0,7.0,10.0
2317,9.0,10.0,8.0,8.0
2318,10.0,9.0,5.0,5.0
2319,6.0,8.0,6.0,4.0
2320,5.0,5.0,5.0,5.0
2321,3.0,5.0,5.0,5.0
2322,3.0,5.0,6.0,2.0
2323,6.0,6.0,6.0,3.0
2324,6.0,9.0,10.0,5.0
2325,9.0,9.0,12.0,6.0
2326,10.0,11.0,13.0,7.0
2327,14.0,14.0,14.0,8.0
2328,15.0,14.0,14.0,9.0
2329,17.0,14.0,14.0,12.0
2330,20.0,17.0,16.0,15.0
2331,25.0,19.0,16.0,17.0
2332,27.0,20.0,18.0,17.0
2333,27.0,21.0,20.0,20.0
2334,29.0,22.0,20.0,21.0
2335,26.0,17.0,16.0,16.0
2336,25.0,14.0,15.0,14.0
2337,26.0,14.0,14.0,13.0
2338,25.0,14.0,17.0,15.0
2339,23.0,14.0,17.0,16.0
2340,21.0,12.0,15.0,15.0
2341,20.0,10.0,12.0,13.0
2342,16.0,8.0,9.0,8.0
2343,17.0,7.0,7.0,7.0
2344,13.0,6.0,6.0,8.0
2345,12.0,4.0,5.0,5.0
2346,11.0,4.0,5.0,3.0
2347,11.0,6.0,8.0,4.0
2348,12.0,7.0,9.0,6.0
2349,12.0,10.0,9.0,7.0
2350,14.0,12.0,10.0,8.0
2351,16.0,13.0,13.0,8.0
2352,17.0,13.0,14.0,10.0
2353,17.0,15.0,16.0,10.0
2354,19.0,16.0,19.0,11.0
2355,20.0,18.0,21.0,13.0
2356,20.0,22.0,22.0,16.0
2357,22.0,23.0,24.0,16.0
2358,22.0,26.0,27.0,16.0
2359,16.0,25.0,26.0,11.0
2360,11.0,23.0,22.0,10.0
2361,9.0,23.0,23.0,10.0
2362,9.0,22.0,21.0,9.0
2363,7.0,22.0,22.0,10.0
2364,6.0,20.0,23.0,11.0
2365,5.0,18.0,22.0,9.0
2366,6.0,17.0,21.0,10.0
2367,7.0,17.0,20.0,9.0
2368,4.0,17.0,22.0,7.0
2369,2.0,15.0,19.0,6.0
2370,4.0,13.0,17.0,5.0
2371,6.0,17.0,17.0,6.0
2372,7.0,19.0,17.0,6.0
2373,8.0,19.0,19.0,6.0
2374,10.0,24.0,20.0,6.0
2375,13.0,25.0,21.0,9.0
2376,14.0,25.0,24.0,9.0
2377,14.0,27.0,25.0,13.0
2378,16.0,27.0,25.0,15.0
2379,18.0,27.0,25.0,22.0
2380,19.0,30.0,27.0,22.0
2381,21.0,33.0,27.0,22.0
2382,23.0,33.0,30.0,22.0
2383,19.0,27.0,27.0,18.0
2384,17.0,21.0,24.0,15.0
2385,16.0,20.0,24.0,13.0
2386,15.0,20.0,24.0,13.0
2387,15.0,21.0,21.0,10.0
2388,12.0,20.0,20.0,12.0
2389,11.0,17.0,19.0,13.0
2390,9.0,15.0,19.0,9.0
2391,6.0,15.0,15.0,5.0
2392,3.0,12.0,15.0,7.0
2393,3.0,12.0,13.0,6.0
2394,2.0,13.0,11.0,3.0
2395,3.0,13.0,10.0,5.0
2396,5.0,14.0,10.0,6.0
2397,7.0,15.0,9.0,6.0
2398,8.0,17.0,13.0,7.0
2399,9.0,18.0,16.0,8.0
2400,12.0,20.0,17.0,10.0
2401,13.0,20.0,19.0,11.0
2402,13.0,20.0,19.0,15.0
2403,14.0,21.0,23.0,19.0
2404,16.0,22.0,23.0,20.0
2405,17.0,25.0,25.0,22.0
2406,17.0,26.0,27.0,25.0
2407,13.0,20.0,25.0,26.0
2408,12.0,19.0,23.0,25.0
2409,14.0,19.0,23.0,26.0
2410,13.0,19.0,25.0,28.0
2411,10.0,18.0,25.0,26.0
2412,10.0,19.0,21.0,24.0
2413,8.0,18.0,19.0,22.0
2414,6.0,14.0,18.0,22.0
2415,8.0,13.0,14.0,18.0
2416,5.0,12.0,13.0,17.0
2417,3.0,11.0,12.0,17.0
2418,3.0,9.0,13.0,18.0
2419,4.0,9.0,13.0,18.0
2420,4.0,12.0,15.0,18.0
2421,8.0,13.0,17.0,19.0
2422,8.0,15.0,19.0,20.0
2423,10.0,16.0,21.0,20.0
2424,10.0,17.0,22.0,24.0
2425,10.0,18.0,22.0,24.0
2426,13.0,18.0,23.0,25.0
2427,14.0,20.0,24.0,27.0
2428,14.0,22.0,26.0,28.0
2429,18.0,23.0,28.0,29.0
2430,18.0,25.0,29.0,33.0
2431,15.0,21.0,25.0,28.0
2432,11.0,21.0,20.0,23.0
2433,13.0,20.0,15.0,20.0
2434,12.0,18.0,13.0,21.0
2435,10.0,18.0,13.0,21.0
2436,11.0,14.0,13.0,19.0
2437,10.0,14.0,14.0,18.0
2438,9.0,12.0,12.0,18.0
2439,10.0,15.0,12.0,14.0
2440,6.0,13.0,8.0,13.0
2441,4.0,10.0,7.0,10.0
2442,4.0,10.0,6.0,7.0
2443,5.0,10.0,8.0,7.0
2444,7.0,10.0,8.0,7.0
2445,8.0,10.0,12.0,8.0
2446,13.0,10.0,15.0,9.0
2447,13.0,13.0,15.0,9.0
2448,13.0,14.0,15.0,10.0
2449,13.0,14.0,15.0,11.0
2450,14.0,14.0,17.0,12.0
2451,14.0,15.0,19.0,14.0
2452,15.0,18.0,19.0,14.0
2453,16.0,19.0,19.0,16.0
2454,17.0,20.0,19.0,19.0
2455,15.0,18.0,13.0,15.0
2456,10.0,15.0,9.0,16.0
2457,9.0,14.0,8.0,14.0
2458,9.0,12.0,6.0,15.0
2459,9.0,13.0,6.0,16.0
2460,8.0,12.0,7.0,17.0
2461,8.0,11.0,6.0,17.0
2462,9.0,10.0,8.0,16.0
2463,8.0,13.0,7.0,16.0
2464,5.0,13.0,8.0,14.0
2465,4.0,9.0,8.0,13.0
2466,3.0,11.0,5.0,10.0
2467,4.0,11.0,8.0,10.0
2468,7.0,11.0,9.0,11.0
2469,9.0,13.0,10.0,12.0
2470,11.0,13.0,10.0,12.0
2471,11.0,15.0,13.0,13.0
2472,13.0,18.0,13.0,13.0
2473,15.0,18.0,15.0,13.0
2474,17.0,19.0,15.0,14.0
2475,17.0,19.0,16.0,15.0
2476,18.0,19.0,16.0,17.0
2477,21.0,20.0,16.0,18.0
2478,24.0,20.0,17.0,19.0
2479,23.0,18.0,15.0,14.0
2480,20.0,14.0,14.0,14.0
2481,18.0,13.0,12.0,11.0
2482,16.0,9.0,12.0,11.0
2483,17.0,12.0,13.0,11.0
2484,15.0,11.0,13.0,9.0
2485,14.0,9.0,9.0,7.0
2486,14.0,5.0,6.0,6.0
2487,15.0,3.0,4.0,7.0
2488,13.0,8.0,3.0,5.0
2489,15.0,7.0,3.0,2.0
2490,14.0,7.0,3.0,1.0
2491,15.0,8.0,4.0,2.0
2492,15.0,9.0,4.0,4.0
2493,15.0,9.0,4.0,3.0
2494,17.0,10.0,5.0,4.0
2495,18.0,14.0,7.0,7.0
2496,18.0,14.0,8.0,8.0
2497,21.0,15.0,9.0,8.0
2498,21.0,17.0,11.0,10.0
2499,23.0,19.0,11.0,10.0
2500,25.0,19.0,12.0,12.0
2501,28.0,20.0,13.0,13.0
2502,28.0,23.0,16.0,13.0
2503,24.0,21.0,11.0,9.0
2504,21.0,20.0,11.0,9.0
2505,20.0,21.0,9.0,7.0
2506,18.0,21.0,8.0,9.0
2507,19.0,18.0,9.0,10.0
2508,17.0,15.0,6.0,8.0
2509,14.0,17.0,7.0,7.0
2510,15.0,15.0,8.0,5.0
2511,13.0,12.0,6.0,4.0
2512,9.0,10.0,4.0,3.0
2513,8.0,7.0,4.0,3.0
2514,4.0,7.0,4.0,3.0
2515,4.0,9.0,6.0,3.0
2516,4.0,10.0,7.0,6.0
2517,5.0,10.0,9.0,8.0
2518,6.0,11.0,9.0,7.0
2519,7.0,11.0,9.0,7.0
2520,9.0,11.0,10.0,8.0
2521,10.0,12.0,12.0,9.0
2522,12.0,13.0,15.0,10.0
2523,12.0,13.0,17.0,12.0
2524,14.0,14.0,19.0,12.0
2525,15.0,18.0,20.0,12.0
2526,17.0,21.0,21.0,14.0
2527,12.0,17.0,19.0,12.0
2528,11.0,13.0,16.0,11.0
2529,13.0,13.0,19.0,10.0
2530,16.0,13.0,18.0,12.0
2531,18.0,13.0,18.0,9.0
2532,14.0,11.0,14.0,8.0
2533,13.0,12.0,14.0,5.0
2534,11.0,10.0,13.0,2.0
2535,8.0,7.0,13.0,3.0
2536,9.0,5.0,11.0,5.0
2537,7.0,3.0,10.0,4.0
2538,4.0,3.0,5.0,3.0
2539,6.0,5.0,5.0,3.0
2540,8.0,6.0,4.0,4.0
2541,10.0,7.0,6.0,4.0
2542,12.0,10.0,9.0,6.0
2543,13.0,13.0,10.0,7.0
2544,15.0,15.0,13.0,8.0
2545,16.0,15.0,13.0,9.0
2546,18.0,17.0,14.0,9.0
2547,19.0,18.0,16.0,10.0
2548,21.0,20.0,16.0,12.0
2549,22.0,20.0,18.0,14.0
2550,25.0,23.0,18.0,15.0
2551,23.0,19.0,12.0,11.0
2552,23.0,20.0,13.0,10.0
2553,20.0,20.0,13.0,9.0
2554,15.0,17.0,13.0,8.0
2555,14.0,17.0,13.0,8.0
2556,15.0,16.0,11.0,7.0
2557,16.0,13.0,10.0,7.0
2558,13.0,8.0,8.0,6.0
2559,11.0,7.0,6.0,3.0
2560,8.0,8.0,3.0,3.0
2561,6.0,7.0,5.0,5.0
2562,4.0,6.0,6.0,6.0
2563,8.0,7.0,9.0,7.0
2564,8.0,7.0,9.0,7.0
2565,9.0,7.0,10.0,9.0
2566,10.0,8.0,11.0,10.0
2567,11.0,11.0,14.0,10.0
2568,12.0,14.0,16.0,12.0
2569,12.0,15.0,18.0,12.0
2570,13.0,15.0,18.0,13.0
2571,15.0,17.0,19.0,13.0
2572,15.0,20.0,20.0,15.0
2573,17.0,23.0,20.0,16.0
2574,17.0,23.0,21.0,16.0
2575,14.0,18.0,17.0,14.0
2576,9.0,20.0,16.0,11.0
2577,10.0,18.0,15.0,8.0
2578,8.0,16.0,14.0,5.0
2579,7.0,15.0,12.0,3.0
2580,6.0,14.0,9.0,1.0
2581,5.0,12.0,9.0,0.0
2582,6.0,8.0,10.0,0.0
2583,4.0,5.0,6.0,0.0
2584,2.0,5.0,6.0,1.0
2585,3.0,4.0,6.0,2.0
2586,3.0,2.0,5.0,2.0
2587,6.0,3.0,6.0,4.0
2588,6.0,4.0,8.0,4.0
2589,9.0,4.0,9.0,4.0
2590,11.0,4.0,10.0,5.0
2591,11.0,5.0,10.0,6.0
2592,12.0,5.0,11.0,9.0
2593,15.0,6.0,11.0,11.0
2594,17.0,5.0,12.0,11.0
2595,17.0,6.0,13.0,15.0
2596,20.0,7.0,14.0,16.0
2597,21.0,7.0,14.0,16.0
2598,23.0,9.0,17.0,16.0
2599,20.0,7.0,12.0,13.0
2600,18.0,8.0,11.0,11.0
2601,21.0,9.0,11.0,8.0
2602,17.0,9.0,11.0,6.0
2603,14.0,8.0,10.0,6.0
2604,11.0,8.0,9.0,5.0
2605,9.0,7.0,8.0,4.0
2606,6.0,5.0,10.0,2.0
2607,5.0,5.0,7.0,3.0
2608,4.0,4.0,6.0,3.0
2609,4.0,5.0,7.0,2.0
2610,4.0,3.0,6.0,3.0
2611,4.0,4.0,10.0,5.0
2612,5.0,7.0,12.0,6.0
2613,7.0,9.0,13.0,7.0
2614,8.0,11.0,14.0,12.0
2615,11.0,11.0,14.0,15.0
2616,12.0,12.0,16.0,17.0
2617,12.0,16.0,18.0,19.0
2618,13.0,16.0,21.0,19.0
2619,14.0,19.0,23.0,19.0
2620,14.0,21.0,24.0,19.0
2621,16.0,23.0,24.0,19.0
2622,16.0,23.0,27.0,20.0
2623,12.0,17.0,24.0,16.0
2624,10.0,16.0,22.0,13.0
2625,9.0,17.0,21.0,11.0
2626,9.0,17.0,19.0,11.0
2627,8.0,19.0,16.0,11.0
2628,7.0,17.0,16.0,11.0
2629,7.0,15.0,14.0,7.0
2630,4.0,13.0,14.0,6.0
2631,3.0,12.0,11.0,7.0
2632,2.0,8.0,8.0,5.0
2633,3.0,4.0,7.0,4.0
2634,3.0,3.0,5.0,4.0
2635,3.0,3.0,5.0,4.0
2636,4.0,5.0,6.0,5.0
2637,5.0,5.0,9.0,6.0
2638,6.0,5.0,9.0,7.0
2639,10.0,5.0,9.0,7.0
2640,10.0,6.0,10.0,9.0
2641,11.0,6.0,12.0,11.0
2642,12.0,6.0,13.0,14.0
2643,15.0,6.0,14.0,14.0
2644,17.0,6.0,17.0,16.0
2645,17.0,7.0,17.0,18.0
2646,18.0,7.0,17.0,19.0
2647,14.0,8.0,13.0,19.0
2648,11.0,7.0,11.0,19.0
2649,10.0,8.0,10.0,17.0
2650,10.0,7.0,9.0,15.0
2651,15.0,7.0,8.0,13.0
2652,14.0,6.0,8.0,10.0
2653,12.0,4.0,7.0,10.0
2654,7.0,2.0,4.0,9.0
2655,5.0,5.0,4.0,6.0
2656,4.0,4.0,6.0,6.0
2657,6.0,2.0,4.0,3.0
2658,4.0,2.0,4.0,1.0
2659,4.0,5.0,4.0,2.0
2660,5.0,8.0,4.0,4.0
2661,5.0,9.0,7.0,5.0
2662,6.0,10.0,9.0,7.0
2663,9.0,11.0,11.0,7.0
2664,13.0,12.0,11.0,7.0
2665,14.0,12.0,12.0,7.0
2666,15.0,12.0,12.0,7.0
2667,18.0,13.0,13.0,8.0
2668,19.0,14.0,13.0,9.0
2669,19.0,16.0,13.0,11.0
2670,20.0,18.0,15.0,13.0
2671,15.0,16.0,14.0,8.0
2672,11.0,12.0,10.0,7.0
2673,12.0,12.0,10.0,6.0
2674,14.0,9.0,11.0,8.0
2675,11.0,8.0,11.0,8.0
2676,8.0,6.0,8.0,6.0
2677,11.0,6.0,6.0,2.0
2678,11.0,5.0,8.0,1.0
2679,10.0,6.0,7.0,2.0
2680,10.0,6.0,7.0,2.0
2681,8.0,5.0,6.0,2.0
2682,5.0,5.0,5.0,3.0
2683,6.0,5.0,12.0,3.0
2684,6.0,6.0,13.0,2.0
2685,7.0,9.0,13.0,3.0
2686,8.0,10.0,15.0,4.0
2687,9.0,12.0,15.0,4.0
2688,9.0,15.0,16.0,6.0
2689,9.0,16.0,17.0,6.0
2690,9.0,17.0,17.0,7.0
2691,10.0,17.0,21.0,8.0
2692,12.0,18.0,21.0,9.0
2693,14.0,19.0,22.0,13.0
2694,15.0,19.0,24.0,13.0
2695,11.0,16.0,19.0,9.0
2696,9.0,14.0,15.0,6.0
2697,8.0,13.0,15.0,5.0
2698,8.0,13.0,16.0,3.0
2699,8.0,13.0,16.0,1.0
2700,7.0,12.0,13.0,1.0
2701,7.0,9.0,10.0,2.0
2702,9.0,5.0,11.0,2.0
2703,6.0,7.0,10.0,4.0
2704,3.0,3.0,9.0,4.0
2705,2.0,2.0,8.0,5.0
2706,1.0,3.0,4.0,5.0
2707,3.0,3.0,6.0,6.0
2708,4.0,4.0,7.0,8.0
2709,5.0,5.0,8.0,8.0
2710,5.0,5.0,10.0,10.0
2711,5.0,5.0,12.0,12.0
2712,6.0,5.0,13.0,15.0
2713,7.0,7.0,15.0,17.0
2714,8.0,9.0,20.0,18.0
2715,8.0,10.0,24.0,19.0
2716,9.0,10.0,25.0,20.0
2717,9.0,13.0,25.0,20.0
2718,9.0,13.0,26.0,24.0
2719,7.0,11.0,21.0,21.0
2720,8.0,11.0,19.0,18.0
2721,8.0,11.0,18.0,14.0
2722,8.0,14.0,19.0,13.0
2723,7.0,12.0,17.0,15.0
2724,3.0,8.0,15.0,15.0
2725,1.0,10.0,14.0,11.0
2726,2.0,7.0,13.0,9.0
2727,3.0,6.0,9.0,8.0
2728,4.0,4.0,6.0,7.0
2729,2.0,5.0,4.0,6.0
2730,3.0,4.0,4.0,4.0
2731,4.0,5.0,4.0,4.0
2732,5.0,6.0,6.0,3.0
2733,6.0,8.0,6.0,4.0
2734,7.0,9.0,6.0,6.0
2735,7.0,12.0,7.0,7.0
2736,7.0,12.0,7.0,11.0
2737,7.0,15.0,9.0,12.0
2738,8.0,16.0,10.0,15.0
2739,8.0,19.0,16.0,17.0
2740,10.0,20.0,18.0,18.0
2741,12.0,20.0,20.0,18.0
2742,12.0,21.0,21.0,21.0
2743,8.0,17.0,18.0,17.0
2744,4.0,17.0,16.0,15.0
2745,2.0,17.0,15.0,14.0
2746,2.0,13.0,17.0,14.0
2747,3.0,10.0,21.0,13.0
2748,6.0,8.0,25.0,12.0
2749,5.0,5.0,22.0,13.0
2750,4.0,8.0,20.0,12.0
2751,4.0,10.0,15.0,11.0
2752,5.0,8.0,14.0,10.0
2753,7.0,6.0,14.0,7.0
2754,6.0,3.0,15.0,8.0
2755,9.0,6.0,16.0,8.0
2756,12.0,8.0,17.0,8.0
2757,15.0,11.0,17.0,11.0
2758,16.0,14.0,17.0,12.0
2759,17.0,15.0,18.0,14.0
2760,18.0,16.0,20.0,14.0
2761,20.0,17.0,25.0,17.0
2762,21.0,18.0,27.0,19.0
2763,21.0,19.0,28.0,19.0
2764,23.0,19.0,29.0,20.0
2765,24.0,20.0,30.0,21.0
2766,24.0,21.0,31.0,22.0
2767,18.0,16.0,25.0,20.0
2768,16.0,14.0,21.0,18.0
2769,15.0,13.0,19.0,21.0
2770,14.0,11.0,19.0,19.0
2771,15.0,10.0,14.0,17.0
2772,13.0,10.0,14.0,16.0
2773,12.0,10.0,13.0,15.0
2774,8.0,11.0,13.0,13.0
2775,7.0,10.0,11.0,12.0
2776,5.0,7.0,7.0,8.0
2777,5.0,3.0,4.0,10.0
2778,3.0,3.0,4.0,13.0
2779,3.0,4.0,8.0,13.0
2780,4.0,5.0,9.0,16.0
2781,5.0,7.0,10.0,17.0
2782,6.0,9.0,13.0,19.0
2783,6.0,9.0,14.0,21.0
2784,6.0,9.0,16.0,24.0
2785,7.0,9.0,17.0,26.0
2786,7.0,12.0,17.0,28.0
2787,9.0,14.0,18.0,29.0
2788,11.0,16.0,18.0,30.0
2789,12.0,16.0,20.0,31.0
2790,13.0,18.0,21.0,31.0
2791,11.0,16.0,18.0,27.0
2792,10.0,13.0,15.0,22.0
2793,11.0,13.0,12.0,17.0
2794,10.0,12.0,10.0,12.0
2795,10.0,14.0,9.0,11.0
2796,10.0,13.0,10.0,12.0
2797,8.0,12.0,11.0,12.0
2798,6.0,8.0,9.0,14.0
2799,2.0,4.0,8.0,13.0
2800,7.0,3.0,8.0,13.0
2801,9.0,3.0,6.0,12.0
2802,8.0,5.0,3.0,10.0
2803,9.0,7.0,5.0,12.0
2804,11.0,9.0,5.0,14.0
2805,11.0,10.0,6.0,16.0
2806,12.0,9.0,7.0,18.0
2807,12.0,10.0,8.0,20.0
2808,13.0,10.0,10.0,22.0
2809,15.0,10.0,11.0,22.0
2810,16.0,12.0,11.0,27.0
2811,17.0,14.0,11.0,31.0
2812,17.0,16.0,12.0,33.0
2813,19.0,18.0,13.0,34.0
2814,19.0,18.0,13.0,34.0
2815,13.0,17.0,8.0,31.0
2816,11.0,19.0,7.0,30.0
2817,11.0,17.0,9.0,29.0
2818,12.0,12.0,8.0,29.0
2819,14.0,10.0,7.0,28.0
2820,14.0,9.0,5.0,28.0
2821,15.0,9.0,4.0,27.0
2822,13.0,9.0,6.0,25.0
2823,11.0,8.0,6.0,22.0
2824,7.0,5.0,4.0,19.0
2825,5.0,4.0,3.0,17.0
2826,4.0,4.0,7.0,14.0
2827,6.0,8.0,8.0,17.0
2828,7.0,9.0,9.0,19.0
2829,8.0,10.0,10.0,19.0
2830,8.0,10.0,11.0,23.0
2831,12.0,11.0,12.0,26.0
2832,14.0,12.0,12.0,26.0
2833,14.0,13.0,13.0,26.0
2834,14.0,15.0,15.0,31.0
2835,14.0,17.0,17.0,32.0
2836,14.0,19.0,17.0,33.0
2837,15.0,23.0,17.0,34.0
2838,18.0,24.0,17.0,34.0
2839,15.0,20.0,12.0,29.0
2840,13.0,20.0,12.0,29.0
2841,12.0,21.0,12.0,29.0
2842,12.0,18.0,10.0,27.0
2843,12.0,17.0,9.0,26.0
2844,10.0,16.0,5.0,26.0
2845,9.0,15.0,5.0,23.0
2846,9.0,14.0,4.0,23.0
2847,7.0,13.0,4.0,20.0
2848,6.0,13.0,5.0,16.0
2849,4.0,12.0,5.0,13.0
2850,4.0,8.0,3.0,12.0
2851,4.0,9.0,6.0,13.0
2852,4.0,10.0,6.0,15.0
2853,4.0,10.0,6.0,16.0
2854,6.0,12.0,6.0,17.0
2855,7.0,14.0,10.0,18.0
2856,8.0,15.0,10.0,19.0
2857,10.0,15.0,11.0,19.0
2858,11.0,16.0,11.0,20.0
2859,12.0,16.0,11.0,22.0
2860,14.0,16.0,11.0,25.0
2861,15.0,17.0,12.0,29.0
2862,15.0,18.0,14.0,29.0
2863,11.0,13.0,7.0,23.0
2864,11.0,9.0,5.0,22.0
2865,11.0,9.0,4.0,21.0
2866,10.0,7.0,4.0,21.0
2867,9.0,4.0,4.0,21.0
2868,9.0,4.0,5.0,20.0
2869,10.0,4.0,8.0,21.0
2870,9.0,3.0,7.0,19.0
2871,8.0,4.0,6.0,15.0
2872,4.0,5.0,7.0,10.0
2873,5.0,6.0,5.0,11.0
2874,5.0,3.0,4.0,9.0
2875,8.0,4.0,5.0,13.0
2876,9.0,6.0,5.0,14.0
2877,11.0,6.0,6.0,15.0
2878,13.0,7.0,7.0,16.0
2879,13.0,8.0,9.0,17.0
2880,14.0,9.0,10.0,18.0
2881,16.0,11.0,12.0,19.0
2882,18.0,14.0,13.0,19.0
2883,18.0,14.0,15.0,21.0
2884,19.0,14.0,17.0,22.0
2885,19.0,16.0,17.0,22.0
2886,20.0,18.0,19.0,25.0
2887,15.0,14.0,16.0,20.0
2888,12.0,13.0,13.0,19.0
2889,11.0,13.0,11.0,16.0
2890,10.0,11.0,11.0,14.0
2891,11.0,8.0,9.0,15.0
2892,9.0,9.0,7.0,16.0
2893,9.0,10.0,4.0,13.0
2894,8.0,9.0,1.0,11.0
2895,9.0,5.0,3.0,9.0
2896,7.0,4.0,5.0,7.0
2897,5.0,4.0,7.0,6.0
2898,2.0,4.0,5.0,3.0
2899,3.0,5.0,6.0,4.0
2900,6.0,5.0,6.0,4.0
2901,7.0,6.0,8.0,6.0
2902,8.0,6.0,9.0,7.0
2903,11.0,6.0,10.0,9.0
2904,13.0,6.0,11.0,11.0
2905,14.0,7.0,11.0,11.0
2906,14.0,8.0,12.0,12.0
2907,15.0,8.0,13.0,13.0
2908,16.0,10.0,14.0,13.0
2909,17.0,11.0,16.0,15.0
2910,17.0,14.0,18.0,16.0
2911,13.0,12.0,15.0,12.0
2912,10.0,12.0,14.0,11.0
2913,9.0,10.0,14.0,9.0
2914,10.0,9.0,12.0,8.0
2915,11.0,7.0,10.0,7.0
2916,12.0,4.0,9.0,6.0
2917,9.0,4.0,9.0,5.0
2918,7.0,6.0,8.0,4.0
2919,8.0,4.0,8.0,5.0
2920,6.0,5.0,5.0,9.0
2921,3.0,1.0,3.0,6.0
2922,2.0,3.0,1.0,5.0
2923,2.0,5.0,1.0,6.0
2924,3.0,7.0,1.0,9.0
2925,4.0,8.0,3.0,10.0
2926,5.0,8.0,4.0,10.0
2927,5.0,9.0,4.0,11.0
2928,7.0,11.0,5.0,13.0
2929,8.0,13.0,9.0,13.0
2930,9.0,13.0,10.0,16.0
2931,9.0,13.0,10.0,18.0
2932,12.0,13.0,13.0,19.0
2933,14.0,15.0,14.0,19.0
2934,17.0,15.0,14.0,19.0
2935,14.0,11.0,9.0,13.0
2936,14.0,11.0,11.0,8.0
2937,16.0,10.0,11.0,7.0
2938,19.0,8.0,13.0,7.0
2939,18.0,6.0,12.0,4.0
2940,15.0,5.0,13.0,4.0
2941,13.0,5.0,10.0,5.0
2942,11.0,6.0,8.0,4.0
2943,7.0,3.0,7.0,5.0
2944,4.0,2.0,6.0,4.0
2945,1.0,3.0,5.0,3.0
2946,0.0,4.0,2.0,2.0
2947,0.0,5.0,5.0,4.0
2948,0.0,7.0,5.0,4.0
2949,2.0,8.0,6.0,5.0
2950,5.0,9.0,6.0,5.0
2951,6.0,10.0,8.0,5.0
2952,6.0,10.0,8.0,8.0
2953,6.0,11.0,9.0,8.0
2954,8.0,13.0,10.0,11.0
2955,10.0,13.0,10.0,12.0
2956,11.0,16.0,10.0,14.0
2957,13.0,16.0,10.0,16.0
2958,15.0,16.0,12.0,17.0
2959,10.0,12.0,6.0,15.0
2960,13.0,9.0,4.0,12.0
2961,14.0,9.0,6.0,13.0
2962,13.0,10.0,6.0,13.0
2963,11.0,9.0,8.0,11.0
2964,10.0,6.0,6.0,10.0
2965,11.0,4.0,4.0,11.0
2966,7.0,5.0,2.0,7.0
2967,7.0,4.0,1.0,7.0
2968,7.0,4.0,2.0,6.0
2969,6.0,4.0,4.0,4.0
2970,3.0,3.0,5.0,4.0
2971,4.0,8.0,6.0,6.0
2972,6.0,9.0,10.0,6.0
2973,7.0,10.0,10.0,11.0
2974,9.0,10.0,11.0,11.0
2975,12.0,10.0,12.0,13.0
2976,15.0,11.0,13.0,16.0
2977,16.0,11.0,13.0,18.0
2978,20.0,12.0,13.0,18.0
2979,21.0,14.0,14.0,21.0
2980,21.0,17.0,16.0,21.0
2981,23.0,21.0,17.0,21.0
2982,24.0,24.0,17.0,21.0
2983,21.0,23.0,12.0,16.0
2984,20.0,21.0,10.0,14.0
2985,20.0,20.0,6.0,13.0
2986,17.0,19.0,4.0,12.0
2987,18.0,19.0,4.0,11.0
2988,17.0,16.0,2.0,11.0
2989,13.0,12.0,0.0,10.0
2990,9.0,6.0,1.0,7.0
2991,8.0,4.0,1.0,7.0
2992,7.0,4.0,2.0,6.0
2993,7.0,5.0,4.0,7.0
2994,6.0,7.0,4.0,7.0
2995,8.0,8.0,5.0,8.0
2996,9.0,9.0,6.0,9.0
2997,9.0,9.0,9.0,9.0
2998,11.0,11.0,11.0,9.0
2999,12.0,11.0,11.0,10.0
3000,14.0,12.0,13.0,11.0
3001,15.0,14.0,16.0,11.0
3002,14.0,14.0,16.0,11.0
3003,15.0,18.0,18.0,13.0
3004,15.0,19.0,19.0,14.0
3005,18.0,20.0,19.0,14.0
3006,18.0,22.0,21.0,17.0
3007,14.0,19.0,19.0,16.0
3008,12.0,16.0,16.0,15.0
3009,10.0,16.0,16.0,12.0
3010,8.0,15.0,13.0,10.0
3011,9.0,19.0,12.0,8.0
3012,8.0,16.0,9.0,7.0
3013,8.0,13.0,7.0,8.0
3014,5.0,11.0,5.0,7.0
3015,2.0,8.0,6.0,8.0
3016,2.0,7.0,4.0,8.0
3017,1.0,8.0,4.0,6.0
3018,1.0,11.0,4.0,3.0
3019,1.0,14.0,5.0,3.0
3020,2.0,14.0,6.0,5.0
3021,3.0,15.0,6.0,5.0
3022,7.0,16.0,9.0,6.0
3023,7.0,17.0,8.0,7.0
3024,9.0,21.0,10.0,7.0
3025,11.0,21.0,12.0,10.0
3026,12.0,22.0,14.0,11.0
3027,15.0,24.0,14.0,12.0
3028,16.0,25.0,15.0,14.0
3029,17.0,28.0,17.0,14.0
3030,17.0,29.0,19.0,17.0
3031,13.0,25.0,14.0,17.0
3032,13.0,21.0,13.0,18.0
3033,12.0,19.0,15.0,15.0
3034,11.0,18.0,15.0,13.0
3035,10.0,17.0,14.0,12.0
3036,7.0,16.0,11.0,10.0
3037,7.0,17.0,11.0,8.0
3038,9.0,15.0,10.0,6.0
3039,9.0,12.0,11.0,3.0
3040,7.0,7.0,11.0,3.0
3041,4.0,4.0,10.0,2.0
3042,2.0,4.0,7.0,2.0
3043,4.0,4.0,6.0,3.0
3044,5.0,5.0,6.0,4.0
3045,5.0,6.0,9.0,4.0
3046,5.0,6.0,9.0,4.0
3047,6.0,6.0,10.0,4.0
3048,8.0,8.0,11.0,8.0
3049,11.0,10.0,11.0,9.0
3050,11.0,11.0,11.0,9.0
3051,12.0,12.0,14.0,10.0
3052,14.0,14.0,15.0,12.0
3053,18.0,15.0,16.0,12.0
3054,19.0,15.0,16.0,14.0
3055,14.0,14.0,11.0,13.0
3056,12.0,13.0,14.0,14.0
3057,11.0,13.0,12.0,13.0
3058,11.0,12.0,10.0,12.0
3059,12.0,12.0,9.0,12.0
3060,11.0,15.0,5.0,14.0
3061,8.0,14.0,6.0,12.0
3062,4.0,11.0,7.0,10.0
3063,5.0,8.0,6.0,9.0
3064,3.0,7.0,6.0,7.0
3065,7.0,7.0,2.0,6.0
3066,8.0,9.0,0.0,3.0
3067,10.0,12.0,2.0,4.0
3068,11.0,14.0,3.0,5.0
3069,14.0,15.0,4.0,5.0
3070,18.0,16.0,6.0,5.0
3071,18.0,16.0,11.0,6.0
3072,20.0,17.0,14.0,7.0
3073,20.0,17.0,15.0,8.0
3074,21.0,20.0,15.0,11.0
3075,22.0,20.0,16.0,11.0
3076,23.0,23.0,18.0,14.0
3077,26.0,24.0,19.0,15.0
3078,27.0,27.0,21.0,15.0
3079,21.0,21.0,18.0,12.0
3080,20.0,19.0,16.0,12.0
3081,19.0,15.0,14.0,11.0
3082,15.0,17.0,15.0,9.0
3083,16.0,16.0,13.0,10.0
3084,13.0,14.0,12.0,8.0
3085,11.0,15.0,9.0,5.0
3086,11.0,12.0,10.0,6.0
3087,9.0,8.0,8.0,7.0
3088,10.0,6.0,6.0,6.0
3089,7.0,5.0,4.0,5.0
3090,5.0,4.0,3.0,5.0
3091,5.0,5.0,4.0,7.0
3092,6.0,6.0,4.0,9.0
3093,7.0,7.0,4.0,10.0
3094,9.0,10.0,4.0,11.0
3095,9.0,12.0,5.0,12.0
3096,10.0,13.0,5.0,12.0
3097,11.0,14.0,7.0,15.0
3098,13.0,14.0,8.0,16.0
3099,14.0,15.0,8.0,16.0
3100,16.0,18.0,8.0,18.0
3101,18.0,19.0,11.0,20.0
3102,19.0,20.0,12.0,21.0
3103,17.0,18.0,8.0,17.0
3104,14.0,17.0,9.0,13.0
3105,15.0,18.0,7.0,11.0
3106,12.0,18.0,8.0,12.0
3107,14.0,17.0,8.0,11.0
3108,15.0,15.0,9.0,6.0
3109,15.0,15.0,6.0,1.0
3110,15.0,13.0,3.0,1.0
3111,14.0,11.0,2.0,3.0
3112,14.0,10.0,5.0,4.0
3113,13.0,6.0,6.0,5.0
3114,10.0,8.0,3.0,5.0
3115,11.0,9.0,4.0,6.0
3116,12.0,11.0,5.0,6.0
3117,17.0,16.0,6.0,6.0
3118,16.0,16.0,6.0,6.0
3119,18.0,17.0,7.0,7.0
3120,19.0,20.0,9.0,8.0
3121,21.0,21.0,12.0,8.0
3122,22.0,22.0,12.0,10.0
3123,22.0,23.0,12.0,11.0
3124,22.0,28.0,12.0,13.0
3125,23.0,30.0,12.0,16.0
3126,25.0,30.0,13.0,18.0
3127,20.0,25.0,9.0,16.0
3128,16.0,21.0,9.0,16.0
3129,16.0,18.0,9.0,15.0
3130,14.0,16.0,9.0,15.0
3131,11.0,16.0,11.0,14.0
3132,10.0,13.0,12.0,16.0
3133,9.0,10.0,11.0,13.0
3134,7.0,11.0,7.0,12.0
3135,7.0,10.0,5.0,9.0
3136,3.0,11.0,2.0,9.0
3137,5.0,9.0,1.0,7.0
3138,5.0,8.0,2.0,4.0
3139,7.0,8.0,6.0,4.0
3140,10.0,8.0,8.0,5.0
3141,13.0,10.0,9.0,10.0
3142,15.0,12.0,8.0,10.0
3143,15.0,13.0,10.0,11.0
3144,15.0,13.0,10.0,12.0
3145,17.0,16.0,11.0,12.0
3146,18.0,18.0,13.0,13.0
3147,18.0,19.0,16.0,14.0
3148,18.0,20.0,19.0,14.0
3149,23.0,21.0,21.0,14.0
3150,25.0,23.0,24.0,17.0
3151,20.0,18.0,20.0,15.0
3152,17.0,15.0,17.0,14.0
3153,20.0,13.0,17.0,13.0
3154,21.0,15.0,18.0,11.0
3155,18.0,15.0,17.0,11.0
3156,18.0,15.0,16.0,10.0
3157,18.0,15.0,14.0,8.0
3158,16.0,12.0,12.0,10.0
3159,13.0,9.0,10.0,10.0
3160,12.0,6.0,8.0,8.0
3161,10.0,3.0,5.0,5.0
3162,7.0,2.0,4.0,4.0
3163,8.0,3.0,6.0,7.0
3164,10.0,3.0,8.0,11.0
3165,14.0,3.0,9.0,11.0
3166,15.0,5.0,8.0,14.0
3167,16.0,8.0,9.0,14.0
3168,17.0,10.0,9.0,16.0
3169,17.0,12.0,13.0,16.0
3170,18.0,14.0,14.0,16.0
3171,19.0,15.0,15.0,17.0
3172,20.0,17.0,16.0,19.0
3173,24.0,18.0,17.0,20.0
3174,26.0,20.0,18.0,20.0
3175,22.0,18.0,15.0,15.0
3176,19.0,15.0,14.0,12.0
3177,17.0,14.0,14.0,11.0
3178,18.0,12.0,12.0,11.0
3179,17.0,13.0,11.0,10.0
3180,19.0,10.0,13.0,12.0
3181,17.0,9.0,13.0,11.0
3182,16.0,7.0,10.0,10.0
3183,14.0,8.0,8.0,10.0
3184,12.0,8.0,5.0,5.0
3185,9.0,3.0,3.0,2.0
3186,7.0,2.0,3.0,0.0
3187,7.0,3.0,4.0,2.0
3188,9.0,3.0,5.0,5.0
3189,9.0,8.0,5.0,7.0
3190,9.0,10.0,9.0,8.0
3191,13.0,12.0,10.0,10.0
3192,13.0,13.0,10.0,11.0
3193,15.0,18.0,10.0,13.0
3194,17.0,18.0,10.0,13.0
3195,18.0,21.0,12.0,16.0
3196,19.0,21.0,13.0,17.0
3197,20.0,21.0,14.0,17.0
3198,25.0,21.0,15.0,19.0
3199,21.0,16.0,11.0,16.0
3200,17.0,17.0,10.0,14.0
3201,14.0,16.0,11.0,15.0
3202,15.0,14.0,9.0,14.0
3203,14.0,11.0,8.0,12.0
3204,14.0,8.0,5.0,13.0
3205,13.0,8.0,3.0,12.0
3206,12.0,6.0,2.0,10.0
3207,9.0,6.0,4.0,11.0
3208,7.0,5.0,3.0,8.0
3209,5.0,3.0,4.0,5.0
3210,5.0,2.0,4.0,3.0
3211,7.0,4.0,7.0,5.0
3212,8.0,7.0,9.0,5.0
3213,9.0,9.0,9.0,9.0
3214,10.0,8.0,10.0,10.0
3215,10.0,8.0,12.0,11.0
3216,11.0,9.0,13.0,12.0
3217,13.0,10.0,13.0,15.0
3218,14.0,12.0,14.0,16.0
3219,16.0,13.0,14.0,17.0
3220,16.0,16.0,16.0,18.0
3221,16.0,17.0,19.0,18.0
3222,18.0,20.0,21.0,19.0
3223,12.0,17.0,17.0,14.0
3224,11.0,15.0,14.0,10.0
3225,13.0,16.0,12.0,9.0
3226,13.0,14.0,10.0,7.0
3227,12.0,13.0,8.0,8.0
3228,9.0,11.0,8.0,8.0
3229,6.0,9.0,7.0,5.0
3230,4.0,12.0,5.0,5.0
3231,4.0,11.0,2.0,4.0
3232,5.0,9.0,2.0,2.0
3233,4.0,7.0,1.0,4.0
3234,2.0,8.0,2.0,5.0
3235,4.0,10.0,3.0,7.0
3236,4.0,11.0,5.0,8.0
3237,5.0,12.0,4.0,11.0
3238,5.0,13.0,6.0,13.0
3239,9.0,14.0,7.0,13.0
3240,9.0,14.0,8.0,14.0
3241,10.0,15.0,8.0,15.0
3242,12.0,17.0,12.0,17.0
3243,12.0,18.0,14.0,17.0
3244,14.0,20.0,17.0,17.0
3245,15.0,22.0,18.0,17.0
3246,16.0,23.0,19.0,20.0
3247,13.0,18.0,15.0,15.0
3248,12.0,16.0,14.0,11.0
3249,10.0,14.0,15.0,6.0
3250,10.0,12.0,16.0,7.0
3251,11.0,10.0,16.0,6.0
3252,11.0,10.0,14.0,5.0
3253,8.0,8.0,12.0,3.0
3254,6.0,6.0,10.0,2.0
3255,8.0,4.0,9.0,2.0
3256,5.0,1.0,9.0,4.0
3257,7.0,3.0,7.0,6.0
3258,7.0,3.0,6.0,3.0
3259,7.0,4.0,10.0,4.0
3260,8.0,6.0,12.0,9.0
3261,8.0,8.0,12.0,12.0
3262,9.0,8.0,14.0,13.0
3263,9.0,10.0,16.0,15.0
3264,11.0,10.0,17.0,17.0
3265,11.0,13.0,18.0,18.0
3266,13.0,13.0,19.0,20.0
3267,13.0,18.0,19.0,21.0
3268,15.0,19.0,19.0,22.0
3269,17.0,19.0,20.0,22.0
3270,19.0,19.0,22.0,24.0
3271,17.0,14.0,18.0,19.0
3272,16.0,12.0,16.0,15.0
3273,15.0,14.0,12.0,16.0
3274,15.0,18.0,10.0,15.0
3275,13.0,17.0,10.0,13.0
3276,16.0,14.0,8.0,11.0
3277,15.0,12.0,6.0,9.0
3278,13.0,10.0,6.0,7.0
3279,8.0,6.0,4.0,4.0
3280,6.0,3.0,4.0,2.0
3281,4.0,2.0,2.0,1.0
3282,2.0,2.0,2.0,1.0
3283,3.0,2.0,3.0,2.0
3284,3.0,2.0,3.0,5.0
3285,2.0,3.0,3.0,6.0
3286,2.0,4.0,5.0,6.0
3287,2.0,6.0,8.0,8.0
3288,3.0,6.0,8.0,9.0
3289,4.0,7.0,8.0,10.0
3290,4.0,8.0,11.0,13.0
3291,4.0,11.0,13.0,13.0
3292,5.0,12.0,15.0,15.0
3293,10.0,16.0,15.0,17.0
3294,10.0,17.0,17.0,19.0
3295,8.0,15.0,14.0,14.0
3296,8.0,12.0,12.0,15.0
3297,8.0,12.0,11.0,15.0
3298,9.0,13.0,13.0,16.0
3299,9.0,13.0,14.0,15.0
3300,7.0,12.0,14.0,12.0
3301,8.0,10.0,13.0,10.0
3302,7.0,8.0,9.0,6.0
3303,6.0,6.0,6.0,3.0
3304,4.0,4.0,5.0,3.0
3305,4.0,3.0,3.0,3.0
3306,5.0,6.0,3.0,2.0
3307,6.0,9.0,5.0,3.0
3308,9.0,9.0,6.0,3.0
3309,14.0,10.0,6.0,5.0
3310,17.0,10.0,6.0,5.0
3311,18.0,11.0,7.0,5.0
3312,21.0,14.0,10.0,6.0
3313,21.0,14.0,11.0,7.0
3314,22.0,15.0,13.0,9.0
3315,25.0,19.0,14.0,11.0
3316,26.0,19.0,14.0,12.0
3317,26.0,19.0,14.0,14.0
3318,28.0,19.0,14.0,16.0
3319,23.0,15.0,11.0,14.0
3320,18.0,12.0,8.0,13.0
3321,14.0,10.0,8.0,15.0
3322,10.0,11.0,10.0,14.0
3323,11.0,9.0,10.0,10.0
3324,10.0,7.0,8.0,10.0
3325,7.0,7.0,7.0,8.0
3326,7.0,7.0,5.0,9.0
3327,7.0,6.0,3.0,9.0
3328,6.0,4.0,2.0,7.0
3329,5.0,4.0,2.0,4.0
3330,5.0,2.0,2.0,5.0
3331,6.0,2.0,4.0,7.0
3332,7.0,2.0,6.0,8.0
3333,10.0,5.0,7.0,11.0
3334,11.0,7.0,8.0,13.0
3335,12.0,10.0,9.0,14.0
3336,14.0,12.0,12.0,17.0
3337,15.0,13.0,15.0,21.0
3338,17.0,14.0,17.0,21.0
3339,19.0,14.0,17.0,22.0
3340,21.0,15.0,19.0,22.0
3341,22.0,16.0,19.0,24.0
3342,24.0,19.0,19.0,26.0
3343,23.0,16.0,14.0,22.0
3344,19.0,14.0,12.0,20.0
3345,18.0,14.0,12.0,18.0
3346,18.0,13.0,10.0,18.0
3347,17.0,14.0,11.0,16.0
3348,14.0,13.0,9.0,14.0
3349,12.0,10.0,6.0,11.0
3350,11.0,6.0,5.0,8.0
3351,9.0,4.0,4.0,4.0
3352,6.0,3.0,5.0,2.0
3353,3.0,3.0,4.0,3.0
3354,5.0,3.0,3.0,4.0
3355,6.0,3.0,5.0,5.0
3356,6.0,4.0,8.0,7.0
3357,7.0,8.0,8.0,7.0
3358,8.0,10.0,11.0,9.0
3359,9.0,12.0,12.0,12.0
3360,9.0,16.0,14.0,12.0
3361,11.0,19.0,15.0,12.0
3362,13.0,23.0,16.0,13.0
3363,14.0,26.0,19.0,14.0
3364,15.0,29.0,21.0,15.0
3365,17.0,30.0,21.0,18.0
3366,19.0,32.0,22.0,19.0
3367,16.0,32.0,18.0,17.0
3368,15.0,30.0,15.0,18.0
3369,16.0,30.0,14.0,16.0
3370,13.0,26.0,16.0,13.0
3371,16.0,25.0,20.0,11.0
3372,14.0,24.0,16.0,15.0
3373,13.0,25.0,14.0,16.0
3374,9.0,20.0,11.0,15.0
3375,7.0,15.0,9.0,13.0
3376,7.0,12.0,10.0,11.0
3377,6.0,8.0,9.0,10.0
3378,4.0,5.0,6.0,9.0
3379,4.0,7.0,7.0,9.0
3380,5.0,8.0,10.0,10.0
3381,6.0,9.0,12.0,12.0
3382,8.0,12.0,12.0,13.0
3383,10.0,15.0,13.0,15.0
3384,9.0,17.0,14.0,17.0
3385,11.0,21.0,15.0,18.0
3386,12.0,24.0,17.0,20.0
3387,13.0,27.0,17.0,22.0
3388,14.0,31.0,18.0,24.0
3389,14.0,31.0,20.0,28.0
3390,14.0,31.0,20.0,31.0
3391,9.0,28.0,19.0,27.0
3392,7.0,26.0,16.0,24.0
3393,7.0,25.0,12.0,22.0
3394,8.0,27.0,12.0,21.0
3395,6.0,26.0,11.0,21.0
3396,7.0,24.0,10.0,18.0
3397,5.0,21.0,8.0,15.0
3398,4.0,16.0,6.0,14.0
3399,3.0,13.0,6.0,12.0
3400,2.0,12.0,5.0,12.0
3401,1.0,11.0,5.0,11.0
3402,3.0,9.0,8.0,9.0
3403,4.0,9.0,8.0,8.0
3404,5.0,9.0,13.0,10.0
3405,5.0,10.0,16.0,12.0
3406,5.0,13.0,17.0,14.0
3407,5.0,13.0,17.0,16.0
3408,6.0,13.0,20.0,17.0
3409,8.0,14.0,21.0,17.0
3410,9.0,14.0,24.0,19.0
3411,10.0,14.0,25.0,22.0
3412,11.0,17.0,27.0,24.0
3413,12.0,17.0,29.0,24.0
3414,14.0,17.0,30.0,26.0
3415,8.0,12.0,23.0,21.0
3416,4.0,12.0,18.0,18.0
3417,8.0,13.0,15.0,19.0
3418,9.0,14.0,15.0,20.0
3419,8.0,11.0,13.0,20.0
3420,4.0,12.0,12.0,19.0
3421,4.0,11.0,11.0,19.0
3422,4.0,15.0,6.0,16.0
3423,4.0,13.0,2.0,13.0
3424,6.0,10.0,1.0,12.0
3425,5.0,7.0,2.0,9.0
3426,4.0,3.0,1.0,7.0
3427,4.0,3.0,3.0,9.0
3428,5.0,4.0,3.0,11.0
3429,7.0,6.0,5.0,11.0
3430,8.0,6.0,6.0,11.0
3431,9.0,6.0,7.0,11.0
3432,10.0,7.0,9.0,14.0
3433,10.0,10.0,9.0,15.0
3434,11.0,10.0,10.0,15.0
3435,15.0,12.0,12.0,15.0
3436,16.0,13.0,13.0,17.0
3437,21.0,14.0,14.0,17.0
3438,21.0,18.0,15.0,19.0
3439,17.0,15.0,12.0,15.0
3440,15.0,15.0,12.0,13.0
3441,15.0,16.0,13.0,14.0
3442,13.0,14.0,11.0,17.0
3443,14.0,11.0,8.0,16.0
3444,16.0,12.0,9.0,12.0
3445,14.0,10.0,10.0,13.0
3446,16.0,10.0,11.0,11.0
3447,16.0,7.0,7.0,10.0
3448,13.0,7.0,8.0,9.0
3449,8.0,7.0,3.0,7.0
3450,8.0,7.0,3.0,5.0
3451,8.0,9.0,5.0,6.0
3452,10.0,10.0,8.0,6.0
3453,11.0,11.0,13.0,8.0
3454,11.0,13.0,14.0,11.0
3455,11.0,14.0,17.0,13.0
3456,12.0,15.0,19.0,13.0
3457,13.0,15.0,20.0,14.0
3458,15.0,16.0,20.0,20.0
3459,16.0,16.0,21.0,21.0
3460,16.0,19.0,21.0,22.0
3461,19.0,21.0,22.0,23.0
3462,20.0,22.0,22.0,26.0
3463,19.0,16.0,18.0,19.0
3464,15.0,15.0,17.0,16.0
3465,16.0,13.0,17.0,16.0
3466,14.0,11.0,16.0,17.0
3467,12.0,10.0,15.0,15.0
3468,8.0,9.0,13.0,14.0
3469,10.0,6.0,13.0,13.0
3470,11.0,6.0,11.0,9.0
3471,10.0,5.0,7.0,9.0
3472,6.0,4.0,5.0,5.0
3473,3.0,3.0,6.0,5.0
3474,6.0,3.0,7.0,3.0
3475,6.0,6.0,9.0,2.0
3476,6.0,7.0,9.0,2.0
3477,6.0,10.0,12.0,2.0
3478,6.0,11.0,13.0,3.0
3479,8.0,12.0,13.0,5.0
3480,9.0,15.0,14.0,9.0
3481,14.0,17.0,16.0,12.0
3482,14.0,17.0,18.0,18.0
3483,16.0,17.0,18.0,19.0
3484,17.0,17.0,19.0,23.0
3485,17.0,20.0,19.0,23.0
3486,18.0,21.0,20.0,26.0
3487,17.0,17.0,14.0,23.0
3488,19.0,19.0,14.0,25.0
3489,18.0,16.0,15.0,26.0
3490,18.0,14.0,15.0,23.0
3491,15.0,11.0,13.0,22.0
3492,12.0,12.0,12.0,23.0
3493,10.0,10.0,9.0,19.0
3494,10.0,8.0,8.0,17.0
3495,11.0,8.0,9.0,14.0
3496,8.0,6.0,8.0,13.0
3497,7.0,3.0,6.0,10.0
3498,4.0,1.0,4.0,5.0
3499,5.0,1.0,5.0,4.0
3500,5.0,3.0,6.0,4.0
3501,7.0,5.0,7.0,4.0
3502,8.0,5.0,10.0,4.0
3503,9.0,8.0,12.0,4.0
3504,10.0,8.0,14.0,4.0
3505,11.0,9.0,16.0,4.0
3506,11.0,10.0,16.0,6.0
3507,13.0,10.0,17.0,7.0
3508,13.0,11.0,17.0,9.0
3509,15.0,11.0,17.0,10.0
3510,15.0,11.0,19.0,12.0
3511,9.0,8.0,14.0,9.0
3512,8.0,8.0,14.0,14.0
3513,8.0,10.0,15.0,14.0
3514,8.0,11.0,15.0,12.0
3515,11.0,12.0,16.0,10.0
3516,12.0,10.0,13.0,10.0
3517,13.0,6.0,12.0,7.0
3518,13.0,5.0,9.0,3.0
3519,11.0,6.0,8.0,2.0
3520,9.0,6.0,10.0,1.0
3521,8.0,4.0,11.0,3.0
3522,6.0,4.0,6.0,2.0
3523,12.0,4.0,9.0,3.0
3524,13.0,6.0,9.0,7.0
3525,14.0,8.0,9.0,8.0
3526,14.0,9.0,9.0,8.0
3527,15.0,8.0,10.0,9.0
3528,15.0,8.0,11.0,12.0
3529,15.0,10.0,11.0,12.0
3530,15.0,10.0,10.0,12.0
3531,15.0,11.0,11.0,13.0
3532,15.0,12.0,13.0,14.0
3533,16.0,16.0,15.0,15.0
3534,16.0,18.0,17.0,18.0
3535,11.0,14.0,11.0,16.0
3536,6.0,12.0,9.0,16.0
3537,7.0,11.0,8.0,14.0
3538,6.0,10.0,9.0,17.0
3539,6.0,10.0,8.0,15.0
3540,5.0,7.0,6.0,11.0
3541,5.0,9.0,6.0,8.0
3542,4.0,7.0,7.0,11.0
3543,4.0,4.0,5.0,10.0
3544,4.0,2.0,6.0,7.0
3545,4.0,2.0,6.0,10.0
3546,4.0,1.0,8.0,9.0
3547,6.0,2.0,10.0,10.0
3548,7.0,2.0,11.0,13.0
3549,9.0,3.0,12.0,14.0
3550,9.0,5.0,12.0,16.0
3551,12.0,6.0,12.0,17.0
3552,14.0,6.0,12.0,19.0
3553,15.0,6.0,12.0,20.0
3554,18.0,6.0,13.0,20.0
3555,20.0,6.0,14.0,21.0
3556,21.0,6.0,17.0,22.0
3557,22.0,7.0,18.0,25.0
3558,22.0,9.0,20.0,27.0
3559,20.0,6.0,18.0,21.0
3560,15.0,5.0,18.0,20.0
3561,13.0,4.0,15.0,21.0
3562,12.0,5.0,13.0,22.0
3563,11.0,7.0,12.0,20.0
3564,12.0,7.0,14.0,19.0
3565,12.0,4.0,11.0,15.0
3566,9.0,2.0,8.0,14.0
3567,7.0,1.0,6.0,12.0
3568,4.0,2.0,4.0,10.0
3569,6.0,2.0,3.0,7.0
3570,7.0,1.0,4.0,7.0
3571,8.0,2.0,7.0,8.0
3572,10.0,4.0,7.0,8.0
3573,11.0,4.0,8.0,7.0
3574,13.0,5.0,10.0,8.0
3575,15.0,5.0,11.0,8.0
3576,17.0,5.0,11.0,11.0
3577,19.0,7.0,11.0,12.0
3578,19.0,9.0,11.0,14.0
3579,20.0,11.0,12.0,15.0
3580,21.0,11.0,13.0,17.0
3581,25.0,14.0,14.0,17.0
3582,27.0,15.0,15.0,19.0
3583,22.0,13.0,11.0,16.0
3584,19.0,10.0,10.0,12.0
3585,15.0,10.0,8.0,12.0
3586,17.0,8.0,9.0,13.0
3587,15.0,7.0,9.0,13.0
3588,13.0,6.0,7.0,12.0
3589,13.0,4.0,10.0,9.0
3590,9.0,3.0,8.0,9.0
3591,8.0,2.0,8.0,6.0
3592,7.0,2.0,7.0,5.0
3593,6.0,2.0,7.0,6.0
3594,4.0,1.0,8.0,4.0
3595,4.0,1.0,9.0,6.0
3596,7.0,3.0,9.0,9.0
3597,8.0,4.0,9.0,12.0
3598,9.0,6.0,10.0,14.0
3599,12.0,6.0,12.0,19.0
3600,11.0,7.0,13.0,19.0
3601,12.0,8.0,14.0,20.0
3602,12.0,10.0,14.0,21.0
3603,13.0,11.0,14.0,21.0
3604,14.0,12.0,16.0,22.0
3605,14.0,12.0,18.0,23.0
3606,16.0,14.0,20.0,26.0
3607,12.0,11.0,14.0,20.0
3608,11.0,9.0,11.0,18.0
3609,12.0,10.0,9.0,17.0
3610,11.0,10.0,10.0,15.0
3611,10.0,9.0,10.0,13.0
3612,8.0,7.0,11.0,12.0
3613,5.0,6.0,10.0,10.0
3614,2.0,4.0,7.0,11.0
3615,3.0,5.0,7.0,10.0
3616,2.0,6.0,4.0,5.0
3617,1.0,6.0,2.0,2.0
3618,3.0,5.0,3.0,2.0
3619,3.0,6.0,3.0,2.0
3620,5.0,7.0,4.0,3.0
3621,6.0,9.0,8.0,3.0
3622,6.0,11.0,9.0,3.0
3623,8.0,13.0,11.0,4.0
3624,12.0,13.0,13.0,4.0
3625,12.0,14.0,13.0,5.0
3626,12.0,15.0,15.0,7.0
3627,14.0,16.0,16.0,10.0
3628,15.0,17.0,19.0,11.0
3629,17.0,17.0,20.0,10.0
3630,17.0,19.0,23.0,11.0
3631,14.0,16.0,20.0,6.0
3632,13.0,14.0,18.0,7.0
3633,15.0,13.0,18.0,6.0
3634,16.0,12.0,16.0,6.0
3635,14.0,13.0,19.0,6.0
3636,11.0,11.0,18.0,5.0
3637,7.0,7.0,18.0,5.0
3638,5.0,5.0,18.0,5.0
3639,5.0,3.0,16.0,5.0
3640,4.0,3.0,14.0,3.0
3641,6.0,4.0,9.0,2.0
3642,4.0,3.0,6.0,3.0
3643,5.0,3.0,6.0,3.0
3644,9.0,4.0,6.0,3.0
3645,9.0,4.0,6.0,4.0
3646,12.0,6.0,7.0,6.0
3647,14.0,6.0,10.0,7.0
3648,16.0,8.0,11.0,7.0
3649,19.0,9.0,13.0,10.0
3650,22.0,10.0,14.0,11.0
3651,23.0,12.0,15.0,11.0
3652,24.0,13.0,15.0,12.0
3653,25.0,13.0,15.0,13.0
3654,27.0,14.0,15.0,14.0
3655,27.0,11.0,16.0,10.0
3656,23.0,12.0,15.0,7.0
3657,19.0,10.0,13.0,7.0
3658,18.0,11.0,14.0,8.0
3659,17.0,11.0,12.0,8.0
3660,16.0,11.0,13.0,8.0
3661,14.0,10.0,12.0,8.0
3662,12.0,12.0,9.0,8.0
3663,10.0,8.0,8.0,7.0
3664,13.0,4.0,6.0,6.0
3665,12.0,2.0,4.0,5.0
3666,9.0,2.0,2.0,5.0
3667,9.0,2.0,3.0,5.0
3668,13.0,3.0,5.0,6.0
3669,14.0,2.0,5.0,5.0
3670,14.0,4.0,7.0,6.0
3671,18.0,5.0,12.0,11.0
3672,18.0,6.0,12.0,12.0
3673,19.0,6.0,13.0,15.0
3674,21.0,11.0,13.0,15.0
3675,22.0,11.0,14.0,18.0
3676,23.0,13.0,14.0,20.0
3677,23.0,14.0,16.0,20.0
3678,26.0,16.0,17.0,20.0
3679,20.0,13.0,14.0,18.0
3680,17.0,10.0,12.0,17.0
3681,16.0,10.0,13.0,16.0
3682,15.0,9.0,14.0,15.0
3683,14.0,9.0,18.0,13.0
3684,13.0,7.0,17.0,10.0
3685,12.0,6.0,16.0,8.0
3686,11.0,5.0,14.0,5.0
3687,9.0,3.0,12.0,4.0
3688,8.0,4.0,9.0,2.0
3689,5.0,6.0,8.0,3.0
3690,3.0,5.0,8.0,4.0
3691,3.0,6.0,7.0,8.0
3692,4.0,7.0,9.0,9.0
3693,6.0,9.0,10.0,10.0
3694,6.0,13.0,11.0,10.0
3695,8.0,15.0,13.0,12.0
3696,8.0,14.0,15.0,13.0
3697,10.0,14.0,16.0,17.0
3698,11.0,14.0,17.0,19.0
3699,11.0,16.0,17.0,25.0
3700,12.0,18.0,18.0,27.0
3701,15.0,20.0,19.0,28.0
3702,16.0,21.0,20.0,29.0
3703,12.0,16.0,17.0,26.0
3704,10.0,14.0,15.0,23.0
3705,14.0,14.0,12.0,20.0
3706,14.0,12.0,12.0,19.0
3707,14.0,9.0,10.0,18.0
3708,13.0,8.0,9.0,17.0
3709,11.0,7.0,9.0,17.0
3710,8.0,7.0,7.0,17.0
3711,9.0,5.0,6.0,17.0
3712,6.0,3.0,2.0,15.0
3713,8.0,2.0,0.0,10.0
3714,7.0,3.0,1.0,8.0
3715,9.0,4.0,6.0,10.0
3716,9.0,5.0,6.0,11.0
3717,9.0,7.0,7.0,14.0
3718,11.0,9.0,7.0,14.0
3719,14.0,9.0,9.0,16.0
3720,17.0,10.0,11.0,16.0
3721,18.0,10.0,13.0,16.0
3722,23.0,14.0,14.0,17.0
3723,26.0,17.0,14.0,20.0
3724,28.0,19.0,17.0,21.0
3725,29.0,21.0,17.0,23.0
3726,30.0,21.0,19.0,26.0
3727,27.0,16.0,14.0,21.0
3728,22.0,15.0,14.0,20.0
3729,22.0,16.0,14.0,18.0
3730,21.0,18.0,13.0,15.0
3731,22.0,18.0,11.0,13.0
3732,22.0,15.0,11.0,15.0
3733,20.0,13.0,9.0,12.0
3734,20.0,10.0,6.0,11.0
3735,19.0,8.0,3.0,11.0
3736,18.0,7.0,2.0,7.0
3737,18.0,5.0,3.0,3.0
3738,17.0,5.0,5.0,2.0
3739,15.0,6.0,5.0,3.0
3740,17.0,8.0,6.0,5.0
3741,19.0,10.0,6.0,6.0
3742,19.0,10.0,6.0,7.0
3743,22.0,13.0,8.0,9.0
3744,23.0,14.0,9.0,9.0
3745,23.0,17.0,10.0,12.0
3746,23.0,19.0,12.0,12.0
3747,26.0,21.0,14.0,15.0
3748,26.0,23.0,15.0,16.0
3749,26.0,23.0,15.0,17.0
3750,29.0,24.0,19.0,17.0
3751,26.0,17.0,15.0,14.0
3752,25.0,14.0,12.0,14.0
3753,23.0,13.0,12.0,13.0
3754,21.0,16.0,10.0,14.0
3755,19.0,14.0,12.0,14.0
3756,17.0,12.0,12.0,11.0
3757,18.0,11.0,10.0,9.0
3758,16.0,11.0,8.0,7.0
3759,12.0,7.0,8.0,5.0
3760,12.0,6.0,4.0,4.0
3761,11.0,6.0,6.0,3.0
3762,9.0,6.0,5.0,3.0
3763,9.0,7.0,7.0,3.0
3764,10.0,8.0,8.0,4.0
3765,11.0,8.0,11.0,5.0
3766,12.0,9.0,11.0,7.0
3767,15.0,9.0,11.0,9.0
3768,14.0,9.0,13.0,9.0
3769,18.0,9.0,15.0,10.0
3770,20.0,11.0,16.0,10.0
3771,21.0,12.0,19.0,10.0
3772,23.0,13.0,21.0,13.0
3773,24.0,14.0,21.0,17.0
3774,27.0,15.0,24.0,18.0
3775,23.0,12.0,19.0,15.0
3776,21.0,11.0,16.0,12.0
3777,20.0,9.0,18.0,12.0
3778,21.0,11.0,16.0,13.0
3779,21.0,11.0,14.0,16.0
3780,22.0,10.0,15.0,15.0
3781,20.0,7.0,13.0,12.0
3782,19.0,6.0,10.0,9.0
3783,20.0,8.0,7.0,6.0
3784,17.0,6.0,7.0,4.0
3785,17.0,3.0,5.0,4.0
3786,14.0,3.0,5.0,4.0
3787,14.0,3.0,8.0,4.0
3788,13.0,3.0,9.0,5.0
3789,15.0,4.0,9.0,6.0
3790,18.0,4.0,9.0,9.0
3791,18.0,7.0,11.0,12.0
3792,20.0,9.0,15.0,12.0
3793,22.0,9.0,16.0,12.0
3794,22.0,10.0,16.0,14.0
3795,22.0,13.0,18.0,14.0
3796,22.0,14.0,19.0,15.0
3797,25.0,17.0,21.0,15.0
3798,25.0,17.0,22.0,19.0
3799,21.0,12.0,17.0,15.0
3800,17.0,10.0,15.0,13.0
3801,18.0,11.0,15.0,14.0
3802,16.0,11.0,15.0,16.0
3803,15.0,10.0,15.0,15.0
3804,12.0,11.0,15.0,13.0
3805,10.0,13.0,14.0,10.0
3806,9.0,11.0,11.0,9.0
3807,5.0,8.0,10.0,4.0
3808,5.0,6.0,8.0,1.0
3809,5.0,4.0,7.0,2.0
3810,4.0,2.0,5.0,2.0
3811,5.0,3.0,6.0,4.0
3812,5.0,3.0,7.0,4.0
3813,5.0,5.0,9.0,7.0
3814,5.0,6.0,10.0,9.0
3815,7.0,7.0,10.0,9.0
3816,9.0,8.0,12.0,12.0
3817,12.0,11.0,13.0,12.0
3818,12.0,11.0,13.0,12.0
3819,15.0,11.0,15.0,13.0
3820,15.0,14.0,15.0,16.0
3821,16.0,17.0,17.0,16.0
3822,17.0,18.0,20.0,17.0
3823,15.0,17.0,16.0,14.0
3824,14.0,15.0,13.0,12.0
3825,14.0,14.0,12.0,11.0
3826,14.0,13.0,14.0,11.0
3827,13.0,12.0,14.0,11.0
3828,14.0,12.0,13.0,10.0
3829,12.0,9.0,10.0,9.0
3830,9.0,7.0,11.0,10.0
3831,8.0,5.0,9.0,9.0
3832,4.0,2.0,7.0,6.0
3833,6.0,1.0,6.0,6.0
3834,6.0,0.0,6.0,5.0
3835,7.0,2.0,8.0,7.0
3836,8.0,4.0,8.0,8.0
3837,9.0,5.0,10.0,9.0
3838,10.0,5.0,11.0,10.0
3839,10.0,7.0,12.0,11.0
3840,13.0,10.0,13.0,12.0
3841,14.0,12.0,15.0,13.0
3842,14.0,16.0,17.0,14.0
3843,14.0,16.0,17.0,15.0
3844,14.0,17.0,19.0,17.0
3845,14.0,17.0,20.0,17.0
3846,14.0,17.0,21.0,17.0
3847,10.0,16.0,19.0,13.0
3848,9.0,17.0,17.0,11.0
3849,6.0,16.0,16.0,9.0
3850,4.0,15.0,13.0,8.0
3851,4.0,16.0,16.0,6.0
3852,2.0,15.0,15.0,6.0
3853,3.0,13.0,14.0,6.0
3854,6.0,9.0,12.0,7.0
3855,5.0,10.0,9.0,7.0
3856,7.0,11.0,7.0,6.0
3857,8.0,11.0,3.0,6.0
3858,6.0,6.0,1.0,5.0
3859,5.0,7.0,3.0,4.0
3860,6.0,9.0,3.0,4.0
3861,8.0,10.0,5.0,4.0
3862,8.0,13.0,7.0,5.0
3863,11.0,13.0,10.0,5.0
3864,12.0,12.0,10.0,7.0
3865,14.0,13.0,11.0,8.0
3866,17.0,16.0,11.0,9.0
3867,21.0,18.0,13.0,10.0
3868,22.0,21.0,13.0,12.0
3869,22.0,22.0,15.0,12.0
3870,24.0,22.0,15.0,15.0
3871,18.0,19.0,11.0,13.0
3872,17.0,17.0,8.0,10.0
3873,20.0,16.0,9.0,8.0
3874,19.0,15.0,12.0,7.0
3875,18.0,15.0,12.0,7.0
3876,18.0,16.0,9.0,5.0
3877,16.0,14.0,11.0,6.0
3878,13.0,12.0,11.0,4.0
3879,11.0,11.0,8.0,5.0
3880,8.0,8.0,7.0,2.0
3881,6.0,6.0,7.0,4.0
3882,4.0,4.0,6.0,3.0
3883,6.0,5.0,9.0,3.0
3884,7.0,6.0,11.0,6.0
3885,8.0,7.0,12.0,7.0
3886,9.0,7.0,13.0,8.0
3887,9.0,7.0,15.0,9.0
3888,11.0,9.0,15.0,12.0
3889,12.0,10.0,18.0,13.0
3890,13.0,10.0,18.0,13.0
3891,14.0,11.0,18.0,14.0
3892,17.0,14.0,22.0,16.0
3893,21.0,14.0,24.0,17.0
3894,22.0,18.0,26.0,17.0
3895,18.0,14.0,22.0,12.0
3896,17.0,15.0,18.0,10.0
3897,16.0,17.0,20.0,9.0
3898,15.0,15.0,20.0,11.0
3899,16.0,15.0,17.0,12.0
3900,18.0,16.0,15.0,14.0
3901,16.0,14.0,10.0,13.0
3902,16.0,12.0,11.0,9.0
3903,11.0,8.0,12.0,9.0
3904,5.0,8.0,11.0,8.0
3905,4.0,6.0,7.0,5.0
3906,1.0,7.0,6.0,8.0
3907,4.0,9.0,7.0,9.0
3908,4.0,9.0,8.0,10.0
3909,4.0,11.0,9.0,10.0
3910,6.0,12.0,12.0,13.0
3911,7.0,13.0,14.0,14.0
3912,7.0,13.0,14.0,19.0
3913,9.0,15.0,14.0,20.0
3914,11.0,15.0,14.0,21.0
3915,11.0,16.0,14.0,26.0
3916,12.0,19.0,15.0,26.0
3917,14.0,19.0,19.0,30.0
3918,18.0,19.0,19.0,33.0
3919,16.0,17.0,14.0,28.0
3920,15.0,13.0,16.0,21.0
3921,16.0,11.0,14.0,18.0
3922,17.0,11.0,16.0,18.0
3923,16.0,12.0,13.0,20.0
3924,16.0,11.0,11.0,17.0
3925,13.0,11.0,13.0,14.0
3926,11.0,8.0,12.0,14.0
3927,9.0,7.0,10.0,12.0
3928,8.0,7.0,9.0,9.0
3929,5.0,6.0,11.0,7.0
3930,1.0,5.0,13.0,8.0
3931,2.0,6.0,16.0,10.0
3932,4.0,8.0,17.0,10.0
3933,4.0,10.0,17.0,10.0
3934,4.0,11.0,18.0,13.0
3935,10.0,15.0,20.0,16.0
3936,12.0,18.0,21.0,17.0
3937,12.0,19.0,21.0,17.0
3938,14.0,19.0,22.0,18.0
3939,14.0,20.0,22.0,18.0
3940,15.0,22.0,22.0,19.0
3941,19.0,25.0,23.0,20.0
3942,19.0,27.0,25.0,20.0
3943,17.0,25.0,22.0,16.0
3944,16.0,22.0,22.0,16.0
3945,18.0,21.0,18.0,15.0
3946,17.0,19.0,17.0,13.0
3947,16.0,17.0,15.0,12.0
3948,14.0,14.0,13.0,10.0
3949,12.0,14.0,11.0,8.0
3950,14.0,14.0,8.0,9.0
3951,20.0,13.0,7.0,6.0
3952,16.0,10.0,4.0,6.0
3953,11.0,10.0,5.0,6.0
3954,9.0,7.0,7.0,4.0
3955,13.0,7.0,8.0,5.0
3956,15.0,8.0,10.0,9.0
3957,15.0,10.0,10.0,10.0
3958,17.0,12.0,11.0,11.0
3959,17.0,12.0,12.0,12.0
3960,17.0,15.0,13.0,13.0
3961,18.0,16.0,14.0,13.0
3962,18.0,19.0,14.0,14.0
3963,18.0,20.0,14.0,15.0
3964,19.0,21.0,16.0,16.0
3965,20.0,25.0,18.0,19.0
3966,21.0,27.0,19.0,19.0
3967,17.0,22.0,15.0,13.0
3968,12.0,19.0,13.0,10.0
3969,9.0,20.0,12.0,10.0
3970,13.0,19.0,11.0,11.0
3971,16.0,17.0,10.0,10.0
3972,12.0,19.0,10.0,8.0
3973,7.0,20.0,9.0,9.0
3974,4.0,19.0,4.0,7.0
3975,2.0,18.0,5.0,7.0
3976,3.0,14.0,5.0,5.0
3977,6.0,11.0,7.0,3.0
3978,4.0,10.0,7.0,3.0
3979,5.0,11.0,9.0,4.0
3980,6.0,13.0,10.0,6.0
3981,9.0,14.0,9.0,6.0
3982,11.0,17.0,10.0,6.0
3983,12.0,17.0,12.0,7.0
3984,12.0,19.0,12.0,8.0
3985,12.0,20.0,14.0,9.0
3986,13.0,21.0,15.0,12.0
3987,14.0,24.0,16.0,12.0
3988,16.0,26.0,18.0,15.0
3989,18.0,28.0,19.0,16.0
3990,18.0,31.0,19.0,16.0
3991,16.0,25.0,14.0,13.0
3992,17.0,22.0,10.0,12.0
3993,18.0,20.0,9.0,11.0
3994,19.0,21.0,9.0,9.0
3995,17.0,21.0,8.0,6.0
3996,13.0,19.0,4.0,5.0
3997,10.0,19.0,4.0,4.0
3998,7.0,19.0,3.0,5.0
3999,8.0,18.0,1.0,4.0
4000,7.0,15.0,1.0,5.0
4001,9.0,14.0,2.0,4.0
4002,8.0,10.0,2.0,5.0
4003,8.0,11.0,3.0,7.0
4004,9.0,12.0,5.0,10.0
4005,11.0,15.0,5.0,12.0
4006,12.0,17.0,6.0,16.0
4007,13.0,20.0,10.0,16.0
4008,15.0,21.0,10.0,18.0
4009,17.0,24.0,11.0,18.0
4010,17.0,24.0,13.0,21.0
4011,18.0,25.0,13.0,23.0
4012,21.0,25.0,13.0,25.0
4013,22.0,26.0,15.0,25.0
4014,22.0,28.0,16.0,28.0
4015,24.0,23.0,14.0,22.0
4016,21.0,20.0,12.0,18.0
4017,19.0,18.0,9.0,19.0
4018,16.0,17.0,9.0,19.0
4019,15.0,17.0,8.0,18.0
4020,15.0,13.0,10.0,16.0
4021,13.0,11.0,11.0,13.0
4022,10.0,9.0,7.0,10.0
4023,5.0,8.0,5.0,9.0
4024,2.0,8.0,5.0,10.0
4025,2.0,6.0,4.0,10.0
4026,3.0,6.0,3.0,7.0
4027,5.0,8.0,3.0,7.0
4028,6.0,9.0,3.0,11.0
4029,8.0,9.0,3.0,12.0
4030,9.0,10.0,5.0,11.0
4031,11.0,11.0,7.0,12.0
4032,15.0,12.0,7.0,13.0
4033,16.0,12.0,7.0,14.0
4034,17.0,13.0,9.0,15.0
4035,17.0,14.0,11.0,17.0
4036,17.0,14.0,12.0,19.0
4037,18.0,14.0,16.0,22.0
4038,19.0,14.0,17.0,23.0
4039,14.0,13.0,14.0,18.0
4040,12.0,11.0,11.0,16.0
4041,9.0,10.0,9.0,14.0
4042,7.0,8.0,12.0,15.0
4043,9.0,8.0,13.0,14.0
4044,10.0,8.0,11.0,12.0
4045,12.0,6.0,8.0,12.0
4046,12.0,5.0,7.0,13.0
4047,11.0,4.0,8.0,14.0
4048,9.0,4.0,7.0,12.0
4049,6.0,2.0,5.0,13.0
4050,5.0,1.0,2.0,9.0
4051,5.0,1.0,2.0,10.0
4052,5.0,3.0,2.0,11.0
4053,7.0,5.0,4.0,11.0
4054,7.0,5.0,4.0,15.0
4055,8.0,7.0,4.0,18.0
4056,8.0,8.0,5.0,21.0
4057,9.0,9.0,6.0,21.0
4058,10.0,10.0,9.0,24.0
4059,12.0,10.0,12.0,24.0
4060,13.0,11.0,13.0,26.0
4061,14.0,13.0,14.0,26.0
4062,17.0,15.0,14.0,26.0
4063,12.0,12.0,10.0,20.0
4064,10.0,9.0,9.0,18.0
4065,9.0,9.0,9.0,17.0
4066,10.0,12.0,7.0,14.0
4067,10.0,13.0,7.0,13.0
4068,6.0,10.0,6.0,10.0
4069,4.0,7.0,5.0,8.0
4070,5.0,7.0,5.0,7.0
4071,4.0,7.0,6.0,5.0
4072,2.0,7.0,4.0,2.0
4073,4.0,6.0,4.0,2.0
4074,3.0,5.0,4.0,4.0
4075,4.0,7.0,6.0,6.0
4076,5.0,9.0,7.0,8.0
4077,5.0,12.0,8.0,9.0
4078,5.0,13.0,10.0,9.0
4079,6.0,15.0,11.0,10.0
4080,6.0,17.0,12.0,10.0
4081,6.0,17.0,14.0,11.0
4082,7.0,17.0,14.0,11.0
4083,8.0,20.0,14.0,12.0
4084,10.0,20.0,15.0,12.0
4085,10.0,25.0,17.0,15.0
4086,10.0,27.0,17.0,15.0
4087,5.0,22.0,13.0,12.0
4088,6.0,24.0,10.0,9.0
4089,4.0,23.0,7.0,9.0
4090,3.0,22.0,7.0,8.0
4091,3.0,20.0,6.0,11.0
4092,3.0,20.0,6.0,10.0
4093,7.0,16.0,5.0,8.0
4094,10.0,15.0,4.0,5.0
4095,7.0,14.0,5.0,5.0
4096,5.0,12.0,7.0,5.0
4097,5.0,10.0,6.0,3.0
4098,4.0,9.0,6.0,7.0
4099,7.0,11.0,10.0,8.0
4100,9.0,12.0,11.0,9.0
4101,9.0,13.0,15.0,10.0
4102,9.0,13.0,18.0,10.0
4103,11.0,15.0,18.0,12.0
4104,12.0,16.0,20.0,15.0
4105,12.0,17.0,22.0,16.0
4106,13.0,18.0,23.0,16.0
4107,15.0,20.0,25.0,19.0
4108,17.0,21.0,25.0,19.0
4109,19.0,22.0,28.0,21.0
4110,23.0,24.0,29.0,22.0
4111,21.0,22.0,23.0,15.0
4112,17.0,18.0,20.0,12.0
4113,16.0,16.0,18.0,11.0
4114,17.0,14.0,16.0,9.0
4115,15.0,13.0,16.0,10.0
4116,15.0,13.0,15.0,8.0
4117,16.0,11.0,16.0,6.0
4118,16.0,11.0,13.0,4.0
4119,14.0,7.0,13.0,3.0
4120,10.0,4.0,10.0,2.0
4121,8.0,1.0,6.0,2.0
4122,7.0,1.0,8.0,2.0
4123,8.0,1.0,8.0,3.0
4124,9.0,1.0,8.0,4.0
4125,12.0,2.0,10.0,6.0
4126,13.0,5.0,11.0,7.0
4127,12.0,6.0,13.0,10.0
4128,13.0,6.0,16.0,12.0
4129,15.0,7.0,17.0,11.0
4130,17.0,6.0,17.0,12.0
4131,18.0,9.0,18.0,12.0
4132,18.0,12.0,18.0,12.0
4133,21.0,13.0,19.0,13.0
4134,23.0,13.0,21.0,14.0
4135,20.0,13.0,19.0,10.0
4136,16.0,13.0,18.0,8.0
4137,14.0,15.0,20.0,7.0
4138,15.0,13.0,17.0,8.0
4139,17.0,13.0,16.0,8.0
4140,17.0,10.0,14.0,6.0
4141,13.0,11.0,13.0,3.0
4142,12.0,11.0,11.0,3.0
4143,11.0,9.0,10.0,2.0
4144,9.0,5.0,8.0,1.0
4145,8.0,4.0,6.0,0.0
4146,7.0,6.0,6.0,2.0
4147,9.0,7.0,6.0,2.0
4148,9.0,8.0,6.0,3.0
4149,9.0,10.0,7.0,4.0
4150,11.0,11.0,8.0,4.0
4151,14.0,12.0,10.0,4.0
4152,15.0,13.0,12.0,6.0
4153,17.0,17.0,13.0,7.0
4154,18.0,18.0,13.0,9.0
4155,21.0,22.0,13.0,10.0
4156,22.0,22.0,14.0,10.0
4157,23.0,24.0,16.0,11.0
4158,24.0,25.0,17.0,12.0
4159,20.0,20.0,13.0,12.0
4160,16.0,20.0,10.0,13.0
4161,15.0,19.0,12.0,14.0
4162,14.0,18.0,12.0,13.0
4163,17.0,15.0,10.0,9.0
4164,15.0,12.0,10.0,6.0
4165,12.0,9.0,10.0,4.0
4166,12.0,10.0,5.0,3.0
4167,9.0,7.0,6.0,2.0
4168,7.0,6.0,5.0,3.0
4169,7.0,5.0,2.0,7.0
4170,5.0,5.0,2.0,7.0
4171,5.0,7.0,2.0,6.0
4172,8.0,8.0,2.0,7.0
4173,8.0,9.0,2.0,7.0
4174,11.0,12.0,3.0,7.0
4175,11.0,13.0,5.0,9.0
4176,13.0,13.0,6.0,10.0
4177,15.0,13.0,8.0,11.0
4178,17.0,15.0,8.0,12.0
4179,18.0,15.0,9.0,15.0
4180,20.0,16.0,10.0,15.0
4181,23.0,16.0,13.0,17.0
4182,25.0,16.0,14.0,18.0
4183,21.0,13.0,12.0,15.0
4184,18.0,9.0,11.0,15.0
4185,15.0,8.0,11.0,12.0
4186,17.0,9.0,11.0,10.0
4187,15.0,8.0,10.0,10.0
4188,15.0,7.0,9.0,8.0
4189,13.0,6.0,6.0,10.0
4190,10.0,7.0,8.0,13.0
4191,9.0,7.0,6.0,12.0
4192,8.0,4.0,8.0,8.0
4193,8.0,4.0,8.0,8.0
4194,9.0,2.0,8.0,7.0
4195,11.0,2.0,11.0,9.0
4196,11.0,2.0,10.0,12.0
4197,12.0,2.0,10.0,14.0
4198,13.0,5.0,12.0,15.0
4199,13.0,5.0,13.0,17.0
4200,13.0,6.0,14.0,18.0
4201,13.0,7.0,16.0,20.0
4202,14.0,8.0,17.0,20.0
4203,15.0,8.0,19.0,22.0
4204,16.0,11.0,21.0,29.0
4205,17.0,11.0,22.0,32.0
4206,20.0,11.0,24.0,32.0
4207,13.0,7.0,19.0,27.0
4208,9.0,4.0,14.0,26.0
4209,8.0,4.0,13.0,23.0
4210,8.0,3.0,12.0,20.0
4211,6.0,5.0,11.0,22.0
4212,7.0,6.0,10.0,21.0
4213,9.0,4.0,10.0,18.0
4214,6.0,4.0,10.0,14.0
4215,3.0,3.0,8.0,11.0
4216,1.0,4.0,5.0,9.0
4217,3.0,5.0,4.0,5.0
4218,2.0,4.0,6.0,6.0
4219,4.0,5.0,6.0,6.0
4220,5.0,8.0,7.0,6.0
4221,6.0,9.0,9.0,7.0
4222,7.0,9.0,11.0,8.0
4223,7.0,11.0,12.0,9.0
4224,8.0,13.0,14.0,10.0
4225,10.0,13.0,16.0,11.0
4226,10.0,15.0,18.0,13.0
4227,12.0,15.0,18.0,14.0
4228,12.0,17.0,19.0,16.0
4229,13.0,21.0,19.0,20.0
4230,14.0,22.0,20.0,21.0
4231,10.0,17.0,14.0,19.0
4232,8.0,15.0,12.0,18.0
4233,10.0,14.0,10.0,19.0
4234,9.0,12.0,10.0,17.0
4235,9.0,8.0,9.0,14.0
4236,7.0,8.0,8.0,17.0
4237,6.0,5.0,7.0,14.0
4238,6.0,2.0,5.0,13.0
4239,5.0,0.0,5.0,11.0
4240,5.0,1.0,2.0,8.0
4241,4.0,3.0,2.0,6.0
4242,3.0,2.0,1.0,3.0
4243,5.0,2.0,3.0,6.0
4244,7.0,5.0,6.0,8.0
4245,8.0,6.0,7.0,11.0
4246,8.0,7.0,8.0,13.0
4247,8.0,8.0,9.0,14.0
4248,11.0,9.0,11.0,14.0
4249,13.0,9.0,11.0,16.0
4250,13.0,9.0,11.0,16.0
4251,13.0,11.0,14.0,18.0
4252,16.0,12.0,16.0,20.0
4253,18.0,12.0,17.0,22.0
4254,18.0,13.0,17.0,26.0
4255,14.0,11.0,12.0,22.0
4256,9.0,11.0,13.0,19.0
4257,9.0,13.0,14.0,18.0
4258,11.0,12.0,11.0,18.0
4259,12.0,13.0,11.0,18.0
4260,12.0,11.0,10.0,16.0
4261,9.0,7.0,8.0,16.0
4262,10.0,7.0,5.0,14.0
4263,8.0,5.0,3.0,13.0
4264,5.0,2.0,4.0,12.0
4265,3.0,8.0,3.0,11.0
4266,1.0,8.0,4.0,11.0
4267,2.0,10.0,6.0,13.0
4268,4.0,14.0,6.0,12.0
4269,9.0,14.0,8.0,13.0
4270,9.0,16.0,8.0,14.0
4271,11.0,17.0,8.0,14.0
4272,12.0,17.0,8.0,15.0
4273,14.0,18.0,10.0,15.0
4274,14.0,19.0,10.0,20.0
4275,20.0,21.0,11.0,22.0
4276,22.0,21.0,13.0,23.0
4277,23.0,21.0,13.0,26.0
4278,23.0,21.0,14.0,28.0
4279,20.0,19.0,10.0,21.0
4280,20.0,14.0,8.0,17.0
4281,18.0,15.0,8.0,15.0
4282,17.0,13.0,7.0,18.0
4283,14.0,12.0,6.0,18.0
4284,15.0,7.0,4.0,17.0
4285,13.0,3.0,2.0,14.0
4286,13.0,4.0,0.0,11.0
4287,11.0,6.0,3.0,8.0
4288,7.0,5.0,5.0,7.0
4289,5.0,3.0,5.0,8.0
4290,4.0,3.0,3.0,7.0
4291,4.0,7.0,6.0,8.0
4292,4.0,7.0,7.0,11.0
4293,4.0,6.0,9.0,14.0
4294,4.0,6.0,9.0,13.0
4295,6.0,8.0,11.0,14.0
4296,6.0,10.0,12.0,17.0
4297,8.0,12.0,12.0,18.0
4298,8.0,14.0,13.0,19.0
4299,10.0,16.0,13.0,19.0
4300,10.0,16.0,14.0,20.0
4301,14.0,17.0,16.0,21.0
4302,17.0,19.0,17.0,24.0
4303,13.0,15.0,16.0,18.0
4304,12.0,13.0,12.0,16.0
4305,13.0,12.0,8.0,13.0
4306,18.0,9.0,11.0,11.0
4307,16.0,9.0,10.0,12.0
4308,13.0,6.0,9.0,13.0
4309,12.0,9.0,5.0,10.0
4310,14.0,14.0,5.0,9.0
4311,9.0,14.0,8.0,9.0
4312,6.0,10.0,8.0,5.0
4313,6.0,6.0,5.0,6.0
4314,6.0,4.0,5.0,4.0
4315,6.0,4.0,8.0,5.0
4316,7.0,5.0,8.0,5.0
4317,7.0,7.0,9.0,5.0
4318,8.0,,10.0,
4319,,,,
