,Turn_100,Turn_101,Turn_102,Turn_103,mean,std
1008,25.32999999999993,,,,25.32999999999993,0.0
1018,26.07000000000005,,,21.64999999999998,23.860000000000014,2.2100000000000346
1020,47.06000000000006,,,,47.06000000000006,0.0
1030,38.14999999999998,,,,38.14999999999998,0.0
1031,32.66999999999996,,,,32.66999999999996,0.0
1033,48.46000000000004,,38.18999999999994,38.19999999999993,41.61666666666664,4.838969128050179
1053,31.25,,21.23000000000002,21.39999999999998,24.626666666666665,4.683918112957237
1061,27.10000000000002,,,,27.10000000000002,0.0
1064,48.67999999999995,,,,48.67999999999995,0.0
1077,13.93000000000006,,,,13.93000000000006,0.0
1089,38.45000000000005,,,,38.45000000000005,0.0
1095,34.51999999999998,,,,34.51999999999998,0.0
1099,30.41999999999996,25.95999999999992,,,28.18999999999994,2.23000000000002
1103,52.31999999999994,,,,52.31999999999994,0.0
1105,25.68999999999994,21.37,,,23.529999999999973,2.15999999999997
1123,37.74000000000001,,48.86000000000001,,43.30000000000001,5.559999999999999
1132,28.19999999999993,,,,28.19999999999993,0.0
1147,44.35000000000002,,,,44.35000000000002,0.0
1148,40.41999999999996,27.34000000000003,,16.49000000000001,28.083333333333332,9.783511071639284
1152,37.34000000000003,,,,37.34000000000003,0.0
1157,52.66000000000008,,,,52.66000000000008,0.0
1173,37.05999999999995,,,,37.05999999999995,0.0
1182,30.49000000000001,,,,30.49000000000001,0.0
1188,52.55999999999995,,,,52.55999999999995,0.0
1189,50.28999999999996,,,,50.28999999999996,0.0
1191,24.96999999999991,,46.57000000000005,38.25,36.59666666666666,8.895322116458548
1197,26.59000000000003,,,,26.59000000000003,0.0
1206,22.31999999999994,,,,22.31999999999994,0.0
1208,39.87,,,,39.87,0.0
1209,42.68999999999994,21.61000000000001,,,32.14999999999998,10.539999999999965
1222,52.12,,18.25999999999999,,35.19,16.930000000000003
1236,20.19999999999993,,,,20.19999999999993,0.0
1238,46.05999999999995,,,47.06999999999994,46.56499999999995,0.5049999999999955
1253,32.93999999999994,,,,32.93999999999994,0.0
1254,26.38,,,,26.38,0.0
1264,44.71999999999991,,,,44.71999999999991,0.0
1265,20.69000000000005,,,,20.69000000000005,0.0
1272,35.26999999999998,,,40.0,37.63499999999999,2.365000000000009
1275,27.36000000000001,,,,27.36000000000001,0.0
1278,23.8900000000001,,48.65999999999985,,36.27499999999998,12.384999999999874
1291,11.0,40.01999999999998,,,25.50999999999999,14.509999999999991
1292,31.67000000000007,41.63999999999987,60.8599999999999,,44.72333333333328,12.11457065777491
1302,23.46000000000004,32.41000000000008,,,27.93500000000006,4.475000000000021
1308,48.45000000000005,,,,48.45000000000005,0.0
1312,18.22000000000003,27.77999999999997,,,23.0,4.779999999999969
1329,33.82000000000016,,,,33.82000000000016,0.0
1337,26.31999999999994,,61.13,,43.72499999999997,17.405000000000033
1342,26.72000000000003,,,44.45000000000005,35.58500000000004,8.86500000000001
1349,41.66000000000008,,,,41.66000000000008,0.0
1359,34.25,,,,34.25,0.0
1361,10.57999999999993,28.16000000000008,,,19.370000000000005,8.790000000000074
1379,20.59999999999991,,,,20.59999999999991,0.0
1386,33.8599999999999,,,,33.8599999999999,0.0
1389,28.32999999999993,,,,28.32999999999993,0.0
1391,25.29000000000019,,,46.47000000000003,35.88000000000011,10.589999999999918
1395,24.25999999999999,,,,24.25999999999999,0.0
1400,16.75999999999999,37.09999999999991,,,26.92999999999995,10.169999999999959
1418,25.10000000000014,,,,25.10000000000014,0.0
1427,47.65000000000009,,,,47.65000000000009,0.0
1432,45.1099999999999,,,,45.1099999999999,0.0
1438,40.31999999999994,,,,40.31999999999994,0.0
1447,11.92000000000007,,21.76999999999998,28.26999999999998,20.65333333333334,6.721400317063528
1450,28.44000000000005,,,,28.44000000000005,0.0
1456,48.12999999999988,46.52999999999997,,,47.32999999999993,0.7999999999999545
1468,57.55000000000018,47.75,,34.86999999999989,46.72333333333336,9.287487400918744
1473,11.6099999999999,37.99000000000001,,12.38000000000011,20.660000000000007,12.258191818806997
1474,28.56999999999994,,,12.27999999999997,20.424999999999955,8.144999999999985
1488,46.01999999999998,,,,46.01999999999998,0.0
1496,38.6400000000001,,,,38.6400000000001,0.0
1504,25.66000000000008,,31.63000000000011,,28.645000000000095,2.9850000000000154
1505,29.44000000000005,,52.0,,40.72000000000003,11.279999999999974
1512,23.25,,,,23.25,0.0
1517,45.65000000000009,,,,45.65000000000009,0.0
1522,36.00999999999999,,19.89999999999986,,27.954999999999927,8.055000000000065
1525,11.29000000000019,,37.83999999999992,,24.565000000000055,13.274999999999864
1526,35.63999999999987,49.03999999999996,,,42.33999999999992,6.700000000000042
1529,28.66000000000008,,10.99000000000001,,19.825000000000045,8.835000000000035
1537,27.23000000000002,,,,27.23000000000002,0.0
1540,23.04999999999995,,,,23.04999999999995,0.0
1546,23.41999999999985,,,,23.41999999999985,0.0
1554,38.90000000000009,,,48.5,43.700000000000045,4.7999999999999545
1568,25.70999999999981,,29.1400000000001,,27.424999999999955,1.7150000000001455
1570,24.17000000000007,,,,24.17000000000007,0.0
1580,34.97000000000003,,,,34.97000000000003,0.0
1585,35.66000000000008,,,,35.66000000000008,0.0
1588,31.28999999999996,,,,31.28999999999996,0.0
1592,46.87999999999988,,,,46.87999999999988,0.0
1596,27.28999999999996,,,,27.28999999999996,0.0
1598,48.32000000000016,,,,48.32000000000016,0.0
1600,44.30999999999995,,,,44.30999999999995,0.0
1603,41.36999999999989,,,,41.36999999999989,0.0
1604,43.15999999999985,37.47000000000003,,,40.31499999999994,2.8449999999999096
1606,37.17999999999984,,,,37.17999999999984,0.0
1617,51.70999999999981,,,,51.70999999999981,0.0
1626,22.09000000000015,,,51.05999999999995,36.57500000000005,14.484999999999902
1633,35.30000000000018,,,,35.30000000000018,0.0
1638,55.58999999999992,,,16.95000000000005,36.26999999999998,19.319999999999933
1643,36.82999999999993,12.78999999999996,10.87000000000012,,20.163333333333338,11.8111510399659
1648,58.42999999999984,,,,58.42999999999984,0.0
1652,35.86999999999989,,,,35.86999999999989,0.0
1656,32.21000000000004,,,,32.21000000000004,0.0
1668,22.79999999999995,,,,22.79999999999995,0.0
1669,23.61999999999989,17.05999999999995,,18.03999999999996,19.573333333333267,2.8892598052480594
1674,46.44000000000005,,,,46.44000000000005,0.0
1690,34.01999999999998,,,,34.01999999999998,0.0
1696,21.50999999999999,,,,21.50999999999999,0.0
1698,20.49000000000001,,,,20.49000000000001,0.0
1701,47.53999999999996,,,,47.53999999999996,0.0
1703,37.71000000000004,,40.27999999999997,37.63000000000011,38.54000000000004,1.230799198353064
1710,36.49000000000001,,50.55999999999995,,43.52499999999998,7.034999999999972
1714,25.24000000000001,,,,25.24000000000001,0.0
1716,34.30999999999995,,,,34.30999999999995,0.0
1717,28.51999999999998,,,,28.51999999999998,0.0
1718,54.95000000000005,,26.02999999999997,,40.49000000000001,14.460000000000042
1742,57.73000000000002,,,,57.73000000000002,0.0
1753,49.61999999999989,,16.59999999999991,,33.1099999999999,16.50999999999999
1765,27.90999999999985,,,,27.90999999999985,0.0
1770,61.92999999999984,,,19.69000000000005,40.809999999999945,21.119999999999894
1774,59.24000000000001,41.58999999999992,,,50.414999999999964,8.825000000000045
1778,64.70000000000005,,,,64.70000000000005,0.0
1780,38.8900000000001,,,,38.8900000000001,0.0
1790,11.63000000000011,,,10.98000000000002,11.305000000000064,0.3250000000000446
1815,36.98000000000002,,,,36.98000000000002,0.0
1823,32.61000000000013,35.24000000000001,,,33.92500000000007,1.3149999999999409
1839,21.46000000000004,44.61000000000013,24.56999999999994,,30.213333333333367,10.25885092114236
1848,63.8599999999999,,,,63.8599999999999,0.0
1849,12.63000000000011,35.95000000000005,,,24.29000000000008,11.659999999999972
1851,13.6400000000001,,,,13.6400000000001,0.0
1855,32.17999999999984,,,23.03999999999996,27.6099999999999,4.569999999999942
1858,30.41000000000008,,,,30.41000000000008,0.0
1861,46.25,,,40.79000000000019,43.520000000000095,2.7299999999999045
1874,61.30999999999995,,,,61.30999999999995,0.0
1883,35.63000000000011,27.12999999999988,,,31.379999999999995,4.250000000000114
1886,25.27999999999997,,,,25.27999999999997,0.0
1892,46.58000000000015,,,,46.58000000000015,0.0
1893,27.80999999999995,,27.84000000000015,,27.82500000000005,0.015000000000100044
1905,22.73000000000002,,69.20000000000005,,45.96500000000003,23.23500000000001
1916,36.03999999999996,,,,36.03999999999996,0.0
1921,30.86999999999989,,,,30.86999999999989,0.0
1922,33.41999999999985,,47.23000000000002,,40.32499999999993,6.905000000000083
1933,20.15000000000009,,,,20.15000000000009,0.0
1934,21.63999999999987,,,,21.63999999999987,0.0
1937,58.76999999999998,,,,58.76999999999998,0.0
1943,28.29000000000019,,,,28.29000000000019,0.0
1947,49.16000000000008,28.74000000000001,,,38.950000000000045,10.210000000000036
1951,26.38999999999987,,,,26.38999999999987,0.0
1955,23.69999999999982,,12.41000000000008,,18.05499999999995,5.644999999999871
1956,46.12999999999988,,,,46.12999999999988,0.0
1972,36.75999999999999,,,,36.75999999999999,0.0
1975,10.82999999999993,,,,10.82999999999993,0.0
1978,28.12999999999988,37.90000000000009,,,33.014999999999986,4.885000000000105
1980,29.31999999999994,,36.6099999999999,,32.96499999999992,3.64499999999998
1981,47.86000000000013,,,34.98000000000002,41.42000000000007,6.440000000000055
1984,49.94999999999982,,,,49.94999999999982,0.0
1986,47.30999999999995,,,,47.30999999999995,0.0
1990,22.38999999999987,,,,22.38999999999987,0.0
1992,23.66000000000008,24.09000000000015,,,23.875000000000114,0.21500000000003539
1995,46.21000000000004,,,48.53999999999996,47.375,1.1649999999999565
1997,42.38999999999987,,,21.31999999999994,31.854999999999905,10.534999999999966
2003,35.49000000000001,,,,35.49000000000001,0.0
2004,34.46000000000004,33.97000000000003,,,34.21500000000003,0.2450000000000081
2008,30.69999999999982,,,,30.69999999999982,0.0
2015,25.46000000000004,47.94000000000005,12.00999999999999,29.07999999999993,28.622500000000002,12.838922024453629
2031,18.07999999999993,,,,18.07999999999993,0.0
2047,50.45000000000005,,,,50.45000000000005,0.0
2057,18.01999999999998,,,,18.01999999999998,0.0
2073,27.46000000000004,,25.21000000000004,24.77999999999997,25.81666666666668,1.175197382948472
2084,24.79999999999995,,,,24.79999999999995,0.0
2090,18.45000000000005,,,,18.45000000000005,0.0
2104,28.12999999999988,57.30999999999995,27.17000000000007,,37.53666666666663,13.987349840321974
2108,23.74000000000001,,51.77999999999997,43.42000000000007,39.64666666666668,11.754117954525077
2110,24.26999999999998,,,,24.26999999999998,0.0
2111,62.52999999999997,,,,62.52999999999997,0.0
2116,19.24000000000001,,22.27999999999997,,20.75999999999999,1.51999999999998
2121,42.25,40.67000000000007,,,41.460000000000036,0.7899999999999636
2130,36.56999999999994,,,,36.56999999999994,0.0
2139,29.03999999999996,,,,29.03999999999996,0.0
2158,38.53999999999996,,,,38.53999999999996,0.0
2161,36.65000000000009,,,,36.65000000000009,0.0
2166,51.20000000000005,,,,51.20000000000005,0.0
2167,33.41000000000008,,,,33.41000000000008,0.0
2169,28.30000000000018,29.49000000000001,,,28.895000000000095,0.5949999999999154
2172,30.34999999999991,,,23.20000000000005,26.774999999999977,3.57499999999993
2173,32.40999999999985,27.91000000000008,,,30.15999999999996,2.2499999999998845
2185,20.39999999999986,,48.12000000000012,,34.25999999999999,13.860000000000129
2193,27.65000000000009,,,29.41000000000008,28.530000000000086,0.8799999999999937
2194,13.64999999999986,59.25,,,36.44999999999993,22.80000000000007
2205,30.87999999999988,27.21000000000004,23.79999999999995,,27.296666666666624,2.8910474841405467
2212,49.66000000000008,26.66000000000008,52.8599999999999,,43.060000000000024,11.669904312661073
2217,44.69000000000005,,,,44.69000000000005,0.0
2243,26.77999999999997,24.0,17.71000000000004,33.45000000000005,25.485000000000014,5.651860313206621
2250,44.33999999999992,,,,44.33999999999992,0.0
2258,37.09999999999991,37.21000000000004,,,37.15499999999997,0.05500000000006722
2271,24.5,,,,24.5,0.0
2275,21.22000000000003,38.95000000000005,44.80999999999995,,34.99333333333335,10.02873981227062
2283,57.75,,,,57.75,0.0
2284,11.21000000000004,,,,11.21000000000004,0.0
2293,52.20000000000005,,,34.25,43.22500000000002,8.975000000000026
2299,20.09000000000015,,25.40000000000009,,22.74500000000012,2.654999999999971
2316,57.93999999999983,,,,57.93999999999983,0.0
2319,31.17000000000007,,,,31.17000000000007,0.0
2327,23.81000000000017,,46.79999999999995,,35.30500000000006,11.494999999999887
2341,33.68999999999983,37.02999999999997,,,35.3599999999999,1.6700000000000728
2353,29.02000000000021,,,,29.02000000000021,0.0
2361,24.34000000000015,,44.83999999999992,,34.59000000000003,10.249999999999885
2374,37.87999999999988,,,,37.87999999999988,0.0
2389,28.73000000000002,45.55999999999995,,,37.14499999999999,8.414999999999965
2392,27.40999999999985,,,,27.40999999999985,0.0
2404,42.40000000000009,,,,42.40000000000009,0.0
2414,34.82999999999993,,,,34.82999999999993,0.0
2429,29.47000000000003,,,11.17999999999984,20.324999999999935,9.145000000000095
2431,25.26999999999998,,,,25.26999999999998,0.0
2432,26.70999999999981,,,,26.70999999999981,0.0
2436,47.57999999999993,,,,47.57999999999993,0.0
2438,47.54000000000019,,35.21000000000004,,41.375000000000114,6.165000000000074
2443,34.62999999999988,29.48000000000002,,,32.05499999999995,2.57499999999993
2444,33.55999999999995,,,,33.55999999999995,0.0
2448,47.92000000000007,,,,47.92000000000007,0.0
2465,58.85000000000014,,38.63999999999987,,48.745000000000005,10.105000000000135
2473,28.20000000000005,,,,28.20000000000005,0.0
2475,29.16000000000008,,,,29.16000000000008,0.0
2487,21.69000000000005,,24.59999999999991,,23.144999999999982,1.454999999999929
2496,34.80999999999995,,,,34.80999999999995,0.0
2498,35.8599999999999,,36.17000000000007,,36.014999999999986,0.1550000000000864
2502,32.25999999999999,10.66000000000008,,,21.460000000000036,10.799999999999956
2504,27.26999999999998,11.48000000000002,35.45000000000005,,24.73333333333335,9.948743080856449
2510,19.5,,,37.91000000000008,28.70500000000004,9.205000000000041
2519,41.18999999999983,,,30.29999999999995,35.74499999999989,5.444999999999938
2534,19.42000000000007,,,,19.42000000000007,0.0
2549,61.22000000000003,,,,61.22000000000003,0.0
2553,29.42000000000007,,,,29.42000000000007,0.0
2580,49.75999999999976,24.34000000000015,27.29999999999995,,33.799999999999955,11.349936857386627
2586,22.67999999999984,23.30000000000018,27.60000000000014,,24.526666666666717,2.1878655250165386
2591,36.23000000000002,,,,36.23000000000002,0.0
2602,49.01000000000022,,,,49.01000000000022,0.0
2606,26.42999999999984,34.13999999999987,18.25999999999999,,26.276666666666568,6.483889436304539
2612,25.64000000000033,34.36000000000013,,,30.000000000000227,4.359999999999898
2615,18.87999999999965,,39.19999999999982,,29.039999999999736,10.160000000000084
2619,40.29999999999973,,,,40.29999999999973,0.0
2621,39.42999999999984,,,,39.42999999999984,0.0
2630,33.22000000000025,,,,33.22000000000025,0.0
2640,26.34999999999991,,,,26.34999999999991,0.0
2652,41.23000000000002,21.84000000000015,,27.91000000000008,30.32666666666675,8.098281024733256
2661,13.87000000000035,,,,13.87000000000035,0.0
2666,50.84000000000015,,,,50.84000000000015,0.0
2667,29.49000000000024,,,43.15000000000009,36.320000000000164,6.8299999999999255
2668,26.26999999999998,,,,26.26999999999998,0.0
2670,23.67000000000007,,,,23.67000000000007,0.0
2677,21.65999999999985,,,,21.65999999999985,0.0
2720,27.92999999999984,,34.85000000000036,,31.3900000000001,3.4600000000002584
2733,10.36999999999989,,,,10.36999999999989,0.0
2735,31.23000000000002,,,42.0300000000002,36.63000000000011,5.400000000000089
2745,48.75999999999976,,,33.69000000000005,41.22499999999991,7.534999999999858
2746,23.55000000000018,,,,23.55000000000018,0.0
2769,35.34000000000015,,,,35.34000000000015,0.0
2770,35.87000000000035,38.42999999999984,,,37.1500000000001,1.2799999999997453
2771,12.26000000000022,,54.19000000000005,,33.225000000000136,20.964999999999915
2775,12.92999999999984,,28.42999999999984,,20.67999999999984,7.75
2791,49.73000000000002,,,,49.73000000000002,0.0
2793,24.89999999999964,,,,24.89999999999964,0.0
2795,44.05000000000018,,62.88999999999987,,53.47000000000003,9.419999999999845
2800,37.26999999999998,,,,37.26999999999998,0.0
2806,26.59999999999991,,,,26.59999999999991,0.0
2818,46.73000000000002,,,42.42000000000007,44.575000000000045,2.1549999999999727
2831,10.23000000000002,,,,10.23000000000002,0.0
2835,28.05000000000018,,,,28.05000000000018,0.0
2847,21.25999999999976,,,,21.25999999999976,0.0
2855,38.21000000000004,,,,38.21000000000004,0.0
2856,30.62999999999965,,45.84000000000015,,38.2349999999999,7.605000000000251
2859,27.28999999999996,,,21.67000000000007,24.480000000000015,2.8099999999999454
2862,30.30999999999995,36.7800000000002,,,33.54500000000007,3.235000000000126
2874,18.78999999999996,27.40000000000009,,,23.095000000000027,4.305000000000065
2902,28.82999999999993,,,,28.82999999999993,0.0
2904,29.09999999999991,,,62.7199999999998,45.909999999999854,16.809999999999945
2911,22.98000000000002,,,,22.98000000000002,0.0
2950,28.86000000000013,63.9699999999998,,25.23000000000002,39.35333333333332,17.46958181780218
2955,22.84000000000015,,,,22.84000000000015,0.0
2961,20.92000000000007,,,,20.92000000000007,0.0
2962,21.56999999999971,,,,21.56999999999971,0.0
2968,37.26000000000022,38.01999999999998,36.75999999999976,47.4699999999998,39.87749999999994,4.406429251672985
2971,30.10999999999967,,,,30.10999999999967,0.0
2975,27.23999999999978,,,,27.23999999999978,0.0
2980,23.89000000000033,,26.54000000000042,,25.215000000000373,1.3250000000000437
2982,25.15000000000009,,26.82000000000016,,25.985000000000127,0.8350000000000346
2994,37.57999999999993,,,,37.57999999999993,0.0
2997,37.36000000000013,,,25.55999999999995,31.460000000000036,5.900000000000089
3001,11.74000000000024,,,,11.74000000000024,0.0
3007,30.62999999999965,,29.32999999999993,,29.97999999999979,0.64999999999986
3013,25.13999999999987,,,,25.13999999999987,0.0
3015,24.7199999999998,,,,24.7199999999998,0.0
3023,41.22000000000025,,,,41.22000000000025,0.0
3025,37.76000000000022,,,,37.76000000000022,0.0
3029,12.51999999999998,,,,12.51999999999998,0.0
3031,33.42999999999984,,,,33.42999999999984,0.0
3038,25.54999999999973,,,,25.54999999999973,0.0
3041,24.26999999999998,,,,24.26999999999998,0.0
3053,42.26000000000022,,,31.34999999999991,36.805000000000064,5.455000000000155
3062,32.63000000000011,,,,32.63000000000011,0.0
3075,48.0,,,,48.0,0.0
3082,40.13000000000011,,,47.15999999999985,43.64499999999998,3.514999999999869
3086,38.01000000000022,,59.63999999999987,,48.825000000000045,10.814999999999827
3091,37.13000000000011,,,,37.13000000000011,0.0
3093,48.23999999999978,,,,48.23999999999978,0.0
3100,45.32999999999993,,,,45.32999999999993,0.0
3101,28.81999999999971,57.85000000000036,,,43.335000000000036,14.515000000000324
3126,34.74000000000024,,,37.55999999999995,36.15000000000009,1.409999999999858
3130,14.43000000000029,,,37.07000000000016,25.750000000000224,11.319999999999935
3140,50.42000000000007,,,,50.42000000000007,0.0
3144,23.98000000000002,,33.18000000000029,,28.580000000000155,4.600000000000135
3156,21.96000000000004,,47.7800000000002,,34.87000000000012,12.91000000000008
3157,46.16000000000031,,,,46.16000000000031,0.0
3174,29.57999999999993,,,,29.57999999999993,0.0
3178,26.78999999999996,,,,26.78999999999996,0.0
3198,35.03999999999996,42.51999999999998,65.51999999999998,42.23000000000002,46.327499999999986,11.478744214852078
3203,26.98000000000002,,,,26.98000000000002,0.0
3205,27.42999999999984,,,35.68000000000029,31.555000000000064,4.125000000000226
3206,24.51000000000022,60.65000000000009,,,42.580000000000155,18.069999999999936
3211,22.49000000000024,,,,22.49000000000024,0.0
3213,20.20000000000027,,,,20.20000000000027,0.0
3225,38.01000000000022,,,,38.01000000000022,0.0
3230,36.85000000000036,,,38.23999999999978,37.54500000000007,0.6949999999997125
3240,28.14999999999964,,36.05999999999995,,32.1049999999998,3.9550000000001564
3247,27.0,,,,27.0,0.0
3251,24.63000000000011,,,,24.63000000000011,0.0
3253,19.64999999999964,,,,19.64999999999964,0.0
3255,22.11000000000013,,,,22.11000000000013,0.0
3264,31.2199999999998,,,,31.2199999999998,0.0
3265,31.38999999999987,,,30.76999999999998,31.079999999999924,0.30999999999994543
3266,33.66000000000031,48.26999999999998,31.45000000000027,,37.79333333333352,7.46286063710738
3271,23.05999999999995,,,23.98000000000002,23.519999999999985,0.4600000000000364
3279,21.86999999999989,,,,21.86999999999989,0.0
3282,39.45000000000027,19.20000000000027,,38.14000000000033,32.26333333333363,9.252640463973288
3296,36.25,,,,36.25,0.0
3304,23.32999999999993,,,,23.32999999999993,0.0
3311,22.71000000000004,,48.75999999999976,,35.7349999999999,13.024999999999862
3313,18.1899999999996,,,,18.1899999999996,0.0
3346,36.05000000000018,,,,36.05000000000018,0.0
3353,32.03999999999996,34.50999999999976,,,33.274999999999864,1.2349999999999035
3355,30.86000000000013,,,48.23000000000002,39.54500000000007,8.684999999999944
3369,18.19000000000005,26.19999999999982,29.44000000000005,,24.609999999999975,4.72840353607851
3372,39.13999999999987,,50.5,,44.819999999999936,5.680000000000064
3373,42.4399999999996,,,51.57999999999993,47.00999999999976,4.570000000000164
3376,39.5300000000002,,,,39.5300000000002,0.0
3383,32.0300000000002,,,,32.0300000000002,0.0
3401,25.47000000000025,,,,25.47000000000025,0.0
3411,35.46000000000004,,,,35.46000000000004,0.0
3422,46.40000000000009,27.61000000000013,,,37.00500000000011,9.39499999999998
3428,36.55000000000018,,,25.00999999999976,30.779999999999973,5.770000000000211
3429,32.87999999999965,50.34000000000015,,,41.6099999999999,8.730000000000253
3431,11.29999999999973,,,,11.29999999999973,0.0
3438,29.17999999999984,,,,29.17999999999984,0.0
3440,51.05999999999995,,,39.15999999999985,45.1099999999999,5.950000000000053
3444,21.7199999999998,,,,21.7199999999998,0.0
3451,54.22000000000025,,,,54.22000000000025,0.0
3465,51.23000000000002,27.23999999999978,10.97000000000025,,29.81333333333335,16.53649364956851
3478,24.69000000000005,,,27.76999999999998,26.230000000000015,1.5399999999999636
3481,23.13000000000011,,45.7800000000002,,34.455000000000155,11.325000000000045
3484,57.90999999999985,,,,57.90999999999985,0.0
3492,11.11999999999989,,,,11.11999999999989,0.0
3502,28.05999999999995,,,,28.05999999999995,0.0
3507,23.19999999999982,,,,23.19999999999982,0.0
3511,38.55999999999995,,,,38.55999999999995,0.0
3512,37.36999999999989,,,,37.36999999999989,0.0
3519,11.95000000000027,,33.37999999999965,43.03999999999996,29.45666666666662,12.99208562505976
3521,32.88999999999987,,,,32.88999999999987,0.0
3527,49.46000000000004,,,,49.46000000000004,0.0
3534,38.98000000000002,,,,38.98000000000002,0.0
3535,25.01000000000022,,,,25.01000000000022,0.0
3542,37.84999999999991,,,21.35000000000036,29.600000000000136,8.249999999999774
3543,37.27999999999975,,,,37.27999999999975,0.0
3549,31.01000000000022,,36.40999999999985,,33.710000000000036,2.6999999999998145
3552,34.17000000000007,,,,34.17000000000007,0.0
3554,28.39999999999964,,,,28.39999999999964,0.0
3565,20.02999999999975,23.78999999999996,,26.75999999999976,23.52666666666649,2.7538135174497476
3580,31.84999999999991,,,,31.84999999999991,0.0
3594,20.86999999999989,,,,20.86999999999989,0.0
3596,18.97000000000025,,,,18.97000000000025,0.0
3598,56.17000000000007,,,,56.17000000000007,0.0
3599,37.55999999999995,,,,37.55999999999995,0.0
3606,33.94000000000005,,,,33.94000000000005,0.0
3615,51.0,,,,51.0,0.0
3616,49.86999999999989,,,,49.86999999999989,0.0
3617,27.25999999999976,26.30000000000018,,,26.77999999999997,0.4799999999997908
3624,19.86000000000013,,,,19.86000000000013,0.0
3642,31.16999999999962,,,,31.16999999999962,0.0
3644,29.90000000000009,30.26000000000022,,,30.080000000000155,0.18000000000006366
3648,49.23000000000002,,,,49.23000000000002,0.0
3649,21.67999999999984,,40.04999999999973,41.63999999999987,34.45666666666648,9.057756651376504
3652,21.65000000000009,,39.29000000000042,,30.470000000000255,8.820000000000164
3658,22.25999999999976,,,,22.25999999999976,0.0
3662,42.32999999999993,,,,42.32999999999993,0.0
3663,36.32999999999993,,,,36.32999999999993,0.0
3671,29.16000000000031,,,,29.16000000000031,0.0
3675,28.84000000000015,,,,28.84000000000015,0.0
3685,44.13000000000011,40.69000000000005,,,42.41000000000008,1.7200000000000308
3692,35.86999999999989,,,,35.86999999999989,0.0
3694,33.32000000000016,,,,33.32000000000016,0.0
3695,35.85999999999967,,,,35.85999999999967,0.0
3701,11.2800000000002,,,,11.2800000000002,0.0
3708,27.4699999999998,42.55999999999995,,,35.01499999999987,7.545000000000076
3724,36.69999999999982,,,,36.69999999999982,0.0
3725,34.09999999999991,65.0,,,49.549999999999955,15.450000000000045
3726,10.88000000000011,,,,10.88000000000011,0.0
3730,10.75,24.28999999999996,,,17.519999999999982,6.76999999999998
3732,26.35000000000036,,,,26.35000000000036,0.0
3753,33.63999999999987,,,,33.63999999999987,0.0
3758,42.19000000000005,,,,42.19000000000005,0.0
3760,39.45000000000027,,,,39.45000000000027,0.0
3762,36.55999999999995,25.95000000000027,,30.46000000000004,30.990000000000084,4.347696708219833
3806,42.38000000000011,,,,42.38000000000011,0.0
3814,16.49000000000024,,,,16.49000000000024,0.0
3823,34.5,,,,34.5,0.0
3825,33.36999999999989,,,,33.36999999999989,0.0
3829,29.13000000000011,30.22000000000025,,,29.675000000000182,0.545000000000071
3833,25.32000000000016,,,,25.32000000000016,0.0
3844,19.96000000000004,,,28.23000000000002,24.09500000000003,4.134999999999991
3845,15.34999999999991,,29.13999999999987,,22.24499999999989,6.894999999999979
3861,25.46000000000004,,,,25.46000000000004,0.0
3870,24.17000000000007,,,,24.17000000000007,0.0
3885,37.2199999999998,,,,37.2199999999998,0.0
3897,33.80999999999995,,10.73999999999978,,22.274999999999867,11.535000000000085
3898,51.21000000000004,51.96000000000004,,,51.58500000000004,0.375
3904,26.41000000000031,,,,26.41000000000031,0.0
3907,50.09999999999991,,,,50.09999999999991,0.0
3911,21.68000000000029,18.13999999999987,,,19.910000000000082,1.770000000000211
3913,46.42999999999984,,,,46.42999999999984,0.0
3923,60.65000000000009,,,38.03999999999996,49.34500000000003,11.305000000000067
3924,36.26000000000022,,,,36.26000000000022,0.0
3927,29.82000000000016,,,,29.82000000000016,0.0
3928,28.21000000000004,,,,28.21000000000004,0.0
3931,29.07999999999993,,,,29.07999999999993,0.0
3933,54.40000000000009,,26.01999999999998,,40.210000000000036,14.190000000000056
3940,27.40000000000009,,,,27.40000000000009,0.0
3947,45.00999999999976,19.05999999999995,,,32.034999999999854,12.974999999999907
3949,44.5,,40.15000000000009,,42.325000000000045,2.1749999999999545
3959,57.96000000000004,,,,57.96000000000004,0.0
3960,56.76999999999998,,,,56.76999999999998,0.0
3966,29.21000000000004,25.04999999999973,23.78999999999996,,26.016666666666577,2.315877563449589
3982,24.42999999999984,,,,24.42999999999984,0.0
3985,46.33999999999969,,,,46.33999999999969,0.0
3988,40.74000000000024,,30.25,35.15999999999985,35.38333333333336,4.285435281923696
3991,40.09000000000015,11.53999999999996,,28.5300000000002,26.720000000000102,11.72554760625996
3995,59.23999999999978,,22.32000000000016,,40.77999999999997,18.45999999999981
3997,32.83999999999969,,,,32.83999999999969,0.0
3998,59.57000000000016,,,51.01999999999998,55.29500000000007,4.275000000000087
4000,32.75,,,,32.75,0.0
4001,56.36000000000013,,,,56.36000000000013,0.0
4005,52.42999999999984,,,,52.42999999999984,0.0
4006,75.48000000000002,,,,75.48000000000002,0.0
4022,42.82000000000016,,,,42.82000000000016,0.0
4026,64.45000000000027,,,48.69000000000005,56.570000000000164,7.880000000000113
4047,22.84000000000015,,,,22.84000000000015,0.0
4048,24.69999999999982,37.0,29.38000000000011,,30.359999999999975,5.069043302241617
4057,42.07999999999993,24.99000000000024,,,33.53500000000008,8.544999999999844
4065,38.99000000000024,,56.79999999999973,,47.89499999999998,8.904999999999745
4073,27.72000000000025,,,,27.72000000000025,0.0
4078,21.19000000000005,,,,21.19000000000005,0.0
4082,36.84000000000015,,,,36.84000000000015,0.0
4086,40.19999999999982,,,,40.19999999999982,0.0
4092,31.36000000000013,,,,31.36000000000013,0.0
4097,28.28999999999996,,21.90999999999985,,25.099999999999905,3.1900000000000546
4103,24.90000000000009,,,46.09000000000015,35.49500000000012,10.59500000000003
4111,39.43000000000029,,,,39.43000000000029,0.0
4129,26.05000000000018,37.72000000000025,,,31.88500000000021,5.835000000000035
4130,27.62999999999965,39.86999999999989,,,33.74999999999977,6.12000000000012
4135,49.69999999999982,,,,49.69999999999982,0.0
4145,36.37000000000035,30.65999999999985,37.17999999999984,,34.73666666666668,2.9015436504654017
4147,36.86999999999989,,48.60000000000036,,42.73500000000013,5.865000000000233
4154,31.10999999999967,,,,31.10999999999967,0.0
4155,37.32000000000016,,,,37.32000000000016,0.0
4173,36.27999999999975,,28.90000000000009,,32.58999999999992,3.6899999999998307
4181,30.88999999999987,,,,30.88999999999987,0.0
4192,22.34000000000015,,,,22.34000000000015,0.0
4193,48.61999999999989,,,,48.61999999999989,0.0
4195,43.65000000000009,41.63999999999987,,22.69000000000005,35.99333333333334,9.442599689115726
4196,22.55000000000018,,,21.88999999999987,22.220000000000024,0.3300000000001546
4200,46.75,34.23000000000002,,,40.49000000000001,6.259999999999991
4218,27.36000000000013,,,,27.36000000000013,0.0
4227,23.53999999999996,33.36000000000013,,45.86000000000013,34.25333333333341,9.133970780674932
4228,25.2199999999998,,,,25.2199999999998,0.0
4238,42.21000000000004,,23.45000000000027,,32.830000000000155,9.379999999999887
4239,42.5300000000002,,24.98000000000002,,33.75500000000011,8.77500000000009
4251,31.75,21.53999999999996,,46.32999999999993,33.20666666666663,10.172755553710864
4253,11.13000000000011,,41.26999999999998,,26.200000000000045,15.069999999999936
4266,44.71000000000004,,,,44.71000000000004,0.0
4272,38.51000000000022,51.69999999999982,,,45.10500000000002,6.5949999999998
4305,50.81999999999971,,,,50.81999999999971,0.0
4316,12.84999999999991,,,,12.84999999999991,0.0
4318,14.53999999999996,,,,14.53999999999996,0.0
4325,11.21000000000004,,20.80999999999995,,16.009999999999994,4.7999999999999545
4327,32.48000000000002,39.17000000000007,,,35.825000000000045,3.3450000000000273
4330,26.73000000000002,,43.29999999999973,35.8100000000004,35.28000000000005,6.775047355307948
4332,26.06999999999971,,40.42000000000007,,33.24499999999989,7.175000000000182
4336,24.41000000000031,,,32.45000000000027,28.43000000000029,4.019999999999982
4343,43.50999999999976,,,27.71000000000004,35.6099999999999,7.899999999999862
4345,39.78999999999996,,50.26999999999998,,45.02999999999997,5.240000000000013
4350,61.42000000000007,,,,61.42000000000007,0.0
4353,35.09999999999991,,20.76000000000022,,27.930000000000064,7.169999999999845
4358,33.58999999999969,,,,33.58999999999969,0.0
4361,29.91999999999962,,,,29.91999999999962,0.0
4365,51.40999999999985,,32.69999999999982,,42.054999999999836,9.355000000000015
4366,27.44000000000005,13.76999999999998,,,20.605000000000015,6.8350000000000355
4367,53.57000000000016,,29.60999999999967,32.68000000000029,38.62000000000004,10.645283775769864
4368,51.60000000000036,,,,51.60000000000036,0.0
4378,44.23000000000002,27.04999999999973,,,35.63999999999987,8.590000000000144
4383,43.0,,,,43.0,0.0
4395,35.39000000000033,,,,35.39000000000033,0.0
4427,25.48000000000002,,,,25.48000000000002,0.0
4430,29.86999999999989,,36.75,,33.309999999999945,3.4400000000000546
4434,52.17000000000007,,,,52.17000000000007,0.0
4438,25.30999999999995,30.84000000000015,,,28.07500000000005,2.7650000000001
4443,23.65000000000009,,,31.28999999999996,27.470000000000027,3.8199999999999346
4448,21.0,,46.15000000000009,,33.575000000000045,12.575000000000045
4451,44.21000000000004,,,,44.21000000000004,0.0
4453,38.27999999999975,,38.38000000000011,,38.32999999999993,0.050000000000178346
4457,30.65999999999985,,33.08000000000038,39.65999999999985,34.4666666666667,3.8028176688110777
4464,27.91999999999962,,,,27.91999999999962,0.0
4466,49.09000000000015,,,,49.09000000000015,0.0
4467,27.0,,27.0300000000002,,27.0150000000001,0.015000000000100044
4470,26.59000000000015,,,,26.59000000000015,0.0
4485,40.09999999999991,,20.83000000000038,44.75,35.226666666666766,10.355469837508661
4487,11.82999999999993,,,,11.82999999999993,0.0
4490,31.05000000000018,,40.90999999999985,,35.98000000000001,4.9299999999998345
4500,24.34999999999991,,,,24.34999999999991,0.0
4501,46.25,,57.21000000000004,,51.73000000000002,5.480000000000022
4504,19.22000000000025,12.99000000000024,28.52999999999975,,20.246666666666744,6.3855792393658
4518,51.66000000000031,,,,51.66000000000031,0.0
4519,13.31999999999971,22.25,,,17.784999999999854,4.465000000000145
4527,26.87000000000035,,,,26.87000000000035,0.0
4528,49.05000000000018,35.02999999999975,,,42.039999999999964,7.010000000000215
4530,50.37000000000035,,,,50.37000000000035,0.0
4532,27.07999999999993,,,,27.07999999999993,0.0
4534,49.54999999999973,,,,49.54999999999973,0.0
4541,43.42000000000007,,,,43.42000000000007,0.0
4545,18.17000000000007,,,,18.17000000000007,0.0
4556,33.36999999999989,10.90000000000009,32.61000000000013,,25.626666666666704,10.417947121300884
4559,36.52999999999975,,,48.48999999999978,42.50999999999976,5.980000000000015
4561,30.11999999999989,,,30.0600000000004,30.090000000000146,0.02999999999974534
4567,26.61999999999989,,,48.66999999999962,37.644999999999754,11.024999999999864
4594,27.02999999999975,,,,27.02999999999975,0.0
4596,25.25,,,,25.25,0.0
4602,22.94999999999982,,,,22.94999999999982,0.0
4611,37.59999999999991,39.2800000000002,,,38.440000000000055,0.8400000000001455
4612,58.15999999999985,38.63000000000011,,,48.39499999999998,9.76499999999987
4613,36.94000000000005,,,,36.94000000000005,0.0
4617,11.15999999999985,,,,11.15999999999985,0.0
4630,24.30000000000018,,,,24.30000000000018,0.0
4648,38.59999999999991,35.11000000000013,33.56999999999971,,35.75999999999991,2.1042971906712378
4657,10.76999999999998,49.09999999999991,,,29.934999999999945,19.164999999999964
4658,31.51000000000022,,,,31.51000000000022,0.0
4668,25.01999999999998,,,,25.01999999999998,0.0
4691,31.05000000000018,,,,31.05000000000018,0.0
4695,30.68000000000029,,,,30.68000000000029,0.0
4706,22.60000000000036,,,21.71000000000004,22.1550000000002,0.44500000000016016
4708,18.05999999999995,,,,18.05999999999995,0.0
4723,30.36000000000013,27.34999999999991,,25.99000000000024,27.90000000000009,1.8259426789104332
4739,62.35999999999967,,,,62.35999999999967,0.0
4743,58.59999999999991,,,,58.59999999999991,0.0
4748,39.84999999999991,,,,39.84999999999991,0.0
4760,35.05000000000018,,,,35.05000000000018,0.0
4761,37.68000000000029,,,,37.68000000000029,0.0
4762,35.94000000000005,,,,35.94000000000005,0.0
4774,23.08999999999969,,,,23.08999999999969,0.0
4785,54.88999999999987,,,,54.88999999999987,0.0
4799,62.09999999999991,38.48999999999978,,,50.294999999999845,11.805000000000064
4809,41.57000000000016,,,,41.57000000000016,0.0
4814,40.43000000000029,,,,40.43000000000029,0.0
4833,40.88000000000011,,,,40.88000000000011,0.0
4843,11.78999999999996,,,,11.78999999999996,0.0
4856,46.42000000000007,,,,46.42000000000007,0.0
4857,45.32999999999993,,,,45.32999999999993,0.0
4861,38.01999999999998,,,,38.01999999999998,0.0
4865,38.98000000000002,,,,38.98000000000002,0.0
4886,20.56999999999971,,,,20.56999999999971,0.0
4898,49.2800000000002,,,39.15000000000009,44.215000000000146,5.065000000000055
4904,52.63999999999987,,,,52.63999999999987,0.0
4907,48.05000000000018,,,,48.05000000000018,0.0
4924,39.17999999999984,,,18.77999999999975,28.979999999999798,10.200000000000047
4925,36.48999999999978,,,20.80000000000018,28.644999999999982,7.844999999999802
4928,11.90000000000009,30.55000000000018,,,21.225000000000133,9.325000000000045
4935,34.42000000000007,,,,34.42000000000007,0.0
4938,30.82999999999993,,,,30.82999999999993,0.0
4941,29.75,,,,29.75,0.0
4945,29.24000000000024,,,,29.24000000000024,0.0
4954,22.4699999999998,,,,22.4699999999998,0.0
4958,41.07999999999993,,,37.00999999999976,39.044999999999845,2.035000000000082
4962,40.07000000000016,,,13.00999999999976,26.539999999999957,13.530000000000198
4965,39.78999999999996,,50.36999999999989,,45.07999999999993,5.289999999999967
4969,58.26000000000022,,,,58.26000000000022,0.0
4974,29.75999999999976,,,,29.75999999999976,0.0
4975,27.92000000000007,,,,27.92000000000007,0.0
4995,34.42000000000007,,27.58999999999969,,31.00499999999988,3.415000000000191
4999,12.12000000000035,,,,12.12000000000035,0.0
5013,24.40999999999985,,38.19000000000005,,31.299999999999947,6.890000000000098
5020,45.25,,,,45.25,0.0
5027,39.7800000000002,,,,39.7800000000002,0.0
5028,38.17000000000007,,,,38.17000000000007,0.0
5035,33.56999999999971,,46.64999999999964,,40.10999999999967,6.539999999999967
5048,27.57000000000016,,34.84000000000015,,31.205000000000155,3.6349999999999962
5050,22.50999999999976,,,,22.50999999999976,0.0
5054,23.88999999999987,,,,23.88999999999987,0.0
5059,41.59999999999991,,,,41.59999999999991,0.0
5078,24.48000000000002,,,,24.48000000000002,0.0
5084,23.80999999999995,50.23000000000002,,35.36999999999989,36.46999999999995,10.81392928896187
5100,31.81999999999971,,51.20999999999958,,41.514999999999645,9.694999999999936
5108,29.63000000000011,,,,29.63000000000011,0.0
5110,11.07999999999993,,,36.80999999999995,23.944999999999943,12.86500000000001
5142,32.0,,,26.61999999999989,29.309999999999945,2.6900000000000546
5148,27.79999999999973,,,,27.79999999999973,0.0
5152,22.80999999999995,59.82000000000016,,15.83999999999969,32.82333333333327,19.300435803945696
5160,20.21000000000004,,,,20.21000000000004,0.0
5176,27.73999999999978,41.09999999999991,,,34.419999999999845,6.680000000000064
5188,22.44999999999982,12.21000000000049,49.34000000000015,,28.000000000000153,15.658035210928105
5197,34.88000000000011,,,,34.88000000000011,0.0
5200,35.27999999999975,29.36999999999989,,31.0,31.883333333333212,2.4922858762366147
5202,11.01000000000022,,36.48000000000002,,23.74500000000012,12.7349999999999
5205,26.25,,,50.25,38.25,12.0
5214,37.38000000000011,,51.32000000000016,,44.350000000000136,6.970000000000024
5229,28.48000000000002,,,,28.48000000000002,0.0
5244,60.69999999999982,,,,60.69999999999982,0.0
5249,41.11999999999989,30.81999999999971,,,35.9699999999998,5.150000000000091
5267,28.07000000000062,,,,28.07000000000062,0.0
5270,26.96000000000004,23.92000000000007,,,25.440000000000055,1.5199999999999854
5280,22.42000000000007,,,,22.42000000000007,0.0
5282,25.14000000000033,,,,25.14000000000033,0.0
5290,38.35999999999967,,,,38.35999999999967,0.0
5300,35.60999999999967,,,,35.60999999999967,0.0
5311,26.70999999999913,,,,26.70999999999913,0.0
5315,26.07000000000062,,,,26.07000000000062,0.0
5319,47.65000000000055,30.35999999999967,,,39.00500000000011,8.645000000000442
5339,27.56999999999971,,,,27.56999999999971,0.0
5349,20.92000000000007,,,,20.92000000000007,0.0
5362,34.53999999999996,37.82999999999993,,,36.184999999999945,1.6449999999999854
5372,33.59999999999945,,,,33.59999999999945,0.0
5374,24.09000000000015,,,,24.09000000000015,0.0
5378,24.1899999999996,,,31.78999999999996,27.98999999999978,3.80000000000018
5379,48.4399999999996,,,,48.4399999999996,0.0
5381,23.06999999999971,,23.42000000000007,,23.24499999999989,0.17500000000018012
5388,33.51000000000022,,,,33.51000000000022,0.0
5390,29.81999999999971,,,,29.81999999999971,0.0
5395,25.86999999999989,,,,25.86999999999989,0.0
5399,23.35000000000036,29.3100000000004,,,26.330000000000382,2.98000000000002
5400,21.60999999999967,,33.3100000000004,36.13000000000011,30.350000000000062,6.286429829402627
5402,19.65999999999985,,,,19.65999999999985,0.0
5415,30.86000000000058,26.70000000000073,,,28.780000000000655,2.0799999999999237
5425,25.86999999999989,,,,25.86999999999989,0.0
5426,21.17000000000007,,,,21.17000000000007,0.0
5433,40.68000000000029,,,,40.68000000000029,0.0
5441,10.94999999999982,,,,10.94999999999982,0.0
5452,26.63000000000011,,,,26.63000000000011,0.0
5455,20.61999999999989,,,,20.61999999999989,0.0
5471,37.35999999999967,,,,37.35999999999967,0.0
5483,,,,51.65999999999985,51.65999999999985,0.0
5484,24.56999999999971,,,,24.56999999999971,0.0
5487,23.81999999999971,,,,23.81999999999971,0.0
5489,,,,30.89999999999964,30.89999999999964,0.0
5498,,,,,,
5508,,,,,,
5509,,,,,,
5511,,,,62.81999999999971,62.81999999999971,0.0
