,liq_100,liq_101,liq_102,liq_103
0,0.0,0.0,1.0,1.0
1,4.0,1.0,1.0,1.0
2,6.0,2.0,3.0,3.0
3,7.0,3.0,5.0,3.0
4,7.0,4.0,7.0,5.0
5,8.0,6.0,9.0,8.0
6,11.0,6.0,9.0,8.0
7,8.0,3.0,4.0,8.0
8,7.0,4.0,2.0,6.0
9,6.0,6.0,1.0,6.0
10,2.0,5.0,2.0,6.0
11,0.0,3.0,1.0,3.0
12,0.0,3.0,1.0,2.0
13,1.0,3.0,2.0,2.0
14,1.0,1.0,4.0,2.0
15,0.0,1.0,3.0,3.0
16,1.0,0.0,3.0,2.0
17,3.0,1.0,1.0,4.0
18,3.0,2.0,2.0,2.0
19,4.0,3.0,2.0,2.0
20,4.0,4.0,5.0,3.0
21,4.0,5.0,7.0,4.0
22,5.0,5.0,8.0,5.0
23,6.0,5.0,11.0,5.0
24,7.0,5.0,11.0,5.0
25,8.0,6.0,12.0,5.0
26,8.0,6.0,13.0,9.0
27,11.0,9.0,13.0,9.0
28,11.0,9.0,16.0,10.0
29,12.0,9.0,16.0,10.0
30,13.0,10.0,16.0,10.0
31,10.0,9.0,10.0,11.0
32,8.0,7.0,7.0,10.0
33,8.0,7.0,4.0,8.0
34,8.0,4.0,5.0,7.0
35,5.0,2.0,5.0,4.0
36,4.0,6.0,4.0,6.0
37,3.0,7.0,1.0,5.0
38,1.0,5.0,1.0,5.0
39,0.0,3.0,3.0,6.0
40,0.0,1.0,5.0,5.0
41,0.0,1.0,3.0,7.0
42,0.0,0.0,2.0,6.0
43,0.0,2.0,4.0,8.0
44,1.0,3.0,5.0,8.0
45,4.0,4.0,6.0,10.0
46,4.0,4.0,7.0,13.0
47,4.0,4.0,7.0,13.0
48,4.0,4.0,8.0,14.0
49,4.0,4.0,10.0,16.0
50,6.0,6.0,11.0,17.0
51,6.0,7.0,13.0,17.0
52,6.0,8.0,14.0,20.0
53,8.0,10.0,15.0,20.0
54,9.0,10.0,15.0,21.0
55,5.0,7.0,11.0,19.0
56,4.0,7.0,8.0,17.0
57,6.0,9.0,9.0,15.0
58,6.0,11.0,9.0,13.0
59,3.0,9.0,6.0,13.0
60,2.0,9.0,4.0,15.0
61,1.0,6.0,3.0,12.0
62,6.0,3.0,2.0,9.0
63,5.0,1.0,2.0,7.0
64,3.0,2.0,1.0,5.0
65,2.0,3.0,1.0,4.0
66,1.0,3.0,1.0,1.0
67,1.0,3.0,2.0,1.0
68,2.0,3.0,3.0,3.0
69,3.0,4.0,3.0,3.0
70,4.0,5.0,5.0,4.0
71,5.0,5.0,5.0,4.0
72,5.0,7.0,5.0,6.0
73,7.0,7.0,6.0,8.0
74,7.0,8.0,8.0,9.0
75,8.0,9.0,11.0,9.0
76,8.0,11.0,11.0,9.0
77,9.0,15.0,12.0,10.0
78,9.0,16.0,12.0,10.0
79,8.0,13.0,9.0,8.0
80,9.0,13.0,8.0,9.0
81,8.0,16.0,8.0,10.0
82,7.0,18.0,7.0,8.0
83,5.0,19.0,8.0,6.0
84,4.0,19.0,8.0,6.0
85,5.0,17.0,7.0,7.0
86,4.0,13.0,6.0,6.0
87,6.0,11.0,5.0,7.0
88,7.0,8.0,6.0,9.0
89,3.0,8.0,6.0,9.0
90,1.0,7.0,5.0,7.0
91,4.0,8.0,5.0,8.0
92,6.0,9.0,7.0,8.0
93,6.0,13.0,7.0,10.0
94,7.0,15.0,9.0,10.0
95,8.0,16.0,9.0,13.0
96,8.0,16.0,9.0,13.0
97,9.0,16.0,11.0,13.0
98,10.0,17.0,14.0,15.0
99,10.0,17.0,16.0,16.0
100,10.0,18.0,17.0,17.0
101,10.0,19.0,17.0,20.0
102,11.0,19.0,19.0,20.0
103,9.0,15.0,16.0,15.0
104,4.0,13.0,16.0,12.0
105,4.0,11.0,13.0,11.0
106,4.0,11.0,10.0,11.0
107,4.0,10.0,8.0,12.0
108,4.0,8.0,5.0,10.0
109,5.0,7.0,4.0,9.0
110,6.0,7.0,5.0,8.0
111,7.0,7.0,3.0,5.0
112,4.0,7.0,4.0,7.0
113,2.0,7.0,4.0,7.0
114,3.0,7.0,2.0,5.0
115,7.0,8.0,2.0,6.0
116,9.0,10.0,3.0,7.0
117,10.0,11.0,6.0,8.0
118,12.0,13.0,7.0,9.0
119,13.0,16.0,9.0,9.0
120,14.0,17.0,12.0,10.0
121,15.0,17.0,13.0,12.0
122,15.0,21.0,15.0,12.0
123,17.0,21.0,16.0,12.0
124,20.0,22.0,18.0,13.0
125,22.0,22.0,18.0,13.0
126,23.0,23.0,18.0,13.0
127,19.0,17.0,14.0,11.0
128,15.0,16.0,13.0,9.0
129,13.0,18.0,13.0,7.0
130,13.0,16.0,14.0,6.0
131,12.0,16.0,13.0,7.0
132,11.0,14.0,13.0,7.0
133,9.0,13.0,11.0,7.0
134,6.0,11.0,8.0,4.0
135,5.0,9.0,5.0,2.0
136,6.0,7.0,4.0,2.0
137,5.0,5.0,4.0,3.0
138,4.0,6.0,2.0,3.0
139,5.0,8.0,3.0,7.0
140,6.0,9.0,3.0,7.0
141,7.0,10.0,5.0,8.0
142,7.0,10.0,7.0,9.0
143,8.0,10.0,9.0,9.0
144,9.0,14.0,10.0,9.0
145,11.0,15.0,10.0,10.0
146,13.0,15.0,10.0,10.0
147,14.0,16.0,11.0,11.0
148,16.0,17.0,13.0,11.0
149,17.0,17.0,13.0,11.0
150,18.0,18.0,14.0,11.0
151,15.0,15.0,12.0,9.0
152,13.0,14.0,14.0,9.0
153,13.0,16.0,13.0,6.0
154,11.0,14.0,11.0,5.0
155,11.0,11.0,9.0,6.0
156,12.0,9.0,10.0,7.0
157,9.0,10.0,10.0,9.0
158,7.0,6.0,9.0,10.0
159,3.0,5.0,8.0,8.0
160,4.0,5.0,6.0,7.0
161,2.0,6.0,4.0,4.0
162,1.0,4.0,3.0,3.0
163,2.0,5.0,3.0,4.0
164,4.0,6.0,3.0,6.0
165,4.0,6.0,4.0,8.0
166,4.0,6.0,6.0,9.0
167,6.0,6.0,7.0,9.0
168,8.0,7.0,8.0,9.0
169,9.0,8.0,9.0,10.0
170,9.0,8.0,9.0,10.0
171,10.0,10.0,11.0,11.0
172,12.0,12.0,12.0,13.0
173,13.0,12.0,13.0,13.0
174,13.0,14.0,15.0,14.0
175,13.0,8.0,10.0,16.0
176,11.0,7.0,8.0,12.0
177,9.0,9.0,9.0,13.0
178,8.0,9.0,9.0,13.0
179,9.0,8.0,7.0,12.0
180,8.0,4.0,7.0,9.0
181,7.0,3.0,9.0,8.0
182,8.0,5.0,8.0,9.0
183,6.0,5.0,5.0,5.0
184,5.0,5.0,4.0,3.0
185,3.0,2.0,3.0,4.0
186,3.0,1.0,7.0,4.0
187,4.0,1.0,7.0,6.0
188,6.0,3.0,8.0,7.0
189,6.0,6.0,8.0,9.0
190,9.0,6.0,8.0,11.0
191,9.0,7.0,8.0,12.0
192,9.0,7.0,9.0,13.0
193,9.0,7.0,10.0,13.0
194,10.0,7.0,10.0,14.0
195,11.0,8.0,12.0,14.0
196,11.0,9.0,12.0,16.0
197,13.0,10.0,12.0,16.0
198,14.0,11.0,13.0,16.0
199,9.0,10.0,7.0,15.0
200,8.0,8.0,5.0,14.0
201,8.0,9.0,6.0,13.0
202,8.0,6.0,7.0,12.0
203,6.0,5.0,6.0,11.0
204,5.0,8.0,3.0,10.0
205,3.0,9.0,2.0,7.0
206,3.0,6.0,1.0,7.0
207,1.0,5.0,2.0,6.0
208,1.0,4.0,3.0,2.0
209,1.0,1.0,2.0,2.0
210,1.0,3.0,2.0,2.0
211,1.0,3.0,4.0,3.0
212,1.0,3.0,4.0,3.0
213,2.0,3.0,5.0,3.0
214,2.0,4.0,7.0,6.0
215,2.0,4.0,9.0,6.0
216,3.0,5.0,11.0,7.0
217,3.0,6.0,12.0,7.0
218,4.0,7.0,12.0,8.0
219,5.0,8.0,13.0,9.0
220,9.0,9.0,13.0,10.0
221,10.0,9.0,13.0,11.0
222,11.0,11.0,15.0,17.0
223,11.0,7.0,13.0,14.0
224,11.0,5.0,11.0,13.0
225,11.0,6.0,11.0,14.0
226,9.0,8.0,8.0,13.0
227,8.0,9.0,7.0,11.0
228,6.0,9.0,5.0,12.0
229,6.0,6.0,3.0,10.0
230,6.0,3.0,1.0,9.0
231,4.0,2.0,1.0,7.0
232,4.0,0.0,2.0,9.0
233,5.0,2.0,2.0,7.0
234,5.0,3.0,0.0,4.0
235,8.0,3.0,1.0,6.0
236,8.0,4.0,3.0,6.0
237,9.0,4.0,5.0,6.0
238,10.0,4.0,7.0,6.0
239,11.0,5.0,7.0,6.0
240,13.0,6.0,7.0,6.0
241,15.0,7.0,8.0,6.0
242,15.0,8.0,9.0,6.0
243,17.0,9.0,10.0,7.0
244,17.0,10.0,10.0,7.0
245,18.0,12.0,10.0,7.0
246,19.0,12.0,11.0,8.0
247,13.0,8.0,10.0,5.0
248,8.0,6.0,7.0,4.0
249,9.0,4.0,6.0,6.0
250,9.0,6.0,6.0,6.0
251,8.0,6.0,6.0,5.0
252,6.0,7.0,8.0,5.0
253,7.0,4.0,7.0,4.0
254,7.0,2.0,4.0,2.0
255,9.0,1.0,5.0,2.0
256,6.0,0.0,5.0,3.0
257,4.0,0.0,3.0,4.0
258,3.0,2.0,2.0,2.0
259,6.0,2.0,2.0,4.0
260,7.0,2.0,3.0,5.0
261,7.0,2.0,6.0,6.0
262,7.0,2.0,7.0,6.0
263,8.0,3.0,8.0,6.0
264,10.0,6.0,9.0,8.0
265,10.0,6.0,10.0,9.0
266,10.0,8.0,13.0,10.0
267,10.0,10.0,13.0,10.0
268,11.0,10.0,13.0,10.0
269,12.0,12.0,15.0,11.0
270,12.0,12.0,15.0,13.0
271,9.0,8.0,12.0,10.0
272,5.0,6.0,11.0,7.0
273,4.0,8.0,10.0,6.0
274,2.0,10.0,8.0,4.0
275,3.0,13.0,9.0,2.0
276,6.0,11.0,6.0,1.0
277,5.0,9.0,6.0,3.0
278,5.0,7.0,6.0,3.0
279,3.0,7.0,8.0,3.0
280,1.0,7.0,7.0,2.0
281,1.0,7.0,5.0,3.0
282,0.0,6.0,5.0,3.0
283,0.0,7.0,8.0,7.0
284,1.0,8.0,8.0,8.0
285,2.0,9.0,10.0,8.0
286,4.0,9.0,12.0,9.0
287,4.0,10.0,12.0,9.0
288,4.0,10.0,12.0,10.0
289,4.0,11.0,13.0,11.0
290,7.0,12.0,15.0,13.0
291,7.0,13.0,15.0,14.0
292,8.0,14.0,16.0,15.0
293,9.0,16.0,16.0,17.0
294,11.0,17.0,16.0,19.0
295,10.0,14.0,13.0,15.0
296,8.0,14.0,11.0,14.0
297,8.0,13.0,9.0,13.0
298,6.0,12.0,9.0,13.0
299,6.0,9.0,9.0,12.0
300,6.0,8.0,10.0,13.0
301,8.0,8.0,7.0,12.0
302,6.0,7.0,5.0,11.0
303,8.0,8.0,2.0,11.0
304,5.0,10.0,2.0,10.0
305,2.0,9.0,5.0,9.0
306,1.0,6.0,7.0,6.0
307,2.0,7.0,9.0,7.0
308,2.0,7.0,9.0,9.0
309,4.0,7.0,12.0,10.0
310,6.0,8.0,13.0,12.0
311,7.0,8.0,13.0,12.0
312,9.0,8.0,13.0,13.0
313,10.0,9.0,16.0,15.0
314,10.0,10.0,16.0,16.0
315,12.0,11.0,16.0,17.0
316,12.0,12.0,18.0,18.0
317,13.0,12.0,19.0,19.0
318,14.0,13.0,19.0,20.0
319,10.0,9.0,15.0,16.0
320,8.0,9.0,11.0,13.0
321,8.0,9.0,12.0,13.0
322,9.0,9.0,11.0,11.0
323,7.0,9.0,9.0,11.0
324,8.0,9.0,9.0,10.0
325,7.0,8.0,10.0,9.0
326,5.0,5.0,7.0,10.0
327,4.0,6.0,5.0,10.0
328,2.0,6.0,4.0,8.0
329,0.0,4.0,4.0,6.0
330,1.0,7.0,5.0,7.0
331,1.0,9.0,5.0,7.0
332,2.0,9.0,6.0,7.0
333,5.0,10.0,7.0,8.0
334,5.0,10.0,9.0,10.0
335,6.0,11.0,9.0,10.0
336,6.0,13.0,10.0,10.0
337,7.0,13.0,11.0,10.0
338,9.0,13.0,11.0,12.0
339,10.0,13.0,11.0,15.0
340,11.0,17.0,14.0,19.0
341,11.0,17.0,15.0,19.0
342,12.0,18.0,15.0,20.0
343,11.0,15.0,13.0,16.0
344,10.0,13.0,12.0,13.0
345,9.0,11.0,9.0,14.0
346,9.0,11.0,10.0,14.0
347,8.0,11.0,10.0,14.0
348,13.0,10.0,10.0,13.0
349,11.0,8.0,9.0,14.0
350,9.0,6.0,9.0,11.0
351,5.0,5.0,9.0,10.0
352,2.0,3.0,7.0,8.0
353,1.0,3.0,4.0,5.0
354,2.0,5.0,2.0,5.0
355,4.0,5.0,4.0,5.0
356,5.0,7.0,4.0,10.0
357,6.0,7.0,4.0,11.0
358,9.0,9.0,5.0,12.0
359,10.0,9.0,6.0,12.0
360,10.0,10.0,8.0,12.0
361,11.0,11.0,10.0,14.0
362,11.0,13.0,11.0,16.0
363,11.0,14.0,11.0,17.0
364,11.0,14.0,13.0,17.0
365,12.0,15.0,13.0,21.0
366,15.0,16.0,14.0,21.0
367,10.0,13.0,10.0,18.0
368,8.0,9.0,10.0,17.0
369,7.0,8.0,9.0,15.0
370,7.0,9.0,8.0,14.0
371,6.0,10.0,6.0,15.0
372,8.0,9.0,5.0,12.0
373,6.0,6.0,6.0,12.0
374,5.0,8.0,5.0,10.0
375,4.0,6.0,4.0,11.0
376,2.0,2.0,3.0,9.0
377,2.0,0.0,2.0,9.0
378,1.0,3.0,0.0,9.0
379,2.0,5.0,2.0,11.0
380,2.0,7.0,3.0,13.0
381,3.0,9.0,4.0,13.0
382,8.0,9.0,5.0,14.0
383,9.0,9.0,7.0,14.0
384,10.0,11.0,8.0,15.0
385,12.0,12.0,10.0,15.0
386,13.0,12.0,10.0,15.0
387,14.0,13.0,11.0,16.0
388,15.0,13.0,11.0,17.0
389,16.0,15.0,11.0,17.0
390,16.0,17.0,12.0,20.0
391,12.0,16.0,10.0,16.0
392,10.0,15.0,9.0,13.0
393,9.0,16.0,8.0,13.0
394,11.0,13.0,8.0,13.0
395,10.0,17.0,9.0,13.0
396,7.0,17.0,7.0,12.0
397,6.0,14.0,7.0,11.0
398,7.0,13.0,6.0,9.0
399,5.0,13.0,4.0,8.0
400,5.0,11.0,5.0,8.0
401,3.0,6.0,3.0,6.0
402,0.0,4.0,2.0,7.0
403,1.0,5.0,3.0,7.0
404,4.0,6.0,4.0,7.0
405,5.0,6.0,5.0,8.0
406,6.0,7.0,7.0,8.0
407,7.0,8.0,8.0,9.0
408,8.0,10.0,10.0,10.0
409,10.0,11.0,11.0,10.0
410,11.0,13.0,12.0,10.0
411,11.0,13.0,13.0,12.0
412,11.0,14.0,15.0,13.0
413,14.0,15.0,16.0,13.0
414,16.0,15.0,17.0,14.0
415,12.0,10.0,17.0,11.0
416,13.0,9.0,15.0,8.0
417,13.0,10.0,16.0,7.0
418,13.0,12.0,18.0,8.0
419,11.0,11.0,19.0,8.0
420,12.0,8.0,17.0,8.0
421,9.0,6.0,12.0,4.0
422,6.0,6.0,8.0,5.0
423,4.0,5.0,8.0,4.0
424,1.0,5.0,4.0,3.0
425,2.0,6.0,3.0,4.0
426,4.0,5.0,3.0,2.0
427,5.0,5.0,5.0,4.0
428,8.0,5.0,5.0,7.0
429,10.0,5.0,6.0,8.0
430,10.0,5.0,7.0,9.0
431,15.0,5.0,7.0,9.0
432,16.0,6.0,9.0,11.0
433,16.0,7.0,9.0,12.0
434,18.0,8.0,9.0,13.0
435,21.0,9.0,9.0,14.0
436,23.0,11.0,12.0,17.0
437,25.0,11.0,12.0,17.0
438,25.0,13.0,14.0,19.0
439,20.0,10.0,11.0,16.0
440,16.0,11.0,9.0,15.0
441,15.0,10.0,13.0,11.0
442,12.0,8.0,14.0,10.0
443,13.0,8.0,12.0,11.0
444,9.0,7.0,8.0,12.0
445,7.0,5.0,5.0,9.0
446,6.0,4.0,5.0,7.0
447,4.0,3.0,5.0,4.0
448,3.0,3.0,3.0,3.0
449,2.0,3.0,3.0,2.0
450,3.0,4.0,3.0,2.0
451,3.0,8.0,4.0,4.0
452,4.0,9.0,7.0,6.0
453,4.0,10.0,9.0,8.0
454,5.0,10.0,9.0,10.0
455,5.0,10.0,9.0,13.0
456,5.0,11.0,10.0,13.0
457,5.0,11.0,11.0,14.0
458,5.0,14.0,11.0,14.0
459,7.0,14.0,12.0,14.0
460,7.0,15.0,14.0,18.0
461,7.0,15.0,14.0,18.0
462,7.0,15.0,16.0,18.0
463,3.0,10.0,12.0,14.0
464,3.0,7.0,13.0,11.0
465,4.0,6.0,12.0,9.0
466,5.0,4.0,11.0,10.0
467,4.0,3.0,9.0,8.0
468,3.0,4.0,9.0,7.0
469,3.0,2.0,10.0,7.0
470,4.0,3.0,10.0,8.0
471,3.0,2.0,10.0,6.0
472,2.0,3.0,9.0,5.0
473,2.0,3.0,6.0,6.0
474,1.0,4.0,4.0,6.0
475,2.0,4.0,5.0,6.0
476,2.0,4.0,6.0,6.0
477,2.0,8.0,7.0,6.0
478,3.0,10.0,8.0,6.0
479,4.0,10.0,11.0,6.0
480,5.0,10.0,12.0,7.0
481,5.0,11.0,13.0,7.0
482,6.0,11.0,16.0,9.0
483,7.0,13.0,16.0,10.0
484,7.0,13.0,17.0,10.0
485,8.0,14.0,18.0,10.0
486,9.0,14.0,18.0,12.0
487,6.0,10.0,14.0,9.0
488,3.0,10.0,13.0,8.0
489,4.0,8.0,14.0,7.0
490,2.0,9.0,13.0,6.0
491,1.0,8.0,11.0,5.0
492,1.0,8.0,9.0,7.0
493,1.0,5.0,9.0,7.0
494,1.0,2.0,8.0,5.0
495,4.0,2.0,7.0,5.0
496,7.0,1.0,6.0,6.0
497,8.0,1.0,5.0,3.0
498,6.0,0.0,9.0,1.0
499,6.0,3.0,9.0,2.0
500,7.0,3.0,9.0,3.0
501,8.0,3.0,9.0,3.0
502,9.0,3.0,10.0,6.0
503,10.0,4.0,11.0,8.0
504,12.0,4.0,11.0,9.0
505,12.0,6.0,11.0,12.0
506,16.0,6.0,13.0,13.0
507,16.0,6.0,13.0,13.0
508,16.0,6.0,14.0,15.0
509,16.0,6.0,15.0,17.0
510,17.0,8.0,17.0,17.0
511,12.0,6.0,11.0,16.0
512,9.0,6.0,11.0,15.0
513,8.0,7.0,12.0,15.0
514,7.0,5.0,11.0,14.0
515,6.0,4.0,9.0,12.0
516,5.0,4.0,6.0,11.0
517,6.0,3.0,5.0,9.0
518,3.0,2.0,3.0,7.0
519,2.0,1.0,3.0,7.0
520,2.0,5.0,4.0,6.0
521,4.0,5.0,4.0,4.0
522,5.0,3.0,5.0,5.0
523,7.0,3.0,6.0,5.0
524,8.0,4.0,8.0,6.0
525,8.0,4.0,9.0,6.0
526,8.0,4.0,9.0,6.0
527,9.0,4.0,11.0,7.0
528,9.0,5.0,11.0,7.0
529,11.0,5.0,11.0,7.0
530,12.0,6.0,12.0,8.0
531,14.0,7.0,12.0,8.0
532,17.0,9.0,12.0,8.0
533,17.0,10.0,12.0,9.0
534,17.0,10.0,12.0,10.0
535,12.0,7.0,7.0,9.0
536,10.0,5.0,6.0,6.0
537,10.0,3.0,5.0,5.0
538,9.0,2.0,3.0,6.0
539,10.0,1.0,4.0,5.0
540,8.0,3.0,4.0,4.0
541,9.0,4.0,3.0,3.0
542,8.0,4.0,1.0,4.0
543,5.0,3.0,2.0,4.0
544,4.0,2.0,2.0,4.0
545,4.0,3.0,2.0,3.0
546,4.0,4.0,2.0,3.0
547,4.0,4.0,5.0,3.0
548,5.0,5.0,5.0,4.0
549,6.0,5.0,6.0,5.0
550,7.0,5.0,7.0,5.0
551,9.0,7.0,7.0,5.0
552,9.0,9.0,7.0,5.0
553,11.0,11.0,8.0,7.0
554,11.0,12.0,8.0,8.0
555,11.0,15.0,8.0,9.0
556,12.0,17.0,8.0,9.0
557,15.0,18.0,10.0,10.0
558,16.0,19.0,10.0,12.0
559,11.0,14.0,8.0,7.0
560,9.0,11.0,5.0,6.0
561,13.0,10.0,5.0,5.0
562,13.0,9.0,6.0,5.0
563,11.0,11.0,6.0,4.0
564,9.0,10.0,5.0,5.0
565,9.0,7.0,3.0,6.0
566,6.0,4.0,2.0,4.0
567,5.0,2.0,2.0,2.0
568,5.0,3.0,2.0,2.0
569,3.0,2.0,1.0,1.0
570,4.0,2.0,1.0,1.0
571,6.0,3.0,4.0,1.0
572,6.0,4.0,4.0,2.0
573,6.0,5.0,4.0,2.0
574,7.0,6.0,4.0,4.0
575,11.0,7.0,4.0,5.0
576,12.0,8.0,5.0,5.0
577,12.0,9.0,7.0,5.0
578,12.0,12.0,8.0,5.0
579,13.0,12.0,9.0,7.0
580,14.0,14.0,10.0,7.0
581,14.0,15.0,10.0,8.0
582,14.0,15.0,11.0,8.0
583,11.0,11.0,9.0,5.0
584,7.0,13.0,7.0,2.0
585,7.0,13.0,9.0,3.0
586,9.0,12.0,9.0,4.0
587,9.0,12.0,7.0,5.0
588,7.0,11.0,6.0,3.0
589,5.0,13.0,4.0,2.0
590,2.0,10.0,3.0,2.0
591,2.0,7.0,3.0,1.0
592,1.0,8.0,3.0,2.0
593,2.0,7.0,3.0,3.0
594,4.0,5.0,3.0,3.0
595,4.0,6.0,6.0,3.0
596,6.0,6.0,9.0,3.0
597,7.0,7.0,9.0,3.0
598,8.0,8.0,9.0,4.0
599,11.0,8.0,13.0,5.0
600,11.0,11.0,14.0,5.0
601,13.0,11.0,15.0,5.0
602,13.0,12.0,16.0,6.0
603,14.0,12.0,16.0,6.0
604,16.0,13.0,17.0,8.0
605,16.0,15.0,18.0,9.0
606,18.0,16.0,20.0,10.0
607,14.0,14.0,17.0,11.0
608,12.0,13.0,15.0,10.0
609,11.0,12.0,14.0,8.0
610,10.0,10.0,15.0,6.0
611,8.0,10.0,12.0,7.0
612,7.0,9.0,9.0,9.0
613,7.0,10.0,6.0,5.0
614,5.0,8.0,5.0,2.0
615,5.0,6.0,9.0,2.0
616,5.0,6.0,13.0,2.0
617,5.0,6.0,13.0,3.0
618,4.0,6.0,9.0,1.0
619,5.0,7.0,9.0,2.0
620,5.0,9.0,9.0,2.0
621,8.0,9.0,11.0,3.0
622,8.0,10.0,12.0,3.0
623,8.0,13.0,13.0,4.0
624,9.0,14.0,13.0,5.0
625,9.0,14.0,13.0,5.0
626,9.0,16.0,13.0,9.0
627,10.0,16.0,13.0,9.0
628,11.0,17.0,15.0,10.0
629,13.0,19.0,16.0,10.0
630,15.0,21.0,17.0,10.0
631,12.0,18.0,13.0,9.0
632,10.0,17.0,10.0,7.0
633,9.0,16.0,7.0,5.0
634,8.0,16.0,7.0,5.0
635,9.0,16.0,5.0,4.0
636,8.0,16.0,6.0,6.0
637,10.0,14.0,6.0,4.0
638,11.0,12.0,6.0,2.0
639,9.0,11.0,6.0,2.0
640,4.0,10.0,6.0,2.0
641,1.0,8.0,6.0,1.0
642,0.0,8.0,5.0,1.0
643,0.0,9.0,6.0,1.0
644,1.0,11.0,7.0,2.0
645,2.0,13.0,8.0,4.0
646,3.0,13.0,8.0,8.0
647,3.0,14.0,9.0,9.0
648,4.0,14.0,9.0,10.0
649,4.0,15.0,10.0,10.0
650,5.0,15.0,10.0,10.0
651,6.0,16.0,10.0,11.0
652,7.0,16.0,11.0,11.0
653,8.0,16.0,11.0,12.0
654,8.0,17.0,14.0,13.0
655,7.0,15.0,11.0,10.0
656,5.0,14.0,9.0,9.0
657,5.0,13.0,7.0,8.0
658,4.0,13.0,6.0,6.0
659,6.0,10.0,5.0,7.0
660,5.0,9.0,5.0,11.0
661,4.0,6.0,3.0,10.0
662,2.0,6.0,4.0,8.0
663,2.0,5.0,6.0,6.0
664,1.0,6.0,5.0,8.0
665,0.0,5.0,4.0,7.0
666,4.0,6.0,1.0,6.0
667,5.0,6.0,1.0,7.0
668,6.0,6.0,1.0,9.0
669,7.0,7.0,3.0,10.0
670,8.0,9.0,3.0,11.0
671,9.0,12.0,3.0,12.0
672,9.0,14.0,5.0,13.0
673,9.0,15.0,6.0,14.0
674,10.0,15.0,8.0,14.0
675,11.0,16.0,8.0,15.0
676,13.0,17.0,9.0,15.0
677,15.0,18.0,9.0,16.0
678,15.0,20.0,11.0,19.0
679,13.0,16.0,9.0,14.0
680,11.0,13.0,9.0,13.0
681,8.0,12.0,10.0,13.0
682,7.0,12.0,11.0,12.0
683,7.0,11.0,9.0,11.0
684,6.0,8.0,7.0,13.0
685,6.0,5.0,5.0,9.0
686,5.0,3.0,3.0,7.0
687,5.0,4.0,4.0,9.0
688,4.0,2.0,7.0,7.0
689,3.0,1.0,6.0,5.0
690,3.0,4.0,5.0,5.0
691,4.0,7.0,6.0,7.0
692,4.0,8.0,6.0,9.0
693,4.0,8.0,6.0,9.0
694,5.0,9.0,7.0,10.0
695,6.0,10.0,7.0,10.0
696,6.0,10.0,8.0,10.0
697,7.0,12.0,10.0,12.0
698,7.0,13.0,11.0,12.0
699,8.0,14.0,11.0,14.0
700,11.0,16.0,12.0,15.0
701,13.0,16.0,13.0,17.0
702,13.0,16.0,14.0,19.0
703,13.0,12.0,11.0,14.0
704,12.0,13.0,8.0,12.0
705,13.0,14.0,5.0,9.0
706,12.0,13.0,4.0,11.0
707,9.0,10.0,4.0,11.0
708,7.0,8.0,1.0,11.0
709,5.0,8.0,0.0,11.0
710,2.0,8.0,0.0,8.0
711,0.0,8.0,1.0,8.0
712,1.0,7.0,4.0,9.0
713,3.0,7.0,3.0,11.0
714,3.0,5.0,3.0,10.0
715,4.0,6.0,3.0,11.0
716,6.0,8.0,4.0,13.0
717,6.0,8.0,6.0,14.0
718,6.0,9.0,9.0,14.0
719,6.0,10.0,11.0,16.0
720,10.0,10.0,12.0,17.0
721,10.0,10.0,13.0,17.0
722,11.0,10.0,13.0,20.0
723,11.0,10.0,15.0,22.0
724,12.0,10.0,18.0,25.0
725,12.0,10.0,21.0,25.0
726,13.0,10.0,21.0,27.0
727,11.0,6.0,19.0,21.0
728,9.0,6.0,18.0,20.0
729,9.0,8.0,16.0,20.0
730,7.0,7.0,12.0,18.0
731,7.0,7.0,11.0,16.0
732,7.0,4.0,11.0,13.0
733,6.0,3.0,12.0,14.0
734,5.0,3.0,10.0,11.0
735,6.0,4.0,6.0,11.0
736,5.0,4.0,5.0,15.0
737,5.0,0.0,4.0,12.0
738,4.0,0.0,4.0,7.0
739,4.0,0.0,5.0,9.0
740,4.0,1.0,5.0,11.0
741,5.0,1.0,5.0,11.0
742,5.0,3.0,5.0,11.0
743,6.0,4.0,8.0,12.0
744,6.0,6.0,8.0,12.0
745,6.0,6.0,8.0,14.0
746,6.0,7.0,9.0,15.0
747,7.0,7.0,9.0,15.0
748,7.0,7.0,10.0,15.0
749,7.0,7.0,11.0,15.0
750,8.0,8.0,13.0,15.0
751,4.0,8.0,9.0,13.0
752,3.0,8.0,8.0,11.0
753,2.0,7.0,11.0,9.0
754,2.0,6.0,9.0,8.0
755,2.0,5.0,6.0,7.0
756,2.0,4.0,7.0,7.0
757,3.0,5.0,6.0,7.0
758,1.0,4.0,4.0,6.0
759,3.0,4.0,3.0,4.0
760,2.0,3.0,3.0,4.0
761,1.0,5.0,3.0,3.0
762,2.0,4.0,4.0,3.0
763,5.0,4.0,4.0,3.0
764,5.0,4.0,7.0,5.0
765,6.0,5.0,7.0,7.0
766,8.0,8.0,7.0,8.0
767,9.0,10.0,9.0,9.0
768,10.0,12.0,10.0,12.0
769,11.0,12.0,13.0,13.0
770,11.0,12.0,14.0,14.0
771,14.0,12.0,16.0,16.0
772,14.0,12.0,16.0,16.0
773,14.0,12.0,16.0,17.0
774,18.0,13.0,16.0,17.0
775,14.0,11.0,12.0,13.0
776,13.0,10.0,10.0,14.0
777,11.0,9.0,13.0,12.0
778,7.0,9.0,11.0,12.0
779,6.0,7.0,7.0,11.0
780,7.0,6.0,5.0,9.0
781,6.0,5.0,4.0,8.0
782,7.0,5.0,5.0,7.0
783,9.0,7.0,4.0,6.0
784,6.0,5.0,4.0,4.0
785,4.0,4.0,6.0,5.0
786,4.0,4.0,4.0,3.0
787,5.0,5.0,6.0,4.0
788,8.0,7.0,7.0,7.0
789,8.0,8.0,7.0,9.0
790,8.0,8.0,7.0,10.0
791,9.0,11.0,7.0,12.0
792,10.0,12.0,7.0,15.0
793,11.0,14.0,7.0,17.0
794,14.0,15.0,9.0,17.0
795,14.0,15.0,9.0,18.0
796,15.0,17.0,9.0,20.0
797,15.0,19.0,10.0,20.0
798,15.0,20.0,10.0,22.0
799,10.0,14.0,4.0,20.0
800,10.0,13.0,4.0,17.0
801,9.0,13.0,4.0,17.0
802,8.0,12.0,8.0,17.0
803,9.0,10.0,9.0,15.0
804,9.0,11.0,4.0,13.0
805,8.0,11.0,2.0,11.0
806,7.0,9.0,2.0,8.0
807,7.0,8.0,3.0,7.0
808,6.0,8.0,4.0,7.0
809,5.0,5.0,6.0,5.0
810,5.0,3.0,5.0,4.0
811,7.0,3.0,5.0,6.0
812,8.0,5.0,6.0,6.0
813,9.0,5.0,6.0,7.0
814,11.0,5.0,10.0,9.0
815,11.0,6.0,12.0,10.0
816,11.0,6.0,13.0,11.0
817,11.0,6.0,15.0,11.0
818,13.0,8.0,17.0,11.0
819,13.0,8.0,17.0,12.0
820,13.0,9.0,17.0,13.0
821,14.0,9.0,18.0,14.0
822,14.0,9.0,21.0,16.0
823,11.0,6.0,18.0,13.0
824,7.0,6.0,17.0,11.0
825,6.0,6.0,15.0,12.0
826,5.0,7.0,16.0,12.0
827,5.0,6.0,17.0,8.0
828,7.0,6.0,15.0,7.0
829,4.0,6.0,14.0,7.0
830,4.0,4.0,12.0,7.0
831,3.0,3.0,11.0,7.0
832,4.0,2.0,7.0,5.0
833,1.0,1.0,5.0,4.0
834,3.0,2.0,6.0,3.0
835,4.0,2.0,8.0,3.0
836,5.0,4.0,11.0,3.0
837,5.0,6.0,11.0,4.0
838,5.0,8.0,13.0,5.0
839,5.0,8.0,15.0,6.0
840,7.0,8.0,15.0,6.0
841,7.0,10.0,15.0,6.0
842,8.0,13.0,17.0,6.0
843,8.0,13.0,17.0,10.0
844,8.0,14.0,17.0,11.0
845,8.0,14.0,18.0,12.0
846,10.0,15.0,19.0,13.0
847,7.0,14.0,18.0,10.0
848,5.0,13.0,16.0,8.0
849,4.0,10.0,15.0,9.0
850,2.0,10.0,15.0,9.0
851,6.0,10.0,15.0,9.0
852,7.0,8.0,16.0,10.0
853,5.0,6.0,18.0,10.0
854,3.0,5.0,18.0,12.0
855,1.0,3.0,12.0,10.0
856,1.0,4.0,9.0,8.0
857,4.0,4.0,9.0,8.0
858,3.0,6.0,12.0,6.0
859,5.0,8.0,13.0,7.0
860,6.0,8.0,13.0,9.0
861,7.0,11.0,13.0,12.0
862,7.0,12.0,15.0,12.0
863,8.0,12.0,17.0,12.0
864,9.0,13.0,18.0,13.0
865,10.0,14.0,18.0,13.0
866,13.0,14.0,19.0,15.0
867,15.0,15.0,19.0,16.0
868,16.0,16.0,19.0,16.0
869,17.0,16.0,20.0,16.0
870,19.0,17.0,21.0,16.0
871,17.0,11.0,17.0,12.0
872,16.0,10.0,15.0,8.0
873,13.0,11.0,14.0,5.0
874,12.0,11.0,14.0,5.0
875,10.0,7.0,14.0,6.0
876,9.0,5.0,12.0,5.0
877,6.0,4.0,10.0,5.0
878,6.0,3.0,8.0,5.0
879,4.0,2.0,8.0,5.0
880,2.0,3.0,8.0,7.0
881,3.0,3.0,6.0,8.0
882,1.0,2.0,4.0,3.0
883,4.0,4.0,4.0,3.0
884,4.0,4.0,6.0,4.0
885,5.0,4.0,6.0,6.0
886,6.0,4.0,6.0,9.0
887,7.0,4.0,7.0,9.0
888,7.0,5.0,7.0,11.0
889,8.0,6.0,8.0,14.0
890,8.0,7.0,8.0,16.0
891,10.0,7.0,11.0,16.0
892,10.0,8.0,11.0,17.0
893,14.0,10.0,12.0,17.0
894,16.0,10.0,12.0,17.0
895,12.0,7.0,8.0,18.0
896,10.0,7.0,7.0,16.0
897,12.0,7.0,7.0,14.0
898,13.0,9.0,7.0,12.0
899,10.0,9.0,7.0,10.0
900,9.0,8.0,8.0,8.0
901,7.0,5.0,9.0,5.0
902,8.0,4.0,7.0,2.0
903,6.0,3.0,8.0,3.0
904,3.0,3.0,6.0,2.0
905,3.0,2.0,5.0,3.0
906,2.0,2.0,4.0,4.0
907,3.0,3.0,4.0,5.0
908,5.0,4.0,5.0,5.0
909,5.0,4.0,6.0,6.0
910,6.0,6.0,6.0,6.0
911,6.0,6.0,8.0,6.0
912,6.0,7.0,10.0,7.0
913,6.0,8.0,11.0,9.0
914,6.0,10.0,12.0,11.0
915,7.0,10.0,13.0,11.0
916,7.0,11.0,14.0,11.0
917,8.0,12.0,15.0,12.0
918,8.0,14.0,17.0,12.0
919,5.0,10.0,15.0,9.0
920,3.0,10.0,14.0,6.0
921,3.0,9.0,14.0,6.0
922,2.0,8.0,13.0,6.0
923,5.0,8.0,11.0,9.0
924,5.0,4.0,8.0,8.0
925,4.0,4.0,6.0,10.0
926,2.0,4.0,5.0,7.0
927,1.0,3.0,4.0,4.0
928,1.0,1.0,5.0,1.0
929,1.0,0.0,5.0,0.0
930,3.0,3.0,2.0,4.0
931,4.0,3.0,2.0,4.0
932,5.0,4.0,2.0,5.0
933,6.0,5.0,4.0,5.0
934,9.0,5.0,6.0,5.0
935,9.0,5.0,6.0,7.0
936,11.0,6.0,8.0,9.0
937,11.0,6.0,8.0,10.0
938,13.0,6.0,8.0,11.0
939,15.0,6.0,9.0,11.0
940,17.0,7.0,10.0,11.0
941,18.0,8.0,13.0,12.0
942,18.0,10.0,15.0,12.0
943,13.0,7.0,12.0,9.0
944,12.0,8.0,10.0,8.0
945,12.0,8.0,9.0,5.0
946,8.0,5.0,8.0,4.0
947,7.0,4.0,9.0,3.0
948,6.0,5.0,8.0,5.0
949,7.0,4.0,6.0,6.0
950,5.0,3.0,4.0,9.0
951,6.0,2.0,5.0,7.0
952,4.0,2.0,5.0,4.0
953,3.0,1.0,6.0,2.0
954,3.0,1.0,5.0,1.0
955,6.0,2.0,7.0,2.0
956,6.0,2.0,7.0,4.0
957,9.0,4.0,8.0,6.0
958,11.0,7.0,9.0,7.0
959,11.0,7.0,9.0,7.0
960,11.0,7.0,10.0,9.0
961,11.0,7.0,11.0,11.0
962,14.0,8.0,13.0,12.0
963,16.0,8.0,17.0,13.0
964,16.0,9.0,18.0,13.0
965,17.0,10.0,18.0,14.0
966,17.0,12.0,20.0,14.0
967,13.0,12.0,17.0,13.0
968,10.0,11.0,13.0,10.0
969,9.0,9.0,11.0,8.0
970,7.0,6.0,11.0,7.0
971,7.0,7.0,12.0,11.0
972,9.0,7.0,11.0,10.0
973,9.0,10.0,11.0,8.0
974,5.0,9.0,8.0,5.0
975,3.0,7.0,8.0,7.0
976,3.0,8.0,5.0,8.0
977,3.0,7.0,6.0,5.0
978,2.0,5.0,4.0,4.0
979,6.0,6.0,5.0,5.0
980,6.0,7.0,5.0,7.0
981,6.0,8.0,6.0,8.0
982,6.0,9.0,7.0,11.0
983,6.0,10.0,8.0,11.0
984,7.0,10.0,8.0,12.0
985,10.0,12.0,11.0,13.0
986,11.0,13.0,14.0,13.0
987,11.0,13.0,15.0,14.0
988,11.0,16.0,17.0,15.0
989,13.0,18.0,22.0,16.0
990,15.0,19.0,24.0,16.0
991,13.0,15.0,22.0,12.0
992,11.0,13.0,20.0,9.0
993,11.0,12.0,16.0,6.0
994,11.0,11.0,15.0,6.0
995,9.0,10.0,13.0,5.0
996,6.0,10.0,13.0,5.0
997,5.0,8.0,13.0,5.0
998,5.0,7.0,14.0,7.0
999,6.0,5.0,14.0,7.0
1000,6.0,3.0,13.0,6.0
1001,6.0,2.0,11.0,4.0
1002,5.0,3.0,9.0,6.0
1003,5.0,3.0,10.0,6.0
1004,6.0,6.0,12.0,7.0
1005,6.0,6.0,13.0,13.0
1006,6.0,7.0,14.0,13.0
1007,6.0,9.0,19.0,13.0
1008,6.0,11.0,20.0,13.0
1009,6.0,13.0,20.0,15.0
1010,6.0,14.0,20.0,16.0
1011,7.0,15.0,20.0,16.0
1012,9.0,15.0,22.0,18.0
1013,9.0,16.0,22.0,20.0
1014,10.0,17.0,24.0,20.0
1015,6.0,14.0,19.0,16.0
1016,5.0,10.0,18.0,12.0
1017,5.0,10.0,16.0,9.0
1018,4.0,12.0,16.0,8.0
1019,4.0,12.0,14.0,6.0
1020,5.0,11.0,13.0,6.0
1021,4.0,12.0,10.0,6.0
1022,2.0,11.0,10.0,6.0
1023,2.0,8.0,10.0,5.0
1024,3.0,7.0,8.0,3.0
1025,3.0,5.0,7.0,3.0
1026,1.0,4.0,4.0,3.0
1027,2.0,5.0,4.0,3.0
1028,3.0,8.0,5.0,4.0
1029,3.0,10.0,6.0,4.0
1030,4.0,11.0,7.0,4.0
1031,4.0,13.0,7.0,6.0
1032,5.0,17.0,8.0,8.0
1033,8.0,18.0,8.0,8.0
1034,9.0,20.0,8.0,9.0
1035,10.0,21.0,9.0,9.0
1036,10.0,21.0,9.0,9.0
1037,12.0,22.0,10.0,9.0
1038,12.0,23.0,11.0,9.0
1039,6.0,20.0,8.0,8.0
1040,2.0,20.0,8.0,5.0
1041,2.0,19.0,8.0,5.0
1042,1.0,17.0,8.0,5.0
1043,2.0,16.0,9.0,5.0
1044,2.0,14.0,11.0,3.0
1045,3.0,9.0,11.0,1.0
1046,2.0,9.0,10.0,1.0
1047,2.0,9.0,10.0,1.0
1048,2.0,9.0,7.0,4.0
1049,3.0,5.0,6.0,5.0
1050,2.0,3.0,5.0,5.0
1051,4.0,4.0,6.0,6.0
1052,7.0,4.0,7.0,8.0
1053,10.0,4.0,7.0,8.0
1054,11.0,4.0,9.0,10.0
1055,13.0,5.0,14.0,10.0
1056,16.0,6.0,16.0,11.0
1057,16.0,6.0,16.0,12.0
1058,17.0,6.0,17.0,13.0
1059,19.0,7.0,17.0,13.0
1060,25.0,8.0,17.0,15.0
1061,26.0,8.0,17.0,18.0
1062,26.0,8.0,19.0,18.0
1063,22.0,4.0,16.0,16.0
1064,20.0,3.0,13.0,14.0
1065,18.0,3.0,14.0,12.0
1066,18.0,3.0,13.0,10.0
1067,17.0,3.0,11.0,9.0
1068,15.0,5.0,9.0,8.0
1069,13.0,5.0,9.0,8.0
1070,10.0,4.0,7.0,6.0
1071,7.0,2.0,6.0,3.0
1072,5.0,2.0,6.0,4.0
1073,5.0,2.0,5.0,6.0
1074,7.0,1.0,6.0,5.0
1075,10.0,1.0,8.0,5.0
1076,10.0,1.0,10.0,5.0
1077,11.0,2.0,10.0,7.0
1078,11.0,4.0,11.0,7.0
1079,11.0,4.0,11.0,9.0
1080,15.0,4.0,14.0,10.0
1081,16.0,4.0,14.0,13.0
1082,18.0,6.0,14.0,16.0
1083,18.0,6.0,14.0,17.0
1084,18.0,7.0,16.0,18.0
1085,20.0,8.0,19.0,19.0
1086,20.0,11.0,20.0,19.0
1087,16.0,9.0,17.0,15.0
1088,13.0,11.0,14.0,17.0
1089,13.0,10.0,15.0,18.0
1090,13.0,8.0,12.0,15.0
1091,11.0,5.0,10.0,15.0
1092,8.0,4.0,6.0,12.0
1093,5.0,6.0,7.0,10.0
1094,3.0,4.0,8.0,9.0
1095,6.0,3.0,8.0,7.0
1096,5.0,2.0,7.0,7.0
1097,6.0,3.0,6.0,5.0
1098,4.0,2.0,5.0,4.0
1099,5.0,2.0,5.0,6.0
1100,5.0,4.0,7.0,8.0
1101,8.0,7.0,7.0,12.0
1102,9.0,7.0,8.0,12.0
1103,9.0,9.0,9.0,13.0
1104,9.0,11.0,10.0,13.0
1105,10.0,11.0,10.0,14.0
1106,12.0,12.0,10.0,15.0
1107,12.0,15.0,10.0,17.0
1108,12.0,15.0,12.0,19.0
1109,13.0,15.0,16.0,20.0
1110,13.0,15.0,18.0,21.0
1111,9.0,13.0,16.0,18.0
1112,6.0,11.0,13.0,15.0
1113,5.0,10.0,12.0,11.0
1114,3.0,8.0,10.0,10.0
1115,4.0,6.0,9.0,13.0
1116,3.0,6.0,9.0,11.0
1117,3.0,5.0,8.0,9.0
1118,1.0,2.0,9.0,7.0
1119,3.0,2.0,7.0,8.0
1120,2.0,2.0,6.0,7.0
1121,1.0,4.0,7.0,5.0
1122,2.0,5.0,6.0,4.0
1123,3.0,6.0,6.0,5.0
1124,3.0,6.0,6.0,6.0
1125,4.0,7.0,7.0,6.0
1126,4.0,7.0,8.0,6.0
1127,5.0,7.0,10.0,7.0
1128,5.0,8.0,11.0,8.0
1129,7.0,9.0,11.0,9.0
1130,7.0,9.0,13.0,11.0
1131,9.0,10.0,14.0,11.0
1132,10.0,11.0,14.0,11.0
1133,11.0,11.0,17.0,11.0
1134,11.0,12.0,18.0,11.0
1135,11.0,7.0,16.0,8.0
1136,11.0,5.0,14.0,9.0
1137,10.0,4.0,15.0,9.0
1138,9.0,4.0,13.0,7.0
1139,7.0,4.0,11.0,5.0
1140,5.0,2.0,10.0,7.0
1141,2.0,1.0,9.0,7.0
1142,3.0,3.0,11.0,2.0
1143,4.0,5.0,10.0,2.0
1144,6.0,3.0,10.0,4.0
1145,5.0,2.0,7.0,7.0
1146,5.0,3.0,5.0,5.0
1147,7.0,4.0,6.0,5.0
1148,8.0,6.0,7.0,5.0
1149,12.0,7.0,8.0,7.0
1150,12.0,7.0,8.0,9.0
1151,12.0,7.0,10.0,10.0
1152,14.0,7.0,11.0,10.0
1153,17.0,9.0,12.0,10.0
1154,19.0,9.0,12.0,11.0
1155,19.0,11.0,13.0,13.0
1156,20.0,11.0,14.0,14.0
1157,23.0,12.0,14.0,14.0
1158,23.0,12.0,16.0,17.0
1159,17.0,9.0,14.0,13.0
1160,13.0,6.0,13.0,9.0
1161,13.0,6.0,9.0,10.0
1162,12.0,5.0,8.0,12.0
1163,11.0,7.0,8.0,15.0
1164,7.0,6.0,10.0,11.0
1165,6.0,5.0,10.0,8.0
1166,5.0,3.0,8.0,10.0
1167,3.0,3.0,7.0,8.0
1168,4.0,2.0,5.0,6.0
1169,2.0,3.0,5.0,3.0
1170,2.0,3.0,4.0,3.0
1171,4.0,3.0,5.0,4.0
1172,5.0,4.0,6.0,7.0
1173,6.0,5.0,6.0,9.0
1174,6.0,5.0,8.0,10.0
1175,8.0,5.0,8.0,11.0
1176,11.0,5.0,8.0,13.0
1177,11.0,6.0,8.0,14.0
1178,13.0,6.0,10.0,14.0
1179,13.0,6.0,12.0,15.0
1180,14.0,8.0,13.0,16.0
1181,14.0,8.0,14.0,17.0
1182,16.0,8.0,14.0,20.0
1183,13.0,2.0,8.0,19.0
1184,10.0,5.0,8.0,16.0
1185,10.0,5.0,8.0,16.0
1186,10.0,3.0,8.0,17.0
1187,8.0,2.0,6.0,16.0
1188,8.0,3.0,5.0,14.0
1189,8.0,2.0,5.0,12.0
1190,9.0,3.0,5.0,12.0
1191,7.0,2.0,4.0,12.0
1192,5.0,4.0,3.0,9.0
1193,3.0,4.0,2.0,6.0
1194,3.0,4.0,2.0,3.0
1195,5.0,4.0,3.0,5.0
1196,5.0,5.0,3.0,7.0
1197,6.0,5.0,6.0,7.0
1198,6.0,6.0,7.0,8.0
1199,6.0,6.0,9.0,11.0
1200,6.0,6.0,9.0,13.0
1201,7.0,6.0,9.0,14.0
1202,8.0,6.0,11.0,15.0
1203,10.0,8.0,13.0,16.0
1204,10.0,9.0,14.0,17.0
1205,11.0,10.0,14.0,20.0
1206,12.0,13.0,15.0,22.0
1207,11.0,12.0,13.0,18.0
1208,9.0,10.0,10.0,18.0
1209,8.0,9.0,8.0,18.0
1210,8.0,5.0,6.0,18.0
1211,5.0,3.0,6.0,19.0
1212,4.0,3.0,6.0,17.0
1213,6.0,2.0,4.0,15.0
1214,5.0,3.0,3.0,12.0
1215,4.0,3.0,3.0,12.0
1216,2.0,2.0,2.0,9.0
1217,3.0,3.0,3.0,7.0
1218,4.0,2.0,2.0,5.0
1219,5.0,2.0,2.0,7.0
1220,5.0,2.0,2.0,7.0
1221,9.0,4.0,4.0,7.0
1222,9.0,5.0,4.0,7.0
1223,9.0,5.0,4.0,9.0
1224,10.0,5.0,4.0,10.0
1225,11.0,5.0,5.0,11.0
1226,11.0,5.0,5.0,12.0
1227,11.0,5.0,5.0,12.0
1228,12.0,7.0,5.0,14.0
1229,13.0,10.0,5.0,14.0
1230,14.0,11.0,5.0,16.0
1231,9.0,10.0,1.0,13.0
1232,6.0,9.0,2.0,11.0
1233,4.0,10.0,3.0,10.0
1234,4.0,15.0,1.0,10.0
1235,4.0,12.0,4.0,9.0
1236,8.0,8.0,4.0,8.0
1237,7.0,5.0,4.0,7.0
1238,5.0,3.0,2.0,6.0
1239,2.0,2.0,2.0,7.0
1240,2.0,1.0,5.0,7.0
1241,3.0,3.0,6.0,6.0
1242,1.0,5.0,4.0,4.0
1243,4.0,6.0,5.0,4.0
1244,6.0,6.0,6.0,4.0
1245,8.0,7.0,6.0,5.0
1246,10.0,8.0,8.0,7.0
1247,10.0,9.0,8.0,9.0
1248,12.0,10.0,9.0,9.0
1249,13.0,12.0,9.0,9.0
1250,13.0,13.0,10.0,9.0
1251,13.0,13.0,12.0,9.0
1252,14.0,15.0,12.0,12.0
1253,15.0,15.0,13.0,14.0
1254,16.0,17.0,15.0,16.0
1255,12.0,12.0,11.0,11.0
1256,9.0,14.0,10.0,9.0
1257,8.0,12.0,10.0,11.0
1258,9.0,12.0,9.0,10.0
1259,10.0,11.0,6.0,10.0
1260,9.0,12.0,5.0,10.0
1261,7.0,9.0,4.0,10.0
1262,6.0,7.0,4.0,7.0
1263,5.0,5.0,4.0,6.0
1264,3.0,1.0,5.0,4.0
1265,5.0,2.0,5.0,2.0
1266,4.0,3.0,3.0,1.0
1267,4.0,4.0,3.0,2.0
1268,4.0,6.0,5.0,2.0
1269,5.0,7.0,7.0,3.0
1270,6.0,9.0,8.0,5.0
1271,6.0,11.0,9.0,6.0
1272,6.0,11.0,10.0,7.0
1273,7.0,12.0,11.0,8.0
1274,8.0,12.0,13.0,8.0
1275,9.0,13.0,13.0,11.0
1276,10.0,15.0,14.0,11.0
1277,12.0,15.0,15.0,17.0
1278,13.0,15.0,19.0,20.0
1279,12.0,13.0,16.0,17.0
1280,10.0,12.0,14.0,17.0
1281,10.0,11.0,12.0,17.0
1282,10.0,10.0,13.0,18.0
1283,11.0,9.0,12.0,19.0
1284,7.0,8.0,11.0,19.0
1285,4.0,9.0,10.0,16.0
1286,2.0,4.0,10.0,13.0
1287,1.0,2.0,10.0,12.0
1288,1.0,2.0,8.0,12.0
1289,1.0,3.0,9.0,11.0
1290,1.0,1.0,10.0,9.0
1291,1.0,1.0,11.0,10.0
1292,2.0,2.0,13.0,10.0
1293,2.0,3.0,13.0,12.0
1294,2.0,4.0,16.0,14.0
1295,4.0,7.0,17.0,15.0
1296,4.0,11.0,18.0,15.0
1297,4.0,12.0,19.0,16.0
1298,4.0,15.0,20.0,16.0
1299,4.0,16.0,20.0,17.0
1300,5.0,16.0,21.0,17.0
1301,5.0,17.0,23.0,17.0
1302,6.0,19.0,24.0,20.0
1303,6.0,15.0,18.0,15.0
1304,4.0,13.0,14.0,15.0
1305,7.0,12.0,13.0,13.0
1306,5.0,12.0,13.0,13.0
1307,6.0,12.0,10.0,13.0
1308,5.0,9.0,9.0,12.0
1309,6.0,12.0,8.0,10.0
1310,6.0,11.0,6.0,9.0
1311,5.0,9.0,3.0,7.0
1312,3.0,6.0,4.0,5.0
1313,1.0,1.0,5.0,7.0
1314,0.0,1.0,4.0,4.0
1315,3.0,2.0,4.0,4.0
1316,5.0,5.0,4.0,5.0
1317,5.0,5.0,5.0,6.0
1318,6.0,8.0,6.0,7.0
1319,6.0,8.0,6.0,7.0
1320,8.0,8.0,6.0,9.0
1321,10.0,8.0,8.0,9.0
1322,10.0,8.0,10.0,11.0
1323,13.0,9.0,10.0,14.0
1324,17.0,10.0,10.0,15.0
1325,17.0,13.0,12.0,17.0
1326,19.0,13.0,13.0,18.0
1327,17.0,9.0,8.0,13.0
1328,16.0,8.0,6.0,13.0
1329,16.0,8.0,6.0,13.0
1330,15.0,7.0,8.0,14.0
1331,13.0,9.0,11.0,12.0
1332,12.0,8.0,10.0,12.0
1333,10.0,9.0,5.0,15.0
1334,11.0,9.0,3.0,15.0
1335,11.0,8.0,3.0,13.0
1336,8.0,6.0,4.0,12.0
1337,5.0,5.0,4.0,9.0
1338,3.0,4.0,2.0,6.0
1339,6.0,4.0,2.0,6.0
1340,7.0,6.0,2.0,6.0
1341,10.0,8.0,5.0,6.0
1342,12.0,9.0,5.0,8.0
1343,13.0,9.0,5.0,9.0
1344,14.0,10.0,6.0,10.0
1345,16.0,10.0,6.0,11.0
1346,16.0,12.0,6.0,11.0
1347,16.0,12.0,6.0,11.0
1348,16.0,12.0,6.0,11.0
1349,17.0,13.0,6.0,13.0
1350,19.0,15.0,8.0,13.0
1351,15.0,11.0,4.0,8.0
1352,15.0,10.0,2.0,9.0
1353,16.0,8.0,3.0,9.0
1354,16.0,7.0,2.0,9.0
1355,14.0,5.0,2.0,7.0
1356,14.0,4.0,3.0,6.0
1357,12.0,3.0,5.0,5.0
1358,8.0,1.0,6.0,5.0
1359,4.0,1.0,2.0,4.0
1360,4.0,1.0,1.0,3.0
1361,5.0,2.0,3.0,2.0
1362,4.0,2.0,5.0,0.0
1363,5.0,6.0,7.0,2.0
1364,5.0,6.0,10.0,2.0
1365,6.0,6.0,11.0,2.0
1366,7.0,8.0,11.0,2.0
1367,8.0,9.0,11.0,2.0
1368,8.0,9.0,12.0,3.0
1369,9.0,12.0,13.0,3.0
1370,10.0,13.0,14.0,6.0
1371,13.0,13.0,15.0,7.0
1372,14.0,15.0,15.0,7.0
1373,16.0,16.0,15.0,7.0
1374,17.0,16.0,17.0,10.0
1375,13.0,16.0,11.0,7.0
1376,12.0,12.0,8.0,8.0
1377,12.0,11.0,6.0,10.0
1378,11.0,9.0,4.0,8.0
1379,12.0,8.0,2.0,8.0
1380,12.0,9.0,1.0,8.0
1381,12.0,9.0,3.0,6.0
1382,10.0,8.0,3.0,7.0
1383,8.0,9.0,3.0,6.0
1384,6.0,8.0,1.0,5.0
1385,7.0,8.0,2.0,4.0
1386,7.0,6.0,2.0,4.0
1387,9.0,6.0,3.0,5.0
1388,9.0,6.0,4.0,6.0
1389,9.0,6.0,6.0,7.0
1390,11.0,6.0,7.0,7.0
1391,12.0,9.0,8.0,7.0
1392,15.0,9.0,10.0,8.0
1393,17.0,9.0,10.0,8.0
1394,19.0,9.0,11.0,8.0
1395,19.0,11.0,12.0,8.0
1396,20.0,11.0,12.0,8.0
1397,23.0,12.0,13.0,10.0
1398,23.0,12.0,15.0,11.0
1399,19.0,9.0,14.0,6.0
1400,17.0,8.0,11.0,5.0
1401,16.0,7.0,13.0,5.0
1402,15.0,7.0,10.0,5.0
1403,16.0,8.0,8.0,5.0
1404,16.0,8.0,11.0,5.0
1405,14.0,8.0,8.0,6.0
1406,16.0,6.0,7.0,5.0
1407,16.0,4.0,4.0,4.0
1408,13.0,4.0,4.0,3.0
1409,12.0,2.0,4.0,3.0
1410,10.0,2.0,3.0,5.0
1411,10.0,4.0,4.0,5.0
1412,11.0,5.0,5.0,7.0
1413,11.0,6.0,5.0,7.0
1414,12.0,7.0,6.0,7.0
1415,14.0,9.0,9.0,7.0
1416,16.0,9.0,13.0,9.0
1417,17.0,10.0,13.0,10.0
1418,18.0,10.0,13.0,12.0
1419,18.0,11.0,16.0,16.0
1420,19.0,11.0,17.0,17.0
1421,19.0,11.0,19.0,19.0
1422,21.0,11.0,19.0,21.0
1423,16.0,5.0,15.0,15.0
1424,20.0,3.0,15.0,12.0
1425,20.0,5.0,15.0,10.0
1426,17.0,5.0,15.0,10.0
1427,17.0,3.0,13.0,9.0
1428,16.0,3.0,12.0,7.0
1429,15.0,4.0,9.0,8.0
1430,12.0,4.0,7.0,5.0
1431,10.0,3.0,6.0,3.0
1432,11.0,2.0,6.0,2.0
1433,13.0,0.0,6.0,1.0
1434,12.0,1.0,5.0,1.0
1435,14.0,1.0,7.0,1.0
1436,14.0,3.0,8.0,2.0
1437,15.0,4.0,10.0,4.0
1438,17.0,5.0,10.0,4.0
1439,18.0,5.0,11.0,4.0
1440,18.0,5.0,11.0,5.0
1441,18.0,7.0,12.0,5.0
1442,19.0,9.0,14.0,5.0
1443,20.0,9.0,15.0,6.0
1444,22.0,10.0,16.0,9.0
1445,22.0,10.0,19.0,9.0
1446,25.0,10.0,20.0,11.0
1447,20.0,9.0,19.0,7.0
1448,16.0,7.0,15.0,10.0
1449,11.0,6.0,15.0,9.0
1450,9.0,5.0,13.0,9.0
1451,10.0,4.0,11.0,8.0
1452,10.0,6.0,9.0,7.0
1453,12.0,6.0,9.0,8.0
1454,9.0,6.0,9.0,7.0
1455,9.0,7.0,7.0,4.0
1456,8.0,5.0,7.0,7.0
1457,8.0,5.0,4.0,6.0
1458,7.0,7.0,6.0,5.0
1459,7.0,8.0,8.0,5.0
1460,10.0,8.0,8.0,6.0
1461,10.0,8.0,9.0,8.0
1462,12.0,9.0,11.0,9.0
1463,14.0,9.0,13.0,10.0
1464,14.0,11.0,13.0,10.0
1465,14.0,13.0,15.0,11.0
1466,15.0,15.0,16.0,11.0
1467,18.0,18.0,16.0,12.0
1468,18.0,18.0,16.0,14.0
1469,19.0,21.0,16.0,15.0
1470,19.0,22.0,16.0,15.0
1471,14.0,19.0,14.0,10.0
1472,13.0,16.0,11.0,9.0
1473,11.0,12.0,9.0,7.0
1474,9.0,10.0,9.0,6.0
1475,10.0,11.0,6.0,6.0
1476,9.0,13.0,3.0,6.0
1477,9.0,12.0,3.0,7.0
1478,9.0,10.0,4.0,5.0
1479,9.0,6.0,3.0,5.0
1480,9.0,4.0,4.0,4.0
1481,8.0,3.0,6.0,2.0
1482,6.0,2.0,5.0,2.0
1483,8.0,2.0,7.0,3.0
1484,9.0,2.0,7.0,4.0
1485,11.0,3.0,10.0,4.0
1486,11.0,3.0,11.0,5.0
1487,12.0,4.0,12.0,6.0
1488,12.0,4.0,12.0,6.0
1489,14.0,5.0,14.0,6.0
1490,15.0,7.0,15.0,9.0
1491,17.0,8.0,18.0,10.0
1492,18.0,10.0,20.0,12.0
1493,20.0,10.0,22.0,13.0
1494,20.0,12.0,22.0,14.0
1495,14.0,9.0,19.0,10.0
1496,13.0,8.0,16.0,11.0
1497,12.0,11.0,16.0,14.0
1498,12.0,12.0,15.0,14.0
1499,13.0,11.0,13.0,13.0
1500,12.0,10.0,14.0,9.0
1501,10.0,10.0,14.0,7.0
1502,8.0,11.0,12.0,5.0
1503,8.0,11.0,8.0,5.0
1504,9.0,8.0,5.0,3.0
1505,7.0,4.0,4.0,3.0
1506,6.0,3.0,3.0,2.0
1507,7.0,3.0,4.0,2.0
1508,7.0,5.0,6.0,3.0
1509,9.0,8.0,7.0,4.0
1510,11.0,8.0,8.0,4.0
1511,12.0,8.0,9.0,4.0
1512,12.0,9.0,10.0,4.0
1513,14.0,10.0,12.0,6.0
1514,14.0,10.0,13.0,8.0
1515,15.0,11.0,16.0,10.0
1516,15.0,12.0,17.0,11.0
1517,16.0,12.0,17.0,11.0
1518,17.0,12.0,17.0,12.0
1519,12.0,9.0,14.0,10.0
1520,10.0,7.0,12.0,9.0
1521,12.0,6.0,12.0,10.0
1522,11.0,4.0,14.0,10.0
1523,10.0,3.0,15.0,9.0
1524,7.0,3.0,15.0,9.0
1525,4.0,3.0,12.0,7.0
1526,4.0,1.0,13.0,5.0
1527,3.0,2.0,12.0,4.0
1528,3.0,2.0,9.0,4.0
1529,3.0,2.0,9.0,4.0
1530,4.0,1.0,6.0,3.0
1531,5.0,2.0,7.0,4.0
1532,6.0,2.0,9.0,4.0
1533,8.0,3.0,9.0,5.0
1534,8.0,4.0,11.0,7.0
1535,9.0,4.0,12.0,7.0
1536,9.0,4.0,14.0,7.0
1537,9.0,4.0,14.0,7.0
1538,10.0,7.0,14.0,8.0
1539,10.0,8.0,15.0,8.0
1540,10.0,9.0,15.0,10.0
1541,10.0,9.0,17.0,11.0
1542,10.0,9.0,18.0,12.0
1543,5.0,9.0,14.0,8.0
1544,5.0,6.0,12.0,7.0
1545,2.0,5.0,13.0,5.0
1546,2.0,7.0,11.0,6.0
1547,2.0,6.0,9.0,6.0
1548,1.0,4.0,7.0,5.0
1549,1.0,2.0,9.0,4.0
1550,4.0,3.0,8.0,4.0
1551,3.0,6.0,7.0,4.0
1552,4.0,5.0,5.0,3.0
1553,3.0,3.0,5.0,3.0
1554,2.0,0.0,5.0,2.0
1555,4.0,1.0,5.0,2.0
1556,4.0,3.0,5.0,2.0
1557,4.0,3.0,5.0,2.0
1558,4.0,3.0,5.0,2.0
1559,4.0,3.0,7.0,2.0
1560,5.0,3.0,7.0,3.0
1561,7.0,3.0,8.0,4.0
1562,11.0,4.0,9.0,4.0
1563,13.0,4.0,9.0,6.0
1564,15.0,5.0,10.0,6.0
1565,17.0,7.0,10.0,6.0
1566,17.0,8.0,10.0,6.0
1567,15.0,4.0,7.0,3.0
1568,14.0,3.0,4.0,3.0
1569,15.0,5.0,3.0,2.0
1570,13.0,5.0,2.0,1.0
1571,12.0,5.0,2.0,0.0
1572,9.0,3.0,1.0,1.0
1573,5.0,1.0,1.0,1.0
1574,2.0,0.0,1.0,1.0
1575,2.0,0.0,1.0,2.0
1576,3.0,0.0,2.0,1.0
1577,1.0,0.0,2.0,1.0
1578,0.0,1.0,1.0,2.0
1579,2.0,1.0,1.0,4.0
1580,4.0,1.0,3.0,5.0
1581,4.0,2.0,4.0,6.0
1582,5.0,2.0,6.0,6.0
1583,7.0,2.0,8.0,8.0
1584,9.0,4.0,10.0,11.0
1585,10.0,4.0,11.0,12.0
1586,10.0,4.0,11.0,12.0
1587,10.0,5.0,13.0,13.0
1588,10.0,6.0,14.0,13.0
1589,11.0,7.0,16.0,14.0
1590,11.0,7.0,17.0,14.0
1591,9.0,4.0,13.0,12.0
1592,7.0,2.0,11.0,9.0
1593,7.0,2.0,10.0,9.0
1594,9.0,2.0,10.0,9.0
1595,9.0,2.0,11.0,7.0
1596,7.0,1.0,8.0,3.0
1597,5.0,2.0,5.0,3.0
1598,6.0,3.0,5.0,1.0
1599,6.0,6.0,7.0,2.0
1600,7.0,6.0,9.0,2.0
1601,7.0,5.0,7.0,3.0
1602,4.0,3.0,4.0,3.0
1603,6.0,5.0,4.0,5.0
1604,9.0,6.0,6.0,6.0
1605,9.0,6.0,7.0,6.0
1606,11.0,7.0,9.0,7.0
1607,11.0,8.0,9.0,8.0
1608,11.0,13.0,11.0,9.0
1609,12.0,14.0,12.0,10.0
1610,13.0,15.0,12.0,13.0
1611,14.0,15.0,12.0,14.0
1612,15.0,16.0,12.0,14.0
1613,16.0,16.0,13.0,14.0
1614,17.0,17.0,13.0,14.0
1615,12.0,13.0,9.0,11.0
1616,9.0,8.0,6.0,8.0
1617,9.0,10.0,6.0,10.0
1618,10.0,11.0,6.0,8.0
1619,10.0,11.0,6.0,8.0
1620,9.0,8.0,7.0,5.0
1621,6.0,5.0,5.0,4.0
1622,7.0,3.0,5.0,3.0
1623,6.0,2.0,2.0,4.0
1624,5.0,1.0,2.0,5.0
1625,3.0,0.0,4.0,6.0
1626,2.0,2.0,6.0,6.0
1627,2.0,2.0,6.0,6.0
1628,3.0,4.0,6.0,7.0
1629,3.0,6.0,6.0,7.0
1630,4.0,8.0,8.0,7.0
1631,6.0,9.0,8.0,7.0
1632,7.0,10.0,11.0,10.0
1633,9.0,10.0,14.0,12.0
1634,10.0,13.0,15.0,14.0
1635,11.0,13.0,19.0,15.0
1636,12.0,13.0,21.0,16.0
1637,14.0,15.0,22.0,18.0
1638,17.0,15.0,22.0,18.0
1639,11.0,10.0,22.0,13.0
1640,11.0,6.0,20.0,10.0
1641,12.0,6.0,20.0,8.0
1642,11.0,5.0,20.0,10.0
1643,9.0,6.0,22.0,13.0
1644,8.0,7.0,18.0,12.0
1645,8.0,5.0,15.0,10.0
1646,8.0,3.0,12.0,8.0
1647,6.0,2.0,9.0,8.0
1648,3.0,1.0,6.0,4.0
1649,3.0,2.0,5.0,0.0
1650,4.0,3.0,3.0,1.0
1651,4.0,5.0,3.0,1.0
1652,5.0,5.0,3.0,1.0
1653,5.0,5.0,4.0,1.0
1654,6.0,5.0,4.0,2.0
1655,7.0,6.0,4.0,2.0
1656,9.0,6.0,5.0,3.0
1657,9.0,6.0,6.0,5.0
1658,12.0,6.0,7.0,5.0
1659,13.0,7.0,8.0,6.0
1660,14.0,11.0,9.0,8.0
1661,14.0,12.0,10.0,8.0
1662,14.0,13.0,12.0,8.0
1663,9.0,10.0,9.0,9.0
1664,9.0,10.0,9.0,9.0
1665,8.0,9.0,8.0,11.0
1666,7.0,8.0,11.0,11.0
1667,8.0,6.0,10.0,11.0
1668,7.0,6.0,9.0,10.0
1669,5.0,5.0,7.0,8.0
1670,3.0,2.0,7.0,6.0
1671,3.0,3.0,6.0,5.0
1672,1.0,3.0,6.0,5.0
1673,1.0,4.0,4.0,4.0
1674,2.0,4.0,3.0,4.0
1675,4.0,6.0,5.0,6.0
1676,4.0,6.0,5.0,7.0
1677,4.0,7.0,6.0,7.0
1678,7.0,7.0,7.0,8.0
1679,7.0,8.0,9.0,11.0
1680,10.0,8.0,12.0,11.0
1681,11.0,8.0,13.0,12.0
1682,11.0,12.0,15.0,14.0
1683,11.0,12.0,16.0,14.0
1684,15.0,13.0,17.0,14.0
1685,16.0,15.0,18.0,18.0
1686,16.0,17.0,18.0,18.0
1687,17.0,15.0,16.0,12.0
1688,14.0,16.0,15.0,11.0
1689,14.0,16.0,14.0,13.0
1690,13.0,13.0,13.0,14.0
1691,15.0,12.0,10.0,13.0
1692,12.0,11.0,10.0,8.0
1693,11.0,11.0,8.0,6.0
1694,9.0,9.0,6.0,1.0
1695,4.0,5.0,6.0,1.0
1696,5.0,4.0,5.0,1.0
1697,4.0,3.0,4.0,2.0
1698,4.0,1.0,4.0,3.0
1699,6.0,1.0,4.0,4.0
1700,7.0,2.0,6.0,4.0
1701,9.0,3.0,7.0,6.0
1702,11.0,4.0,7.0,9.0
1703,12.0,5.0,8.0,9.0
1704,14.0,5.0,8.0,9.0
1705,16.0,6.0,9.0,10.0
1706,16.0,6.0,9.0,10.0
1707,16.0,6.0,10.0,11.0
1708,18.0,7.0,12.0,12.0
1709,20.0,10.0,13.0,13.0
1710,20.0,10.0,14.0,15.0
1711,17.0,9.0,11.0,14.0
1712,14.0,7.0,9.0,12.0
1713,13.0,6.0,8.0,13.0
1714,12.0,5.0,8.0,13.0
1715,11.0,5.0,7.0,12.0
1716,11.0,6.0,5.0,11.0
1717,11.0,6.0,6.0,12.0
1718,12.0,8.0,5.0,10.0
1719,11.0,7.0,3.0,9.0
1720,8.0,5.0,4.0,9.0
1721,7.0,2.0,3.0,7.0
1722,4.0,5.0,1.0,5.0
1723,4.0,6.0,2.0,6.0
1724,5.0,7.0,3.0,7.0
1725,6.0,9.0,5.0,8.0
1726,6.0,10.0,5.0,9.0
1727,7.0,12.0,6.0,11.0
1728,7.0,12.0,8.0,13.0
1729,10.0,13.0,10.0,14.0
1730,11.0,16.0,10.0,15.0
1731,12.0,17.0,11.0,16.0
1732,12.0,19.0,11.0,16.0
1733,12.0,19.0,13.0,16.0
1734,13.0,21.0,13.0,16.0
1735,9.0,18.0,8.0,12.0
1736,10.0,14.0,5.0,11.0
1737,10.0,12.0,4.0,10.0
1738,8.0,10.0,5.0,7.0
1739,7.0,10.0,6.0,7.0
1740,7.0,8.0,5.0,9.0
1741,9.0,5.0,3.0,9.0
1742,10.0,3.0,1.0,9.0
1743,8.0,3.0,1.0,7.0
1744,7.0,4.0,1.0,7.0
1745,4.0,2.0,0.0,8.0
1746,1.0,1.0,1.0,6.0
1747,1.0,1.0,4.0,7.0
1748,3.0,1.0,8.0,7.0
1749,4.0,1.0,8.0,7.0
1750,4.0,3.0,8.0,7.0
1751,5.0,4.0,9.0,10.0
1752,8.0,5.0,11.0,11.0
1753,8.0,6.0,12.0,13.0
1754,12.0,8.0,12.0,15.0
1755,13.0,11.0,12.0,15.0
1756,13.0,11.0,14.0,16.0
1757,15.0,12.0,15.0,17.0
1758,15.0,12.0,16.0,17.0
1759,16.0,11.0,11.0,12.0
1760,13.0,11.0,8.0,15.0
1761,11.0,10.0,9.0,13.0
1762,14.0,9.0,8.0,12.0
1763,16.0,8.0,7.0,12.0
1764,16.0,8.0,6.0,9.0
1765,12.0,6.0,5.0,9.0
1766,11.0,5.0,4.0,6.0
1767,9.0,1.0,5.0,4.0
1768,5.0,3.0,6.0,3.0
1769,4.0,2.0,5.0,0.0
1770,2.0,2.0,2.0,1.0
1771,2.0,2.0,2.0,2.0
1772,3.0,3.0,5.0,3.0
1773,3.0,5.0,5.0,3.0
1774,4.0,7.0,6.0,5.0
1775,5.0,11.0,8.0,8.0
1776,5.0,11.0,8.0,10.0
1777,6.0,11.0,10.0,11.0
1778,6.0,12.0,11.0,14.0
1779,6.0,13.0,11.0,15.0
1780,9.0,14.0,12.0,16.0
1781,9.0,15.0,13.0,17.0
1782,9.0,16.0,14.0,18.0
1783,6.0,13.0,11.0,16.0
1784,5.0,12.0,9.0,15.0
1785,6.0,10.0,8.0,12.0
1786,6.0,9.0,9.0,12.0
1787,6.0,8.0,10.0,11.0
1788,4.0,9.0,8.0,11.0
1789,3.0,10.0,5.0,9.0
1790,4.0,10.0,3.0,9.0
1791,3.0,6.0,6.0,7.0
1792,3.0,3.0,3.0,4.0
1793,4.0,3.0,2.0,6.0
1794,5.0,3.0,0.0,7.0
1795,6.0,3.0,1.0,9.0
1796,9.0,3.0,2.0,11.0
1797,10.0,4.0,3.0,11.0
1798,11.0,8.0,4.0,11.0
1799,13.0,9.0,7.0,11.0
1800,14.0,10.0,7.0,14.0
1801,15.0,12.0,8.0,15.0
1802,15.0,13.0,8.0,15.0
1803,16.0,15.0,8.0,16.0
1804,16.0,16.0,9.0,19.0
1805,16.0,17.0,9.0,21.0
1806,16.0,19.0,10.0,21.0
1807,12.0,14.0,8.0,15.0
1808,9.0,13.0,5.0,12.0
1809,8.0,12.0,6.0,11.0
1810,8.0,14.0,6.0,12.0
1811,7.0,13.0,7.0,15.0
1812,8.0,13.0,4.0,14.0
1813,6.0,11.0,4.0,15.0
1814,4.0,10.0,4.0,15.0
1815,3.0,7.0,2.0,14.0
1816,1.0,6.0,4.0,11.0
1817,1.0,5.0,5.0,10.0
1818,1.0,3.0,6.0,8.0
1819,4.0,4.0,7.0,9.0
1820,5.0,4.0,8.0,10.0
1821,9.0,4.0,8.0,13.0
1822,9.0,4.0,8.0,13.0
1823,10.0,4.0,9.0,15.0
1824,12.0,4.0,10.0,15.0
1825,13.0,5.0,11.0,15.0
1826,15.0,5.0,12.0,17.0
1827,17.0,6.0,12.0,18.0
1828,17.0,8.0,14.0,20.0
1829,19.0,9.0,15.0,21.0
1830,19.0,12.0,17.0,21.0
1831,15.0,9.0,12.0,16.0
1832,11.0,9.0,11.0,14.0
1833,11.0,10.0,10.0,13.0
1834,12.0,9.0,8.0,14.0
1835,12.0,10.0,10.0,12.0
1836,11.0,8.0,6.0,13.0
1837,9.0,6.0,5.0,12.0
1838,7.0,4.0,5.0,10.0
1839,6.0,2.0,6.0,9.0
1840,5.0,3.0,6.0,9.0
1841,2.0,2.0,3.0,5.0
1842,1.0,1.0,4.0,6.0
1843,3.0,1.0,4.0,6.0
1844,4.0,4.0,4.0,7.0
1845,5.0,6.0,5.0,9.0
1846,6.0,6.0,5.0,10.0
1847,7.0,7.0,8.0,10.0
1848,7.0,7.0,9.0,10.0
1849,7.0,7.0,10.0,10.0
1850,7.0,7.0,11.0,10.0
1851,7.0,8.0,12.0,11.0
1852,10.0,8.0,14.0,11.0
1853,12.0,9.0,15.0,11.0
1854,14.0,9.0,15.0,12.0
1855,14.0,4.0,14.0,8.0
1856,14.0,5.0,12.0,6.0
1857,10.0,6.0,9.0,5.0
1858,10.0,5.0,9.0,3.0
1859,12.0,6.0,10.0,4.0
1860,12.0,4.0,8.0,4.0
1861,12.0,5.0,10.0,4.0
1862,10.0,5.0,7.0,3.0
1863,9.0,7.0,6.0,4.0
1864,5.0,6.0,5.0,3.0
1865,2.0,4.0,4.0,3.0
1866,2.0,4.0,5.0,2.0
1867,3.0,4.0,6.0,2.0
1868,7.0,7.0,6.0,2.0
1869,7.0,7.0,7.0,2.0
1870,8.0,7.0,8.0,2.0
1871,9.0,8.0,10.0,3.0
1872,12.0,8.0,10.0,4.0
1873,12.0,9.0,11.0,4.0
1874,15.0,9.0,13.0,6.0
1875,16.0,9.0,13.0,6.0
1876,19.0,9.0,14.0,8.0
1877,21.0,11.0,17.0,8.0
1878,21.0,13.0,18.0,8.0
1879,17.0,11.0,13.0,7.0
1880,18.0,10.0,12.0,6.0
1881,19.0,12.0,10.0,6.0
1882,18.0,13.0,8.0,5.0
1883,18.0,12.0,10.0,2.0
1884,18.0,10.0,8.0,0.0
1885,17.0,7.0,8.0,1.0
1886,16.0,6.0,7.0,2.0
1887,17.0,5.0,7.0,2.0
1888,15.0,5.0,3.0,1.0
1889,15.0,5.0,1.0,1.0
1890,13.0,6.0,0.0,3.0
1891,13.0,6.0,0.0,4.0
1892,17.0,8.0,1.0,6.0
1893,18.0,11.0,2.0,8.0
1894,18.0,13.0,2.0,9.0
1895,20.0,14.0,2.0,10.0
1896,21.0,14.0,4.0,11.0
1897,21.0,14.0,5.0,12.0
1898,23.0,14.0,7.0,13.0
1899,25.0,14.0,8.0,15.0
1900,26.0,17.0,10.0,15.0
1901,30.0,18.0,10.0,15.0
1902,33.0,21.0,13.0,16.0
1903,28.0,16.0,14.0,12.0
1904,29.0,13.0,15.0,11.0
1905,28.0,12.0,15.0,9.0
1906,27.0,12.0,13.0,10.0
1907,24.0,10.0,12.0,10.0
1908,22.0,11.0,12.0,9.0
1909,19.0,11.0,12.0,7.0
1910,18.0,11.0,10.0,5.0
1911,17.0,9.0,11.0,4.0
1912,13.0,6.0,10.0,4.0
1913,13.0,7.0,7.0,2.0
1914,10.0,7.0,5.0,1.0
1915,10.0,9.0,7.0,2.0
1916,10.0,10.0,7.0,3.0
1917,10.0,12.0,8.0,5.0
1918,11.0,13.0,8.0,6.0
1919,11.0,15.0,10.0,7.0
1920,12.0,15.0,11.0,9.0
1921,13.0,17.0,13.0,10.0
1922,13.0,18.0,14.0,11.0
1923,13.0,20.0,14.0,12.0
1924,13.0,20.0,16.0,14.0
1925,14.0,23.0,17.0,14.0
1926,14.0,25.0,18.0,16.0
1927,9.0,19.0,13.0,13.0
1928,7.0,19.0,14.0,10.0
1929,8.0,19.0,13.0,12.0
1930,7.0,19.0,12.0,10.0
1931,7.0,16.0,11.0,8.0
1932,6.0,15.0,11.0,11.0
1933,6.0,12.0,8.0,8.0
1934,5.0,13.0,7.0,5.0
1935,3.0,14.0,6.0,2.0
1936,3.0,13.0,8.0,2.0
1937,2.0,10.0,7.0,3.0
1938,3.0,8.0,6.0,5.0
1939,5.0,9.0,8.0,6.0
1940,5.0,9.0,8.0,6.0
1941,5.0,9.0,9.0,7.0
1942,6.0,9.0,9.0,8.0
1943,6.0,10.0,9.0,8.0
1944,8.0,11.0,9.0,11.0
1945,11.0,12.0,9.0,12.0
1946,11.0,16.0,10.0,13.0
1947,12.0,17.0,10.0,13.0
1948,12.0,17.0,10.0,15.0
1949,13.0,17.0,11.0,15.0
1950,13.0,17.0,13.0,18.0
1951,9.0,14.0,9.0,15.0
1952,6.0,12.0,5.0,14.0
1953,6.0,11.0,5.0,15.0
1954,5.0,12.0,5.0,15.0
1955,6.0,13.0,4.0,13.0
1956,6.0,13.0,4.0,11.0
1957,1.0,12.0,4.0,8.0
1958,2.0,13.0,6.0,9.0
1959,4.0,13.0,6.0,9.0
1960,4.0,9.0,5.0,6.0
1961,2.0,6.0,5.0,5.0
1962,3.0,6.0,4.0,3.0
1963,4.0,6.0,5.0,4.0
1964,4.0,6.0,5.0,4.0
1965,4.0,7.0,6.0,6.0
1966,5.0,7.0,6.0,7.0
1967,5.0,7.0,7.0,8.0
1968,6.0,7.0,8.0,9.0
1969,8.0,7.0,10.0,9.0
1970,8.0,8.0,11.0,9.0
1971,11.0,10.0,13.0,11.0
1972,11.0,10.0,13.0,12.0
1973,12.0,11.0,13.0,12.0
1974,12.0,13.0,13.0,14.0
1975,9.0,11.0,10.0,12.0
1976,6.0,12.0,6.0,11.0
1977,6.0,10.0,4.0,11.0
1978,6.0,11.0,4.0,11.0
1979,5.0,12.0,3.0,10.0
1980,4.0,10.0,1.0,9.0
1981,1.0,7.0,0.0,7.0
1982,1.0,5.0,0.0,9.0
1983,2.0,3.0,0.0,8.0
1984,2.0,2.0,0.0,9.0
1985,1.0,2.0,0.0,8.0
1986,2.0,2.0,1.0,5.0
1987,2.0,3.0,1.0,6.0
1988,4.0,3.0,1.0,9.0
1989,4.0,5.0,3.0,10.0
1990,5.0,6.0,4.0,12.0
1991,6.0,6.0,5.0,13.0
1992,6.0,7.0,5.0,15.0
1993,10.0,8.0,6.0,16.0
1994,12.0,9.0,7.0,16.0
1995,12.0,9.0,7.0,16.0
1996,13.0,9.0,8.0,16.0
1997,14.0,10.0,8.0,17.0
1998,15.0,11.0,9.0,21.0
1999,10.0,7.0,6.0,19.0
2000,7.0,7.0,4.0,16.0
2001,9.0,7.0,4.0,15.0
2002,7.0,10.0,1.0,14.0
2003,6.0,11.0,2.0,15.0
2004,6.0,10.0,3.0,14.0
2005,6.0,6.0,3.0,13.0
2006,6.0,4.0,4.0,11.0
2007,3.0,4.0,5.0,12.0
2008,3.0,6.0,7.0,12.0
2009,1.0,6.0,9.0,11.0
2010,0.0,6.0,6.0,8.0
2011,0.0,8.0,7.0,8.0
2012,2.0,9.0,8.0,10.0
2013,3.0,10.0,10.0,12.0
2014,4.0,11.0,10.0,14.0
2015,6.0,14.0,10.0,18.0
2016,6.0,16.0,13.0,18.0
2017,8.0,17.0,15.0,19.0
2018,10.0,18.0,15.0,19.0
2019,11.0,19.0,16.0,21.0
2020,13.0,20.0,19.0,22.0
2021,13.0,23.0,20.0,24.0
2022,14.0,24.0,21.0,24.0
2023,13.0,17.0,15.0,19.0
2024,11.0,13.0,13.0,15.0
2025,10.0,12.0,14.0,13.0
2026,10.0,11.0,13.0,15.0
2027,9.0,8.0,10.0,15.0
2028,7.0,7.0,7.0,16.0
2029,5.0,6.0,7.0,13.0
2030,3.0,6.0,8.0,11.0
2031,2.0,6.0,7.0,8.0
2032,1.0,7.0,5.0,8.0
2033,0.0,8.0,2.0,7.0
2034,0.0,8.0,1.0,7.0
2035,2.0,9.0,2.0,9.0
2036,2.0,10.0,2.0,11.0
2037,2.0,12.0,3.0,12.0
2038,2.0,12.0,5.0,13.0
2039,3.0,15.0,5.0,15.0
2040,4.0,16.0,6.0,17.0
2041,5.0,18.0,7.0,17.0
2042,5.0,18.0,8.0,17.0
2043,5.0,19.0,9.0,19.0
2044,5.0,22.0,9.0,20.0
2045,5.0,22.0,9.0,23.0
2046,7.0,23.0,9.0,23.0
2047,7.0,23.0,7.0,19.0
2048,5.0,22.0,6.0,18.0
2049,4.0,20.0,6.0,21.0
2050,7.0,17.0,8.0,20.0
2051,8.0,15.0,8.0,16.0
2052,5.0,13.0,6.0,17.0
2053,3.0,13.0,3.0,17.0
2054,3.0,13.0,2.0,16.0
2055,2.0,12.0,4.0,16.0
2056,1.0,11.0,6.0,13.0
2057,2.0,9.0,4.0,11.0
2058,3.0,6.0,5.0,11.0
2059,5.0,6.0,6.0,11.0
2060,5.0,6.0,7.0,12.0
2061,6.0,6.0,9.0,13.0
2062,6.0,8.0,12.0,13.0
2063,7.0,10.0,13.0,14.0
2064,7.0,10.0,15.0,18.0
2065,8.0,12.0,17.0,19.0
2066,8.0,14.0,20.0,20.0
2067,10.0,14.0,21.0,20.0
2068,10.0,15.0,22.0,20.0
2069,10.0,16.0,23.0,22.0
2070,10.0,16.0,25.0,23.0
2071,5.0,14.0,21.0,19.0
2072,6.0,16.0,17.0,17.0
2073,4.0,15.0,17.0,14.0
2074,7.0,15.0,16.0,15.0
2075,6.0,16.0,16.0,15.0
2076,4.0,12.0,15.0,15.0
2077,1.0,11.0,12.0,14.0
2078,3.0,9.0,10.0,12.0
2079,3.0,7.0,10.0,9.0
2080,3.0,9.0,9.0,8.0
2081,4.0,8.0,9.0,9.0
2082,4.0,10.0,8.0,8.0
2083,4.0,11.0,10.0,9.0
2084,5.0,11.0,10.0,11.0
2085,5.0,12.0,10.0,11.0
2086,6.0,12.0,11.0,14.0
2087,8.0,14.0,12.0,16.0
2088,9.0,16.0,13.0,17.0
2089,9.0,17.0,13.0,19.0
2090,10.0,18.0,14.0,20.0
2091,12.0,18.0,15.0,21.0
2092,13.0,20.0,16.0,21.0
2093,14.0,21.0,16.0,22.0
2094,16.0,21.0,16.0,23.0
2095,11.0,21.0,14.0,19.0
2096,8.0,17.0,10.0,19.0
2097,8.0,15.0,9.0,18.0
2098,8.0,14.0,8.0,17.0
2099,7.0,11.0,9.0,16.0
2100,8.0,9.0,9.0,15.0
2101,7.0,7.0,8.0,14.0
2102,8.0,4.0,8.0,13.0
2103,4.0,3.0,7.0,12.0
2104,3.0,2.0,6.0,11.0
2105,4.0,3.0,5.0,9.0
2106,4.0,6.0,3.0,8.0
2107,5.0,7.0,6.0,10.0
2108,9.0,9.0,6.0,10.0
2109,9.0,10.0,8.0,10.0
2110,9.0,10.0,12.0,11.0
2111,9.0,10.0,13.0,11.0
2112,11.0,11.0,14.0,11.0
2113,12.0,12.0,14.0,15.0
2114,12.0,12.0,16.0,15.0
2115,13.0,14.0,17.0,16.0
2116,14.0,15.0,17.0,18.0
2117,14.0,16.0,19.0,19.0
2118,16.0,17.0,20.0,20.0
2119,12.0,11.0,17.0,16.0
2120,11.0,9.0,18.0,14.0
2121,9.0,9.0,19.0,13.0
2122,10.0,9.0,17.0,14.0
2123,10.0,8.0,13.0,13.0
2124,8.0,8.0,11.0,14.0
2125,6.0,8.0,9.0,14.0
2126,3.0,10.0,9.0,14.0
2127,1.0,9.0,8.0,11.0
2128,0.0,9.0,9.0,10.0
2129,1.0,6.0,10.0,9.0
2130,2.0,7.0,11.0,6.0
2131,4.0,8.0,13.0,8.0
2132,5.0,8.0,13.0,10.0
2133,6.0,8.0,15.0,10.0
2134,6.0,8.0,16.0,13.0
2135,6.0,8.0,16.0,13.0
2136,7.0,9.0,17.0,14.0
2137,7.0,12.0,17.0,15.0
2138,7.0,13.0,18.0,17.0
2139,7.0,14.0,19.0,19.0
2140,8.0,15.0,19.0,19.0
2141,9.0,16.0,21.0,20.0
2142,11.0,17.0,23.0,20.0
2143,9.0,14.0,19.0,20.0
2144,6.0,11.0,16.0,18.0
2145,4.0,10.0,16.0,16.0
2146,5.0,12.0,16.0,15.0
2147,5.0,10.0,16.0,17.0
2148,7.0,8.0,15.0,15.0
2149,6.0,5.0,10.0,13.0
2150,4.0,5.0,9.0,11.0
2151,4.0,5.0,10.0,9.0
2152,5.0,3.0,7.0,5.0
2153,4.0,4.0,5.0,5.0
2154,2.0,2.0,7.0,3.0
2155,3.0,2.0,8.0,6.0
2156,3.0,2.0,10.0,8.0
2157,5.0,2.0,11.0,8.0
2158,5.0,4.0,11.0,9.0
2159,6.0,4.0,14.0,11.0
2160,6.0,5.0,14.0,11.0
2161,6.0,5.0,14.0,12.0
2162,6.0,5.0,15.0,15.0
2163,6.0,8.0,15.0,15.0
2164,7.0,10.0,15.0,16.0
2165,8.0,12.0,15.0,18.0
2166,8.0,13.0,17.0,19.0
2167,9.0,13.0,12.0,16.0
2168,7.0,14.0,11.0,18.0
2169,7.0,12.0,10.0,16.0
2170,6.0,11.0,12.0,14.0
2171,7.0,9.0,8.0,14.0
2172,5.0,9.0,6.0,14.0
2173,7.0,6.0,4.0,13.0
2174,5.0,4.0,6.0,12.0
2175,7.0,3.0,8.0,11.0
2176,5.0,2.0,7.0,9.0
2177,3.0,2.0,5.0,8.0
2178,2.0,3.0,3.0,10.0
2179,2.0,4.0,5.0,10.0
2180,2.0,4.0,6.0,12.0
2181,2.0,4.0,6.0,12.0
2182,2.0,5.0,10.0,12.0
2183,2.0,7.0,10.0,13.0
2184,4.0,7.0,10.0,14.0
2185,6.0,8.0,14.0,16.0
2186,6.0,13.0,14.0,17.0
2187,6.0,14.0,14.0,19.0
2188,6.0,14.0,14.0,19.0
2189,7.0,15.0,15.0,19.0
2190,7.0,16.0,15.0,19.0
2191,6.0,12.0,12.0,15.0
2192,5.0,14.0,11.0,14.0
2193,3.0,13.0,11.0,15.0
2194,3.0,12.0,10.0,15.0
2195,5.0,10.0,7.0,12.0
2196,4.0,12.0,6.0,12.0
2197,4.0,9.0,9.0,10.0
2198,6.0,8.0,8.0,8.0
2199,5.0,4.0,8.0,4.0
2200,4.0,3.0,5.0,2.0
2201,3.0,3.0,2.0,1.0
2202,2.0,3.0,2.0,2.0
2203,6.0,3.0,3.0,2.0
2204,9.0,4.0,5.0,3.0
2205,9.0,5.0,8.0,3.0
2206,11.0,6.0,9.0,4.0
2207,13.0,7.0,11.0,4.0
2208,14.0,8.0,11.0,5.0
2209,15.0,9.0,11.0,6.0
2210,17.0,9.0,11.0,7.0
2211,18.0,12.0,11.0,9.0
2212,19.0,13.0,11.0,10.0
2213,19.0,15.0,12.0,11.0
2214,19.0,16.0,13.0,14.0
2215,17.0,12.0,11.0,11.0
2216,13.0,10.0,7.0,11.0
2217,14.0,10.0,4.0,11.0
2218,15.0,11.0,4.0,11.0
2219,12.0,9.0,6.0,13.0
2220,9.0,10.0,8.0,12.0
2221,7.0,11.0,6.0,9.0
2222,11.0,12.0,7.0,8.0
2223,9.0,11.0,8.0,8.0
2224,6.0,10.0,6.0,5.0
2225,2.0,10.0,8.0,6.0
2226,2.0,9.0,3.0,4.0
2227,2.0,10.0,4.0,4.0
2228,2.0,11.0,4.0,5.0
2229,2.0,13.0,5.0,5.0
2230,2.0,13.0,5.0,5.0
2231,2.0,14.0,7.0,5.0
2232,2.0,15.0,7.0,6.0
2233,3.0,15.0,7.0,6.0
2234,4.0,16.0,7.0,7.0
2235,5.0,17.0,8.0,8.0
2236,5.0,18.0,10.0,10.0
2237,6.0,21.0,11.0,11.0
2238,6.0,23.0,12.0,11.0
2239,6.0,18.0,9.0,7.0
2240,6.0,16.0,9.0,7.0
2241,5.0,15.0,12.0,5.0
2242,4.0,14.0,11.0,2.0
2243,5.0,14.0,11.0,1.0
2244,7.0,14.0,8.0,1.0
2245,6.0,11.0,6.0,1.0
2246,5.0,9.0,4.0,1.0
2247,8.0,8.0,4.0,1.0
2248,9.0,6.0,4.0,2.0
2249,8.0,5.0,3.0,5.0
2250,6.0,4.0,1.0,4.0
2251,6.0,5.0,1.0,8.0
2252,7.0,5.0,2.0,8.0
2253,9.0,5.0,3.0,8.0
2254,9.0,6.0,7.0,8.0
2255,9.0,6.0,7.0,9.0
2256,10.0,8.0,10.0,11.0
2257,11.0,8.0,11.0,13.0
2258,12.0,10.0,11.0,16.0
2259,13.0,11.0,11.0,17.0
2260,14.0,13.0,11.0,17.0
2261,17.0,15.0,12.0,19.0
2262,17.0,16.0,15.0,19.0
2263,12.0,13.0,12.0,14.0
2264,10.0,14.0,11.0,10.0
2265,9.0,14.0,12.0,10.0
2266,7.0,14.0,12.0,9.0
2267,6.0,12.0,13.0,9.0
2268,4.0,12.0,13.0,5.0
2269,4.0,11.0,11.0,3.0
2270,3.0,9.0,8.0,4.0
2271,2.0,9.0,9.0,4.0
2272,2.0,6.0,8.0,2.0
2273,3.0,6.0,8.0,4.0
2274,2.0,8.0,4.0,5.0
2275,3.0,9.0,5.0,6.0
2276,6.0,12.0,5.0,6.0
2277,7.0,14.0,6.0,6.0
2278,8.0,14.0,8.0,8.0
2279,8.0,15.0,9.0,11.0
2280,9.0,15.0,10.0,11.0
2281,9.0,17.0,11.0,12.0
2282,10.0,17.0,11.0,14.0
2283,10.0,17.0,11.0,16.0
2284,11.0,18.0,13.0,17.0
2285,13.0,20.0,13.0,19.0
2286,13.0,21.0,13.0,19.0
2287,10.0,18.0,8.0,17.0
2288,8.0,15.0,6.0,16.0
2289,7.0,13.0,4.0,14.0
2290,7.0,14.0,5.0,13.0
2291,5.0,14.0,5.0,13.0
2292,7.0,15.0,4.0,14.0
2293,7.0,13.0,4.0,11.0
2294,8.0,11.0,3.0,10.0
2295,7.0,9.0,2.0,6.0
2296,7.0,6.0,3.0,5.0
2297,8.0,3.0,3.0,4.0
2298,8.0,3.0,3.0,2.0
2299,9.0,4.0,4.0,3.0
2300,9.0,8.0,5.0,4.0
2301,11.0,8.0,6.0,4.0
2302,14.0,8.0,8.0,5.0
2303,14.0,8.0,9.0,5.0
2304,15.0,8.0,11.0,6.0
2305,18.0,9.0,11.0,7.0
2306,19.0,10.0,11.0,9.0
2307,21.0,13.0,12.0,10.0
2308,24.0,13.0,14.0,11.0
2309,26.0,13.0,14.0,12.0
2310,26.0,15.0,14.0,12.0
2311,22.0,11.0,11.0,10.0
2312,17.0,9.0,9.0,8.0
2313,14.0,11.0,8.0,7.0
2314,16.0,11.0,7.0,7.0
2315,13.0,9.0,6.0,7.0
2316,10.0,8.0,5.0,7.0
2317,7.0,8.0,6.0,6.0
2318,8.0,6.0,3.0,4.0
2319,5.0,6.0,4.0,2.0
2320,5.0,4.0,5.0,3.0
2321,3.0,4.0,5.0,3.0
2322,3.0,5.0,6.0,2.0
2323,5.0,6.0,6.0,3.0
2324,5.0,9.0,8.0,5.0
2325,8.0,9.0,10.0,6.0
2326,9.0,10.0,11.0,7.0
2327,12.0,12.0,11.0,7.0
2328,13.0,12.0,11.0,8.0
2329,15.0,12.0,11.0,10.0
2330,18.0,15.0,13.0,12.0
2331,23.0,17.0,13.0,14.0
2332,25.0,17.0,15.0,14.0
2333,25.0,17.0,17.0,17.0
2334,27.0,18.0,17.0,18.0
2335,25.0,13.0,14.0,13.0
2336,23.0,10.0,13.0,11.0
2337,23.0,10.0,12.0,11.0
2338,23.0,11.0,14.0,11.0
2339,22.0,11.0,15.0,11.0
2340,21.0,9.0,13.0,12.0
2341,19.0,7.0,10.0,11.0
2342,15.0,5.0,8.0,5.0
2343,15.0,5.0,7.0,5.0
2344,11.0,4.0,6.0,6.0
2345,10.0,4.0,5.0,4.0
2346,10.0,4.0,5.0,2.0
2347,10.0,5.0,7.0,3.0
2348,11.0,6.0,7.0,5.0
2349,11.0,8.0,7.0,6.0
2350,12.0,10.0,7.0,6.0
2351,13.0,11.0,10.0,6.0
2352,13.0,11.0,10.0,8.0
2353,13.0,13.0,12.0,8.0
2354,15.0,14.0,15.0,9.0
2355,16.0,15.0,17.0,11.0
2356,16.0,18.0,18.0,12.0
2357,17.0,18.0,20.0,12.0
2358,17.0,19.0,22.0,12.0
2359,12.0,18.0,20.0,6.0
2360,7.0,17.0,17.0,7.0
2361,6.0,18.0,19.0,7.0
2362,6.0,17.0,18.0,6.0
2363,5.0,16.0,18.0,7.0
2364,4.0,14.0,18.0,7.0
2365,3.0,12.0,17.0,5.0
2366,4.0,12.0,16.0,5.0
2367,5.0,12.0,18.0,4.0
2368,2.0,12.0,19.0,4.0
2369,1.0,11.0,16.0,3.0
2370,3.0,9.0,14.0,2.0
2371,4.0,12.0,14.0,4.0
2372,5.0,14.0,14.0,4.0
2373,6.0,14.0,15.0,4.0
2374,8.0,18.0,16.0,4.0
2375,11.0,19.0,16.0,7.0
2376,12.0,19.0,17.0,7.0
2377,12.0,20.0,18.0,10.0
2378,14.0,20.0,18.0,12.0
2379,15.0,20.0,18.0,17.0
2380,15.0,23.0,18.0,17.0
2381,15.0,24.0,18.0,17.0
2382,16.0,24.0,21.0,17.0
2383,14.0,19.0,20.0,15.0
2384,11.0,13.0,16.0,12.0
2385,10.0,15.0,15.0,11.0
2386,9.0,16.0,15.0,11.0
2387,9.0,18.0,13.0,9.0
2388,6.0,17.0,13.0,11.0
2389,5.0,15.0,11.0,12.0
2390,3.0,13.0,11.0,7.0
2391,3.0,13.0,9.0,3.0
2392,3.0,10.0,10.0,5.0
2393,3.0,9.0,9.0,6.0
2394,1.0,9.0,6.0,3.0
2395,2.0,10.0,6.0,5.0
2396,3.0,11.0,7.0,6.0
2397,5.0,12.0,7.0,6.0
2398,6.0,13.0,8.0,7.0
2399,7.0,14.0,11.0,7.0
2400,9.0,16.0,12.0,9.0
2401,10.0,16.0,14.0,10.0
2402,10.0,16.0,14.0,13.0
2403,10.0,17.0,17.0,15.0
2404,12.0,18.0,17.0,16.0
2405,13.0,21.0,18.0,17.0
2406,13.0,22.0,20.0,20.0
2407,9.0,18.0,18.0,21.0
2408,8.0,16.0,17.0,20.0
2409,10.0,16.0,18.0,21.0
2410,10.0,15.0,19.0,22.0
2411,7.0,15.0,18.0,20.0
2412,7.0,17.0,16.0,18.0
2413,6.0,16.0,14.0,17.0
2414,5.0,13.0,12.0,17.0
2415,6.0,11.0,11.0,14.0
2416,3.0,11.0,10.0,14.0
2417,2.0,10.0,10.0,14.0
2418,3.0,9.0,11.0,15.0
2419,4.0,9.0,11.0,15.0
2420,4.0,11.0,13.0,15.0
2421,8.0,12.0,15.0,16.0
2422,8.0,14.0,16.0,17.0
2423,10.0,16.0,18.0,17.0
2424,10.0,17.0,19.0,19.0
2425,10.0,18.0,19.0,19.0
2426,12.0,18.0,20.0,20.0
2427,13.0,19.0,21.0,22.0
2428,13.0,20.0,23.0,23.0
2429,16.0,21.0,25.0,24.0
2430,16.0,21.0,26.0,27.0
2431,13.0,17.0,21.0,23.0
2432,9.0,15.0,17.0,19.0
2433,10.0,14.0,13.0,17.0
2434,8.0,11.0,11.0,18.0
2435,7.0,12.0,11.0,17.0
2436,8.0,8.0,11.0,15.0
2437,8.0,10.0,12.0,15.0
2438,8.0,8.0,11.0,15.0
2439,9.0,11.0,11.0,12.0
2440,5.0,9.0,8.0,10.0
2441,3.0,7.0,7.0,8.0
2442,3.0,7.0,6.0,5.0
2443,4.0,7.0,8.0,5.0
2444,6.0,7.0,8.0,5.0
2445,7.0,7.0,11.0,6.0
2446,10.0,7.0,14.0,7.0
2447,10.0,8.0,14.0,7.0
2448,10.0,9.0,14.0,8.0
2449,10.0,9.0,14.0,8.0
2450,10.0,9.0,16.0,9.0
2451,10.0,10.0,18.0,11.0
2452,11.0,12.0,18.0,11.0
2453,12.0,13.0,18.0,13.0
2454,13.0,14.0,18.0,15.0
2455,11.0,12.0,12.0,13.0
2456,6.0,11.0,8.0,13.0
2457,5.0,11.0,7.0,11.0
2458,4.0,9.0,6.0,13.0
2459,5.0,9.0,6.0,13.0
2460,6.0,8.0,7.0,13.0
2461,7.0,9.0,6.0,13.0
2462,7.0,9.0,8.0,12.0
2463,6.0,12.0,7.0,14.0
2464,4.0,11.0,8.0,12.0
2465,4.0,7.0,7.0,12.0
2466,3.0,9.0,4.0,9.0
2467,4.0,9.0,7.0,9.0
2468,7.0,9.0,8.0,10.0
2469,9.0,11.0,9.0,11.0
2470,11.0,11.0,9.0,11.0
2471,11.0,12.0,12.0,12.0
2472,13.0,14.0,12.0,12.0
2473,15.0,14.0,13.0,12.0
2474,17.0,14.0,13.0,13.0
2475,17.0,14.0,13.0,14.0
2476,18.0,14.0,13.0,16.0
2477,21.0,15.0,13.0,17.0
2478,22.0,15.0,14.0,18.0
2479,20.0,14.0,11.0,14.0
2480,17.0,10.0,10.0,14.0
2481,14.0,9.0,8.0,11.0
2482,13.0,5.0,9.0,11.0
2483,14.0,8.0,10.0,10.0
2484,13.0,8.0,10.0,8.0
2485,12.0,6.0,6.0,6.0
2486,10.0,4.0,4.0,6.0
2487,11.0,1.0,4.0,6.0
2488,9.0,5.0,3.0,4.0
2489,10.0,6.0,3.0,1.0
2490,11.0,4.0,3.0,0.0
2491,13.0,5.0,4.0,0.0
2492,13.0,6.0,4.0,2.0
2493,13.0,6.0,4.0,2.0
2494,14.0,6.0,5.0,3.0
2495,14.0,9.0,7.0,5.0
2496,14.0,9.0,8.0,6.0
2497,16.0,10.0,9.0,7.0
2498,16.0,12.0,11.0,8.0
2499,18.0,14.0,11.0,8.0
2500,20.0,14.0,12.0,10.0
2501,23.0,15.0,13.0,11.0
2502,23.0,18.0,15.0,11.0
2503,20.0,16.0,10.0,8.0
2504,17.0,16.0,10.0,7.0
2505,17.0,17.0,8.0,5.0
2506,16.0,17.0,7.0,5.0
2507,17.0,14.0,8.0,6.0
2508,15.0,12.0,5.0,5.0
2509,12.0,14.0,6.0,4.0
2510,13.0,13.0,7.0,3.0
2511,12.0,11.0,6.0,3.0
2512,8.0,9.0,4.0,3.0
2513,8.0,6.0,4.0,3.0
2514,4.0,5.0,3.0,3.0
2515,4.0,7.0,5.0,3.0
2516,4.0,8.0,6.0,5.0
2517,5.0,8.0,8.0,6.0
2518,6.0,8.0,8.0,6.0
2519,7.0,8.0,8.0,7.0
2520,9.0,8.0,9.0,8.0
2521,10.0,9.0,11.0,9.0
2522,12.0,10.0,14.0,10.0
2523,12.0,10.0,16.0,11.0
2524,14.0,11.0,17.0,11.0
2525,15.0,13.0,18.0,11.0
2526,17.0,15.0,19.0,13.0
2527,12.0,12.0,18.0,10.0
2528,11.0,9.0,15.0,9.0
2529,13.0,8.0,18.0,8.0
2530,13.0,8.0,16.0,11.0
2531,15.0,8.0,15.0,8.0
2532,11.0,7.0,11.0,7.0
2533,11.0,8.0,11.0,4.0
2534,9.0,7.0,10.0,1.0
2535,6.0,4.0,11.0,3.0
2536,8.0,2.0,9.0,3.0
2537,6.0,2.0,7.0,2.0
2538,3.0,3.0,3.0,1.0
2539,4.0,5.0,3.0,1.0
2540,5.0,6.0,3.0,3.0
2541,7.0,7.0,5.0,3.0
2542,8.0,10.0,8.0,4.0
2543,8.0,13.0,8.0,5.0
2544,9.0,14.0,11.0,5.0
2545,10.0,14.0,11.0,6.0
2546,11.0,16.0,12.0,6.0
2547,11.0,17.0,14.0,7.0
2548,13.0,19.0,14.0,9.0
2549,14.0,19.0,15.0,10.0
2550,16.0,21.0,15.0,11.0
2551,16.0,16.0,10.0,8.0
2552,17.0,17.0,11.0,8.0
2553,13.0,18.0,11.0,7.0
2554,9.0,15.0,12.0,7.0
2555,9.0,15.0,11.0,7.0
2556,10.0,14.0,8.0,6.0
2557,12.0,11.0,6.0,5.0
2558,9.0,6.0,4.0,3.0
2559,6.0,6.0,2.0,1.0
2560,4.0,6.0,0.0,1.0
2561,4.0,5.0,4.0,3.0
2562,3.0,5.0,6.0,4.0
2563,5.0,5.0,9.0,5.0
2564,5.0,5.0,9.0,5.0
2565,6.0,5.0,10.0,6.0
2566,6.0,5.0,10.0,7.0
2567,6.0,7.0,13.0,7.0
2568,7.0,10.0,15.0,8.0
2569,7.0,11.0,17.0,8.0
2570,8.0,11.0,17.0,8.0
2571,10.0,13.0,18.0,8.0
2572,10.0,15.0,19.0,9.0
2573,12.0,17.0,19.0,10.0
2574,12.0,17.0,20.0,10.0
2575,12.0,14.0,16.0,10.0
2576,9.0,14.0,16.0,9.0
2577,8.0,12.0,15.0,7.0
2578,6.0,10.0,13.0,5.0
2579,5.0,10.0,11.0,3.0
2580,5.0,11.0,8.0,1.0
2581,5.0,9.0,9.0,0.0
2582,6.0,6.0,10.0,0.0
2583,4.0,3.0,6.0,0.0
2584,1.0,4.0,4.0,0.0
2585,2.0,3.0,4.0,1.0
2586,2.0,1.0,4.0,1.0
2587,5.0,1.0,4.0,3.0
2588,5.0,2.0,5.0,3.0
2589,7.0,2.0,6.0,3.0
2590,9.0,2.0,7.0,4.0
2591,9.0,2.0,8.0,5.0
2592,9.0,2.0,9.0,8.0
2593,12.0,3.0,9.0,10.0
2594,14.0,3.0,10.0,10.0
2595,14.0,4.0,11.0,13.0
2596,17.0,5.0,12.0,13.0
2597,17.0,5.0,12.0,13.0
2598,19.0,6.0,13.0,13.0
2599,18.0,6.0,10.0,11.0
2600,15.0,7.0,8.0,8.0
2601,18.0,8.0,8.0,5.0
2602,14.0,7.0,8.0,5.0
2603,13.0,6.0,8.0,4.0
2604,10.0,7.0,7.0,3.0
2605,8.0,6.0,6.0,2.0
2606,5.0,4.0,7.0,2.0
2607,4.0,4.0,4.0,3.0
2608,2.0,2.0,4.0,3.0
2609,2.0,4.0,5.0,2.0
2610,3.0,3.0,6.0,3.0
2611,3.0,4.0,9.0,4.0
2612,4.0,6.0,10.0,4.0
2613,6.0,7.0,10.0,5.0
2614,6.0,8.0,11.0,7.0
2615,7.0,8.0,11.0,10.0
2616,8.0,9.0,13.0,11.0
2617,8.0,12.0,15.0,13.0
2618,9.0,12.0,17.0,13.0
2619,10.0,14.0,18.0,13.0
2620,10.0,16.0,19.0,13.0
2621,12.0,18.0,19.0,13.0
2622,12.0,18.0,21.0,13.0
2623,9.0,13.0,18.0,10.0
2624,8.0,14.0,18.0,9.0
2625,8.0,13.0,16.0,9.0
2626,8.0,13.0,15.0,9.0
2627,7.0,15.0,12.0,9.0
2628,7.0,14.0,12.0,9.0
2629,7.0,10.0,11.0,6.0
2630,4.0,9.0,11.0,5.0
2631,3.0,10.0,8.0,5.0
2632,2.0,7.0,6.0,3.0
2633,3.0,4.0,5.0,2.0
2634,3.0,3.0,4.0,3.0
2635,3.0,3.0,4.0,3.0
2636,4.0,4.0,6.0,3.0
2637,5.0,4.0,8.0,4.0
2638,5.0,4.0,8.0,5.0
2639,7.0,4.0,8.0,5.0
2640,7.0,5.0,9.0,7.0
2641,9.0,5.0,11.0,9.0
2642,9.0,5.0,11.0,11.0
2643,12.0,5.0,12.0,11.0
2644,13.0,5.0,14.0,12.0
2645,13.0,6.0,14.0,13.0
2646,14.0,6.0,14.0,14.0
2647,11.0,7.0,11.0,15.0
2648,9.0,7.0,9.0,15.0
2649,8.0,8.0,8.0,13.0
2650,8.0,5.0,7.0,10.0
2651,12.0,5.0,6.0,8.0
2652,11.0,4.0,6.0,6.0
2653,8.0,4.0,6.0,6.0
2654,5.0,2.0,3.0,6.0
2655,4.0,3.0,3.0,4.0
2656,3.0,1.0,5.0,5.0
2657,5.0,1.0,3.0,3.0
2658,3.0,1.0,2.0,1.0
2659,3.0,3.0,3.0,2.0
2660,4.0,6.0,3.0,4.0
2661,4.0,7.0,5.0,5.0
2662,5.0,8.0,7.0,6.0
2663,8.0,9.0,7.0,6.0
2664,11.0,9.0,7.0,7.0
2665,11.0,9.0,7.0,7.0
2666,11.0,9.0,7.0,7.0
2667,13.0,10.0,7.0,7.0
2668,14.0,10.0,7.0,8.0
2669,14.0,12.0,7.0,10.0
2670,15.0,13.0,9.0,12.0
2671,11.0,10.0,7.0,7.0
2672,7.0,6.0,4.0,6.0
2673,9.0,6.0,4.0,5.0
2674,9.0,5.0,6.0,6.0
2675,6.0,5.0,7.0,6.0
2676,4.0,4.0,6.0,5.0
2677,8.0,4.0,6.0,1.0
2678,10.0,4.0,8.0,0.0
2679,10.0,6.0,7.0,0.0
2680,10.0,6.0,7.0,0.0
2681,8.0,4.0,5.0,1.0
2682,5.0,3.0,3.0,2.0
2683,5.0,3.0,8.0,2.0
2684,5.0,5.0,8.0,2.0
2685,6.0,7.0,8.0,3.0
2686,7.0,8.0,11.0,4.0
2687,8.0,9.0,11.0,4.0
2688,8.0,13.0,11.0,6.0
2689,8.0,13.0,12.0,6.0
2690,8.0,14.0,12.0,7.0
2691,9.0,14.0,15.0,8.0
2692,9.0,15.0,15.0,8.0
2693,11.0,16.0,16.0,11.0
2694,12.0,16.0,18.0,11.0
2695,8.0,13.0,15.0,7.0
2696,6.0,13.0,13.0,5.0
2697,5.0,11.0,13.0,4.0
2698,5.0,11.0,14.0,2.0
2699,5.0,12.0,14.0,1.0
2700,5.0,12.0,11.0,1.0
2701,6.0,9.0,8.0,2.0
2702,8.0,5.0,9.0,1.0
2703,6.0,6.0,6.0,3.0
2704,3.0,2.0,5.0,4.0
2705,2.0,1.0,5.0,5.0
2706,1.0,2.0,2.0,4.0
2707,2.0,3.0,4.0,5.0
2708,3.0,4.0,5.0,6.0
2709,3.0,5.0,6.0,6.0
2710,3.0,5.0,7.0,8.0
2711,3.0,5.0,9.0,9.0
2712,4.0,5.0,10.0,12.0
2713,4.0,7.0,12.0,12.0
2714,5.0,8.0,17.0,12.0
2715,5.0,9.0,19.0,13.0
2716,5.0,9.0,20.0,14.0
2717,5.0,12.0,20.0,14.0
2718,5.0,12.0,21.0,16.0
2719,2.0,9.0,18.0,14.0
2720,3.0,9.0,16.0,11.0
2721,3.0,10.0,15.0,8.0
2722,5.0,12.0,16.0,7.0
2723,4.0,10.0,15.0,10.0
2724,2.0,8.0,13.0,10.0
2725,0.0,8.0,12.0,8.0
2726,1.0,5.0,10.0,6.0
2727,1.0,5.0,8.0,6.0
2728,2.0,4.0,6.0,5.0
2729,2.0,4.0,4.0,3.0
2730,2.0,3.0,4.0,2.0
2731,3.0,4.0,4.0,3.0
2732,4.0,5.0,6.0,3.0
2733,5.0,7.0,6.0,4.0
2734,6.0,7.0,6.0,5.0
2735,6.0,9.0,7.0,5.0
2736,6.0,9.0,7.0,7.0
2737,6.0,12.0,9.0,8.0
2738,7.0,13.0,10.0,10.0
2739,7.0,15.0,14.0,12.0
2740,8.0,16.0,15.0,13.0
2741,10.0,16.0,17.0,13.0
2742,10.0,17.0,18.0,16.0
2743,7.0,13.0,15.0,14.0
2744,4.0,12.0,13.0,12.0
2745,2.0,13.0,12.0,11.0
2746,2.0,12.0,13.0,12.0
2747,3.0,9.0,16.0,12.0
2748,6.0,7.0,18.0,11.0
2749,5.0,4.0,16.0,11.0
2750,4.0,6.0,13.0,9.0
2751,4.0,6.0,10.0,9.0
2752,4.0,5.0,11.0,8.0
2753,5.0,3.0,13.0,7.0
2754,4.0,2.0,15.0,7.0
2755,7.0,4.0,16.0,7.0
2756,9.0,5.0,17.0,7.0
2757,11.0,8.0,17.0,9.0
2758,11.0,10.0,17.0,10.0
2759,12.0,11.0,17.0,11.0
2760,13.0,13.0,19.0,11.0
2761,13.0,13.0,21.0,13.0
2762,13.0,14.0,23.0,15.0
2763,13.0,15.0,24.0,15.0
2764,15.0,15.0,25.0,15.0
2765,16.0,16.0,26.0,16.0
2766,16.0,17.0,27.0,16.0
2767,11.0,12.0,22.0,15.0
2768,11.0,11.0,18.0,13.0
2769,10.0,10.0,16.0,16.0
2770,10.0,8.0,16.0,13.0
2771,11.0,7.0,12.0,9.0
2772,10.0,7.0,14.0,9.0
2773,8.0,8.0,13.0,9.0
2774,6.0,8.0,13.0,9.0
2775,5.0,7.0,11.0,8.0
2776,4.0,5.0,7.0,6.0
2777,5.0,3.0,4.0,6.0
2778,3.0,3.0,4.0,7.0
2779,3.0,4.0,7.0,7.0
2780,4.0,4.0,8.0,10.0
2781,4.0,5.0,9.0,11.0
2782,5.0,7.0,10.0,13.0
2783,5.0,7.0,11.0,15.0
2784,5.0,7.0,14.0,18.0
2785,6.0,7.0,15.0,20.0
2786,6.0,9.0,15.0,21.0
2787,7.0,11.0,16.0,22.0
2788,8.0,13.0,16.0,23.0
2789,9.0,13.0,17.0,24.0
2790,10.0,15.0,18.0,24.0
2791,9.0,11.0,14.0,22.0
2792,8.0,9.0,12.0,20.0
2793,8.0,10.0,10.0,16.0
2794,6.0,10.0,8.0,11.0
2795,6.0,12.0,7.0,10.0
2796,6.0,11.0,9.0,10.0
2797,5.0,10.0,10.0,10.0
2798,4.0,7.0,8.0,12.0
2799,2.0,4.0,7.0,11.0
2800,5.0,3.0,7.0,11.0
2801,7.0,2.0,5.0,10.0
2802,6.0,4.0,2.0,10.0
2803,6.0,6.0,4.0,11.0
2804,7.0,7.0,4.0,13.0
2805,7.0,8.0,5.0,15.0
2806,8.0,8.0,6.0,16.0
2807,8.0,8.0,7.0,17.0
2808,9.0,8.0,8.0,18.0
2809,11.0,8.0,9.0,18.0
2810,12.0,9.0,9.0,22.0
2811,12.0,11.0,9.0,24.0
2812,12.0,13.0,10.0,25.0
2813,13.0,15.0,10.0,26.0
2814,13.0,15.0,10.0,26.0
2815,10.0,15.0,6.0,23.0
2816,9.0,17.0,5.0,22.0
2817,9.0,15.0,7.0,21.0
2818,9.0,12.0,6.0,20.0
2819,10.0,10.0,6.0,20.0
2820,9.0,9.0,4.0,19.0
2821,10.0,9.0,3.0,18.0
2822,9.0,9.0,5.0,16.0
2823,9.0,7.0,4.0,15.0
2824,6.0,4.0,2.0,13.0
2825,3.0,3.0,2.0,12.0
2826,2.0,4.0,6.0,9.0
2827,3.0,7.0,7.0,11.0
2828,4.0,8.0,8.0,12.0
2829,5.0,9.0,9.0,12.0
2830,5.0,9.0,10.0,14.0
2831,9.0,10.0,11.0,17.0
2832,11.0,10.0,11.0,17.0
2833,11.0,11.0,12.0,17.0
2834,11.0,12.0,14.0,20.0
2835,11.0,14.0,15.0,21.0
2836,11.0,16.0,15.0,21.0
2837,12.0,19.0,15.0,22.0
2838,15.0,20.0,15.0,22.0
2839,14.0,17.0,11.0,17.0
2840,12.0,17.0,11.0,18.0
2841,10.0,18.0,11.0,17.0
2842,10.0,15.0,9.0,17.0
2843,11.0,14.0,8.0,16.0
2844,10.0,13.0,5.0,16.0
2845,9.0,13.0,5.0,13.0
2846,9.0,12.0,4.0,15.0
2847,7.0,11.0,4.0,14.0
2848,6.0,12.0,4.0,12.0
2849,4.0,11.0,3.0,9.0
2850,4.0,7.0,2.0,8.0
2851,4.0,7.0,4.0,9.0
2852,4.0,7.0,5.0,11.0
2853,4.0,7.0,6.0,11.0
2854,6.0,8.0,6.0,12.0
2855,6.0,11.0,10.0,13.0
2856,7.0,12.0,10.0,14.0
2857,8.0,12.0,11.0,14.0
2858,8.0,13.0,11.0,14.0
2859,8.0,13.0,11.0,16.0
2860,10.0,13.0,11.0,19.0
2861,11.0,14.0,12.0,23.0
2862,11.0,15.0,13.0,23.0
2863,7.0,12.0,6.0,20.0
2864,8.0,9.0,4.0,19.0
2865,7.0,9.0,3.0,18.0
2866,6.0,7.0,3.0,18.0
2867,6.0,4.0,3.0,17.0
2868,6.0,4.0,4.0,15.0
2869,6.0,4.0,7.0,15.0
2870,6.0,3.0,6.0,14.0
2871,5.0,3.0,5.0,10.0
2872,3.0,3.0,6.0,9.0
2873,2.0,3.0,4.0,10.0
2874,2.0,1.0,3.0,8.0
2875,4.0,2.0,4.0,10.0
2876,5.0,4.0,4.0,11.0
2877,7.0,4.0,5.0,11.0
2878,9.0,4.0,6.0,11.0
2879,9.0,5.0,7.0,11.0
2880,10.0,6.0,8.0,12.0
2881,12.0,8.0,10.0,13.0
2882,14.0,10.0,11.0,13.0
2883,14.0,10.0,12.0,14.0
2884,15.0,10.0,14.0,14.0
2885,15.0,12.0,14.0,14.0
2886,16.0,14.0,16.0,16.0
2887,13.0,12.0,15.0,13.0
2888,12.0,11.0,11.0,12.0
2889,11.0,11.0,9.0,9.0
2890,10.0,10.0,8.0,7.0
2891,10.0,8.0,7.0,9.0
2892,8.0,8.0,5.0,9.0
2893,7.0,8.0,3.0,7.0
2894,6.0,8.0,1.0,6.0
2895,7.0,3.0,3.0,5.0
2896,5.0,3.0,4.0,5.0
2897,3.0,3.0,5.0,5.0
2898,0.0,4.0,3.0,3.0
2899,1.0,4.0,4.0,4.0
2900,3.0,4.0,4.0,4.0
2901,4.0,5.0,5.0,5.0
2902,5.0,5.0,6.0,6.0
2903,7.0,5.0,7.0,6.0
2904,9.0,5.0,8.0,7.0
2905,10.0,6.0,8.0,7.0
2906,10.0,7.0,9.0,8.0
2907,10.0,7.0,10.0,9.0
2908,10.0,8.0,11.0,9.0
2909,11.0,9.0,13.0,10.0
2910,11.0,11.0,15.0,11.0
2911,9.0,10.0,13.0,7.0
2912,7.0,10.0,11.0,7.0
2913,7.0,7.0,11.0,7.0
2914,8.0,6.0,10.0,7.0
2915,8.0,4.0,9.0,6.0
2916,9.0,3.0,8.0,5.0
2917,6.0,3.0,8.0,4.0
2918,5.0,5.0,7.0,4.0
2919,6.0,3.0,8.0,5.0
2920,5.0,4.0,5.0,9.0
2921,3.0,1.0,3.0,6.0
2922,2.0,3.0,1.0,4.0
2923,2.0,5.0,1.0,5.0
2924,3.0,7.0,1.0,7.0
2925,4.0,8.0,3.0,8.0
2926,5.0,8.0,4.0,8.0
2927,5.0,9.0,4.0,8.0
2928,6.0,10.0,5.0,9.0
2929,7.0,11.0,9.0,9.0
2930,8.0,11.0,10.0,12.0
2931,8.0,11.0,10.0,14.0
2932,10.0,11.0,13.0,15.0
2933,10.0,13.0,13.0,15.0
2934,10.0,13.0,13.0,15.0
2935,7.0,9.0,8.0,10.0
2936,7.0,9.0,9.0,8.0
2937,8.0,9.0,9.0,7.0
2938,11.0,7.0,10.0,7.0
2939,11.0,6.0,9.0,4.0
2940,9.0,5.0,10.0,4.0
2941,6.0,5.0,7.0,4.0
2942,4.0,6.0,6.0,3.0
2943,3.0,3.0,7.0,4.0
2944,2.0,2.0,5.0,4.0
2945,1.0,3.0,3.0,3.0
2946,0.0,4.0,1.0,1.0
2947,0.0,5.0,4.0,3.0
2948,0.0,7.0,4.0,3.0
2949,2.0,7.0,5.0,4.0
2950,5.0,8.0,5.0,4.0
2951,6.0,9.0,6.0,4.0
2952,6.0,9.0,6.0,7.0
2953,6.0,9.0,6.0,7.0
2954,7.0,10.0,7.0,10.0
2955,8.0,10.0,7.0,11.0
2956,9.0,13.0,7.0,13.0
2957,10.0,13.0,7.0,15.0
2958,10.0,13.0,9.0,16.0
2959,5.0,9.0,5.0,15.0
2960,7.0,6.0,3.0,12.0
2961,8.0,7.0,5.0,13.0
2962,7.0,7.0,5.0,13.0
2963,5.0,7.0,7.0,11.0
2964,5.0,5.0,6.0,10.0
2965,6.0,4.0,4.0,10.0
2966,4.0,4.0,1.0,6.0
2967,5.0,3.0,0.0,4.0
2968,5.0,3.0,1.0,2.0
2969,5.0,3.0,3.0,2.0
2970,2.0,2.0,4.0,2.0
2971,4.0,4.0,5.0,4.0
2972,6.0,5.0,9.0,4.0
2973,7.0,6.0,9.0,8.0
2974,9.0,7.0,10.0,8.0
2975,11.0,7.0,11.0,9.0
2976,13.0,7.0,12.0,11.0
2977,14.0,7.0,12.0,13.0
2978,15.0,8.0,12.0,13.0
2979,15.0,10.0,13.0,16.0
2980,15.0,12.0,14.0,16.0
2981,15.0,16.0,15.0,16.0
2982,16.0,19.0,15.0,16.0
2983,13.0,20.0,10.0,13.0
2984,12.0,19.0,7.0,11.0
2985,11.0,19.0,3.0,10.0
2986,8.0,17.0,3.0,9.0
2987,11.0,17.0,3.0,9.0
2988,10.0,14.0,2.0,8.0
2989,7.0,10.0,0.0,6.0
2990,4.0,5.0,1.0,5.0
2991,5.0,3.0,1.0,4.0
2992,6.0,1.0,2.0,3.0
2993,7.0,2.0,4.0,3.0
2994,6.0,3.0,4.0,4.0
2995,8.0,4.0,5.0,7.0
2996,9.0,4.0,6.0,8.0
2997,9.0,4.0,8.0,8.0
2998,11.0,6.0,9.0,8.0
2999,11.0,6.0,9.0,9.0
3000,12.0,7.0,10.0,9.0
3001,12.0,9.0,13.0,9.0
3002,12.0,9.0,13.0,9.0
3003,13.0,12.0,15.0,10.0
3004,13.0,13.0,16.0,11.0
3005,16.0,14.0,16.0,11.0
3006,16.0,15.0,16.0,14.0
3007,11.0,14.0,14.0,12.0
3008,9.0,12.0,12.0,11.0
3009,7.0,14.0,12.0,9.0
3010,7.0,13.0,9.0,8.0
3011,8.0,14.0,8.0,6.0
3012,7.0,11.0,7.0,7.0
3013,7.0,9.0,4.0,7.0
3014,5.0,8.0,2.0,6.0
3015,2.0,7.0,2.0,7.0
3016,2.0,6.0,0.0,7.0
3017,1.0,7.0,0.0,6.0
3018,0.0,10.0,1.0,3.0
3019,0.0,13.0,1.0,3.0
3020,1.0,13.0,1.0,5.0
3021,3.0,14.0,1.0,5.0
3022,6.0,15.0,3.0,6.0
3023,6.0,16.0,3.0,7.0
3024,8.0,18.0,5.0,7.0
3025,10.0,18.0,7.0,9.0
3026,10.0,19.0,7.0,9.0
3027,13.0,20.0,7.0,10.0
3028,14.0,21.0,8.0,12.0
3029,15.0,24.0,9.0,12.0
3030,15.0,25.0,10.0,14.0
3031,12.0,22.0,8.0,13.0
3032,12.0,18.0,8.0,14.0
3033,11.0,15.0,10.0,11.0
3034,8.0,14.0,10.0,10.0
3035,8.0,12.0,9.0,11.0
3036,6.0,12.0,6.0,9.0
3037,5.0,14.0,6.0,6.0
3038,6.0,14.0,6.0,5.0
3039,6.0,11.0,8.0,3.0
3040,5.0,6.0,6.0,3.0
3041,4.0,4.0,4.0,2.0
3042,2.0,4.0,2.0,2.0
3043,4.0,4.0,2.0,3.0
3044,5.0,5.0,2.0,4.0
3045,5.0,6.0,5.0,4.0
3046,5.0,6.0,5.0,4.0
3047,5.0,6.0,6.0,4.0
3048,6.0,7.0,7.0,7.0
3049,9.0,9.0,7.0,7.0
3050,9.0,10.0,7.0,7.0
3051,10.0,11.0,7.0,8.0
3052,11.0,13.0,8.0,8.0
3053,13.0,14.0,9.0,8.0
3054,14.0,14.0,9.0,10.0
3055,10.0,13.0,6.0,9.0
3056,9.0,12.0,10.0,10.0
3057,8.0,12.0,8.0,9.0
3058,8.0,11.0,7.0,7.0
3059,9.0,11.0,6.0,7.0
3060,8.0,14.0,4.0,8.0
3061,6.0,13.0,4.0,7.0
3062,3.0,10.0,5.0,5.0
3063,3.0,7.0,4.0,6.0
3064,2.0,7.0,5.0,5.0
3065,6.0,6.0,1.0,5.0
3066,7.0,7.0,0.0,2.0
3067,9.0,10.0,1.0,3.0
3068,9.0,13.0,2.0,4.0
3069,12.0,14.0,3.0,4.0
3070,15.0,15.0,5.0,4.0
3071,15.0,15.0,9.0,5.0
3072,17.0,16.0,12.0,5.0
3073,18.0,16.0,13.0,6.0
3074,19.0,19.0,13.0,8.0
3075,19.0,19.0,14.0,8.0
3076,20.0,20.0,15.0,9.0
3077,23.0,21.0,16.0,9.0
3078,23.0,23.0,17.0,9.0
3079,19.0,17.0,15.0,7.0
3080,18.0,16.0,13.0,7.0
3081,17.0,12.0,12.0,7.0
3082,13.0,14.0,13.0,5.0
3083,12.0,12.0,11.0,5.0
3084,9.0,10.0,10.0,5.0
3085,7.0,10.0,7.0,4.0
3086,7.0,9.0,7.0,4.0
3087,7.0,4.0,5.0,5.0
3088,6.0,4.0,4.0,4.0
3089,5.0,4.0,2.0,4.0
3090,2.0,4.0,2.0,5.0
3091,3.0,5.0,3.0,7.0
3092,4.0,5.0,3.0,9.0
3093,4.0,6.0,3.0,9.0
3094,5.0,8.0,3.0,10.0
3095,5.0,10.0,4.0,10.0
3096,6.0,11.0,4.0,11.0
3097,7.0,12.0,6.0,14.0
3098,9.0,12.0,7.0,15.0
3099,10.0,13.0,7.0,15.0
3100,12.0,16.0,7.0,16.0
3101,13.0,17.0,10.0,18.0
3102,13.0,18.0,11.0,19.0
3103,12.0,17.0,8.0,15.0
3104,10.0,17.0,9.0,11.0
3105,10.0,17.0,7.0,9.0
3106,9.0,16.0,8.0,9.0
3107,10.0,16.0,8.0,7.0
3108,11.0,15.0,8.0,3.0
3109,10.0,15.0,5.0,1.0
3110,9.0,13.0,3.0,1.0
3111,9.0,11.0,2.0,2.0
3112,8.0,10.0,5.0,3.0
3113,7.0,6.0,5.0,5.0
3114,7.0,8.0,2.0,5.0
3115,8.0,8.0,3.0,6.0
3116,8.0,10.0,4.0,6.0
3117,12.0,14.0,5.0,6.0
3118,12.0,15.0,5.0,6.0
3119,14.0,15.0,6.0,7.0
3120,14.0,17.0,8.0,8.0
3121,16.0,18.0,9.0,8.0
3122,17.0,19.0,9.0,10.0
3123,17.0,20.0,9.0,11.0
3124,17.0,23.0,9.0,13.0
3125,17.0,25.0,9.0,14.0
3126,18.0,25.0,10.0,16.0
3127,15.0,20.0,6.0,14.0
3128,11.0,16.0,6.0,14.0
3129,11.0,14.0,5.0,13.0
3130,8.0,13.0,6.0,13.0
3131,5.0,13.0,9.0,12.0
3132,4.0,10.0,10.0,14.0
3133,4.0,8.0,8.0,11.0
3134,3.0,8.0,6.0,10.0
3135,3.0,7.0,4.0,7.0
3136,2.0,7.0,2.0,7.0
3137,5.0,5.0,1.0,6.0
3138,4.0,5.0,2.0,4.0
3139,6.0,5.0,4.0,4.0
3140,9.0,5.0,6.0,4.0
3141,11.0,6.0,7.0,7.0
3142,12.0,8.0,7.0,7.0
3143,12.0,9.0,8.0,7.0
3144,12.0,9.0,8.0,7.0
3145,13.0,12.0,9.0,7.0
3146,14.0,14.0,12.0,8.0
3147,14.0,14.0,14.0,8.0
3148,14.0,15.0,16.0,8.0
3149,18.0,15.0,18.0,8.0
3150,19.0,16.0,20.0,11.0
3151,14.0,13.0,16.0,9.0
3152,11.0,11.0,13.0,8.0
3153,13.0,9.0,14.0,7.0
3154,12.0,11.0,15.0,7.0
3155,9.0,11.0,13.0,7.0
3156,9.0,12.0,11.0,8.0
3157,10.0,11.0,9.0,7.0
3158,9.0,8.0,10.0,10.0
3159,6.0,6.0,9.0,10.0
3160,6.0,5.0,7.0,8.0
3161,5.0,3.0,4.0,5.0
3162,3.0,2.0,4.0,4.0
3163,4.0,3.0,6.0,7.0
3164,6.0,3.0,7.0,11.0
3165,10.0,3.0,8.0,11.0
3166,10.0,5.0,8.0,13.0
3167,11.0,8.0,9.0,13.0
3168,12.0,9.0,9.0,14.0
3169,12.0,11.0,11.0,14.0
3170,13.0,12.0,11.0,14.0
3171,13.0,13.0,12.0,15.0
3172,14.0,14.0,13.0,17.0
3173,18.0,14.0,14.0,17.0
3174,19.0,15.0,15.0,17.0
3175,17.0,12.0,11.0,12.0
3176,14.0,9.0,10.0,8.0
3177,12.0,8.0,9.0,8.0
3178,13.0,7.0,7.0,8.0
3179,12.0,8.0,6.0,7.0
3180,13.0,6.0,9.0,8.0
3181,12.0,5.0,10.0,9.0
3182,12.0,4.0,9.0,8.0
3183,10.0,5.0,7.0,6.0
3184,9.0,5.0,4.0,1.0
3185,7.0,2.0,3.0,0.0
3186,5.0,1.0,3.0,0.0
3187,5.0,1.0,4.0,2.0
3188,6.0,1.0,5.0,4.0
3189,6.0,6.0,5.0,5.0
3190,6.0,7.0,7.0,6.0
3191,10.0,7.0,7.0,7.0
3192,10.0,8.0,7.0,8.0
3193,11.0,12.0,7.0,10.0
3194,12.0,12.0,7.0,10.0
3195,13.0,14.0,8.0,13.0
3196,14.0,14.0,9.0,14.0
3197,15.0,14.0,10.0,14.0
3198,18.0,14.0,10.0,16.0
3199,14.0,11.0,7.0,14.0
3200,12.0,11.0,6.0,12.0
3201,10.0,10.0,6.0,13.0
3202,11.0,9.0,5.0,13.0
3203,10.0,9.0,3.0,12.0
3204,10.0,7.0,3.0,13.0
3205,11.0,7.0,2.0,12.0
3206,10.0,5.0,1.0,10.0
3207,8.0,4.0,2.0,11.0
3208,6.0,4.0,2.0,8.0
3209,5.0,2.0,4.0,5.0
3210,4.0,2.0,4.0,2.0
3211,5.0,3.0,6.0,3.0
3212,6.0,6.0,7.0,3.0
3213,6.0,8.0,7.0,6.0
3214,7.0,8.0,7.0,7.0
3215,7.0,8.0,9.0,8.0
3216,8.0,9.0,10.0,8.0
3217,9.0,10.0,10.0,9.0
3218,10.0,12.0,11.0,10.0
3219,11.0,13.0,11.0,11.0
3220,11.0,15.0,12.0,12.0
3221,11.0,16.0,15.0,12.0
3222,13.0,19.0,17.0,13.0
3223,9.0,16.0,13.0,10.0
3224,7.0,13.0,12.0,7.0
3225,9.0,14.0,11.0,6.0
3226,9.0,12.0,10.0,5.0
3227,8.0,12.0,8.0,6.0
3228,6.0,10.0,7.0,7.0
3229,4.0,7.0,6.0,5.0
3230,3.0,9.0,4.0,4.0
3231,4.0,8.0,2.0,2.0
3232,5.0,7.0,2.0,1.0
3233,4.0,6.0,1.0,4.0
3234,2.0,7.0,1.0,5.0
3235,3.0,9.0,2.0,7.0
3236,3.0,10.0,3.0,7.0
3237,4.0,11.0,3.0,9.0
3238,4.0,12.0,5.0,10.0
3239,8.0,13.0,6.0,10.0
3240,8.0,13.0,7.0,11.0
3241,9.0,14.0,7.0,12.0
3242,10.0,15.0,11.0,14.0
3243,10.0,16.0,12.0,14.0
3244,12.0,18.0,13.0,14.0
3245,13.0,20.0,14.0,14.0
3246,14.0,21.0,15.0,16.0
3247,12.0,16.0,12.0,12.0
3248,11.0,15.0,11.0,8.0
3249,9.0,13.0,12.0,5.0
3250,9.0,11.0,13.0,6.0
3251,10.0,9.0,13.0,5.0
3252,10.0,8.0,11.0,4.0
3253,8.0,7.0,9.0,3.0
3254,5.0,6.0,7.0,2.0
3255,5.0,4.0,7.0,1.0
3256,2.0,1.0,6.0,2.0
3257,4.0,2.0,4.0,4.0
3258,5.0,2.0,4.0,3.0
3259,5.0,3.0,6.0,4.0
3260,6.0,4.0,8.0,8.0
3261,6.0,6.0,8.0,10.0
3262,7.0,6.0,9.0,11.0
3263,7.0,7.0,11.0,12.0
3264,9.0,7.0,12.0,13.0
3265,9.0,8.0,12.0,14.0
3266,11.0,8.0,13.0,16.0
3267,11.0,13.0,13.0,17.0
3268,12.0,14.0,13.0,18.0
3269,13.0,14.0,14.0,18.0
3270,15.0,14.0,16.0,19.0
3271,15.0,11.0,13.0,15.0
3272,12.0,9.0,11.0,11.0
3273,11.0,11.0,10.0,13.0
3274,12.0,14.0,9.0,13.0
3275,11.0,13.0,8.0,12.0
3276,14.0,11.0,6.0,10.0
3277,13.0,10.0,5.0,8.0
3278,11.0,7.0,5.0,6.0
3279,6.0,4.0,4.0,3.0
3280,5.0,2.0,3.0,1.0
3281,4.0,2.0,1.0,0.0
3282,2.0,2.0,2.0,0.0
3283,2.0,2.0,3.0,0.0
3284,2.0,2.0,3.0,3.0
3285,2.0,3.0,3.0,4.0
3286,2.0,3.0,5.0,4.0
3287,2.0,5.0,8.0,5.0
3288,3.0,5.0,8.0,6.0
3289,4.0,6.0,8.0,7.0
3290,4.0,7.0,11.0,10.0
3291,4.0,10.0,13.0,10.0
3292,5.0,10.0,14.0,12.0
3293,9.0,14.0,14.0,14.0
3294,9.0,15.0,15.0,16.0
3295,7.0,14.0,12.0,12.0
3296,7.0,11.0,10.0,13.0
3297,7.0,11.0,9.0,13.0
3298,8.0,12.0,11.0,14.0
3299,8.0,12.0,11.0,13.0
3300,5.0,11.0,11.0,11.0
3301,5.0,9.0,10.0,9.0
3302,5.0,8.0,7.0,6.0
3303,4.0,6.0,5.0,3.0
3304,4.0,4.0,3.0,3.0
3305,4.0,2.0,2.0,2.0
3306,4.0,3.0,2.0,1.0
3307,4.0,6.0,4.0,1.0
3308,5.0,7.0,5.0,1.0
3309,9.0,8.0,5.0,3.0
3310,12.0,8.0,5.0,3.0
3311,13.0,9.0,6.0,3.0
3312,16.0,11.0,8.0,4.0
3313,16.0,11.0,9.0,5.0
3314,17.0,12.0,10.0,6.0
3315,20.0,12.0,11.0,8.0
3316,21.0,12.0,11.0,9.0
3317,21.0,12.0,11.0,11.0
3318,23.0,12.0,11.0,12.0
3319,19.0,9.0,8.0,11.0
3320,14.0,6.0,6.0,11.0
3321,12.0,5.0,6.0,13.0
3322,10.0,4.0,8.0,12.0
3323,11.0,3.0,8.0,8.0
3324,10.0,2.0,6.0,7.0
3325,7.0,3.0,5.0,6.0
3326,6.0,3.0,4.0,6.0
3327,6.0,3.0,2.0,7.0
3328,6.0,2.0,2.0,5.0
3329,5.0,3.0,2.0,3.0
3330,5.0,2.0,2.0,4.0
3331,5.0,2.0,3.0,7.0
3332,5.0,2.0,5.0,8.0
3333,8.0,5.0,6.0,10.0
3334,9.0,6.0,7.0,12.0
3335,10.0,9.0,8.0,13.0
3336,12.0,11.0,10.0,16.0
3337,13.0,11.0,13.0,19.0
3338,14.0,11.0,14.0,19.0
3339,15.0,11.0,14.0,20.0
3340,16.0,12.0,15.0,20.0
3341,17.0,12.0,15.0,21.0
3342,19.0,15.0,15.0,23.0
3343,19.0,11.0,11.0,18.0
3344,15.0,9.0,9.0,17.0
3345,13.0,8.0,9.0,14.0
3346,13.0,7.0,8.0,15.0
3347,13.0,8.0,9.0,13.0
3348,11.0,8.0,7.0,12.0
3349,10.0,6.0,5.0,8.0
3350,10.0,3.0,5.0,6.0
3351,9.0,3.0,4.0,4.0
3352,6.0,2.0,5.0,2.0
3353,3.0,3.0,4.0,3.0
3354,5.0,3.0,2.0,3.0
3355,6.0,3.0,2.0,4.0
3356,6.0,3.0,4.0,6.0
3357,7.0,6.0,4.0,6.0
3358,7.0,8.0,5.0,8.0
3359,8.0,10.0,6.0,11.0
3360,8.0,12.0,8.0,11.0
3361,10.0,15.0,9.0,11.0
3362,12.0,19.0,10.0,12.0
3363,12.0,22.0,12.0,13.0
3364,13.0,23.0,13.0,14.0
3365,15.0,24.0,13.0,17.0
3366,17.0,24.0,13.0,18.0
3367,14.0,22.0,10.0,16.0
3368,12.0,21.0,9.0,18.0
3369,13.0,21.0,9.0,16.0
3370,11.0,17.0,11.0,12.0
3371,14.0,17.0,14.0,10.0
3372,13.0,16.0,11.0,13.0
3373,12.0,17.0,8.0,15.0
3374,8.0,15.0,6.0,14.0
3375,7.0,11.0,5.0,13.0
3376,7.0,9.0,6.0,11.0
3377,6.0,7.0,5.0,10.0
3378,4.0,4.0,4.0,9.0
3379,4.0,4.0,5.0,9.0
3380,5.0,5.0,8.0,10.0
3381,6.0,5.0,10.0,12.0
3382,6.0,7.0,10.0,13.0
3383,8.0,9.0,11.0,15.0
3384,8.0,11.0,12.0,17.0
3385,10.0,14.0,12.0,18.0
3386,10.0,16.0,14.0,20.0
3387,11.0,18.0,14.0,22.0
3388,12.0,22.0,15.0,24.0
3389,12.0,22.0,17.0,28.0
3390,12.0,22.0,17.0,30.0
3391,8.0,21.0,17.0,25.0
3392,6.0,21.0,14.0,22.0
3393,6.0,20.0,10.0,20.0
3394,7.0,21.0,10.0,20.0
3395,5.0,20.0,9.0,20.0
3396,6.0,18.0,9.0,17.0
3397,4.0,15.0,7.0,14.0
3398,3.0,13.0,4.0,12.0
3399,2.0,12.0,5.0,9.0
3400,2.0,10.0,4.0,8.0
3401,1.0,9.0,4.0,7.0
3402,3.0,8.0,6.0,6.0
3403,4.0,8.0,6.0,6.0
3404,5.0,8.0,10.0,8.0
3405,5.0,9.0,13.0,10.0
3406,5.0,12.0,14.0,12.0
3407,5.0,12.0,14.0,14.0
3408,6.0,12.0,17.0,15.0
3409,8.0,12.0,18.0,15.0
3410,8.0,12.0,19.0,17.0
3411,9.0,12.0,20.0,19.0
3412,9.0,14.0,22.0,21.0
3413,10.0,14.0,24.0,21.0
3414,11.0,14.0,25.0,21.0
3415,5.0,9.0,20.0,17.0
3416,3.0,10.0,16.0,14.0
3417,7.0,10.0,13.0,15.0
3418,7.0,10.0,13.0,16.0
3419,6.0,8.0,11.0,15.0
3420,3.0,8.0,10.0,14.0
3421,3.0,7.0,9.0,14.0
3422,2.0,10.0,5.0,11.0
3423,3.0,8.0,2.0,9.0
3424,3.0,6.0,1.0,9.0
3425,2.0,6.0,2.0,7.0
3426,2.0,2.0,1.0,5.0
3427,3.0,2.0,3.0,7.0
3428,4.0,3.0,3.0,9.0
3429,6.0,5.0,5.0,9.0
3430,7.0,5.0,5.0,9.0
3431,7.0,5.0,6.0,9.0
3432,8.0,6.0,7.0,11.0
3433,8.0,9.0,7.0,11.0
3434,8.0,9.0,7.0,11.0
3435,12.0,11.0,8.0,11.0
3436,12.0,12.0,9.0,11.0
3437,16.0,13.0,9.0,11.0
3438,16.0,17.0,9.0,13.0
3439,13.0,15.0,6.0,10.0
3440,11.0,14.0,7.0,9.0
3441,11.0,15.0,8.0,9.0
3442,9.0,14.0,6.0,12.0
3443,11.0,11.0,4.0,11.0
3444,12.0,10.0,5.0,7.0
3445,9.0,8.0,6.0,9.0
3446,9.0,6.0,7.0,8.0
3447,9.0,3.0,4.0,7.0
3448,9.0,4.0,5.0,6.0
3449,6.0,5.0,3.0,4.0
3450,6.0,6.0,3.0,3.0
3451,6.0,7.0,3.0,4.0
3452,7.0,7.0,5.0,5.0
3453,8.0,8.0,10.0,7.0
3454,8.0,10.0,11.0,10.0
3455,8.0,11.0,12.0,11.0
3456,9.0,12.0,13.0,11.0
3457,10.0,12.0,14.0,12.0
3458,11.0,13.0,14.0,17.0
3459,12.0,13.0,14.0,18.0
3460,12.0,16.0,14.0,19.0
3461,15.0,17.0,15.0,20.0
3462,16.0,18.0,15.0,22.0
3463,17.0,15.0,13.0,16.0
3464,13.0,14.0,12.0,13.0
3465,12.0,10.0,13.0,13.0
3466,10.0,8.0,11.0,14.0
3467,8.0,9.0,10.0,13.0
3468,5.0,8.0,7.0,12.0
3469,7.0,6.0,8.0,12.0
3470,9.0,6.0,7.0,8.0
3471,9.0,4.0,3.0,8.0
3472,6.0,3.0,3.0,4.0
3473,3.0,2.0,3.0,4.0
3474,5.0,3.0,6.0,2.0
3475,5.0,6.0,7.0,2.0
3476,5.0,7.0,8.0,2.0
3477,6.0,9.0,10.0,2.0
3478,6.0,10.0,11.0,3.0
3479,8.0,10.0,11.0,4.0
3480,9.0,13.0,12.0,7.0
3481,14.0,15.0,14.0,9.0
3482,14.0,15.0,16.0,13.0
3483,16.0,15.0,16.0,14.0
3484,17.0,15.0,17.0,17.0
3485,17.0,18.0,17.0,17.0
3486,18.0,19.0,18.0,20.0
3487,16.0,15.0,14.0,18.0
3488,17.0,18.0,13.0,19.0
3489,16.0,15.0,14.0,20.0
3490,14.0,13.0,14.0,17.0
3491,12.0,10.0,12.0,16.0
3492,9.0,11.0,12.0,17.0
3493,8.0,10.0,9.0,14.0
3494,9.0,8.0,8.0,14.0
3495,10.0,8.0,9.0,12.0
3496,7.0,6.0,8.0,11.0
3497,6.0,3.0,6.0,8.0
3498,3.0,1.0,4.0,4.0
3499,4.0,1.0,5.0,4.0
3500,4.0,2.0,6.0,4.0
3501,6.0,3.0,6.0,4.0
3502,6.0,3.0,9.0,4.0
3503,7.0,6.0,10.0,4.0
3504,8.0,7.0,12.0,4.0
3505,8.0,8.0,14.0,4.0
3506,8.0,9.0,14.0,6.0
3507,9.0,9.0,15.0,7.0
3508,9.0,10.0,15.0,8.0
3509,10.0,10.0,15.0,9.0
3510,10.0,10.0,17.0,11.0
3511,6.0,7.0,13.0,8.0
3512,5.0,5.0,12.0,12.0
3513,4.0,6.0,13.0,12.0
3514,4.0,8.0,13.0,9.0
3515,7.0,10.0,14.0,7.0
3516,9.0,9.0,11.0,7.0
3517,9.0,5.0,10.0,5.0
3518,8.0,4.0,6.0,2.0
3519,6.0,6.0,7.0,2.0
3520,6.0,5.0,9.0,1.0
3521,6.0,3.0,10.0,3.0
3522,5.0,3.0,6.0,2.0
3523,10.0,3.0,9.0,2.0
3524,11.0,5.0,9.0,5.0
3525,12.0,6.0,9.0,6.0
3526,13.0,7.0,9.0,6.0
3527,13.0,7.0,10.0,7.0
3528,13.0,7.0,10.0,7.0
3529,13.0,9.0,10.0,7.0
3530,13.0,9.0,10.0,7.0
3531,13.0,10.0,11.0,8.0
3532,13.0,11.0,13.0,9.0
3533,14.0,15.0,13.0,10.0
3534,14.0,17.0,14.0,13.0
3535,10.0,14.0,8.0,11.0
3536,5.0,12.0,6.0,12.0
3537,5.0,11.0,5.0,9.0
3538,4.0,10.0,5.0,11.0
3539,3.0,10.0,4.0,10.0
3540,3.0,7.0,3.0,8.0
3541,5.0,9.0,3.0,7.0
3542,4.0,7.0,5.0,10.0
3543,4.0,4.0,3.0,9.0
3544,3.0,2.0,5.0,6.0
3545,3.0,2.0,5.0,7.0
3546,4.0,1.0,6.0,7.0
3547,4.0,2.0,8.0,8.0
3548,5.0,2.0,10.0,11.0
3549,6.0,3.0,11.0,12.0
3550,6.0,5.0,11.0,14.0
3551,9.0,6.0,11.0,15.0
3552,10.0,6.0,11.0,16.0
3553,11.0,6.0,11.0,17.0
3554,14.0,6.0,12.0,17.0
3555,16.0,6.0,13.0,18.0
3556,17.0,6.0,16.0,18.0
3557,18.0,7.0,16.0,20.0
3558,18.0,9.0,18.0,22.0
3559,16.0,5.0,16.0,17.0
3560,12.0,3.0,16.0,16.0
3561,11.0,3.0,13.0,17.0
3562,11.0,5.0,12.0,17.0
3563,11.0,7.0,11.0,15.0
3564,12.0,7.0,13.0,12.0
3565,10.0,4.0,10.0,9.0
3566,7.0,2.0,7.0,8.0
3567,5.0,1.0,5.0,7.0
3568,3.0,2.0,3.0,6.0
3569,3.0,2.0,2.0,4.0
3570,5.0,0.0,3.0,5.0
3571,6.0,0.0,5.0,5.0
3572,8.0,0.0,5.0,5.0
3573,8.0,0.0,7.0,5.0
3574,10.0,0.0,8.0,6.0
3575,11.0,0.0,9.0,6.0
3576,13.0,0.0,9.0,8.0
3577,14.0,2.0,10.0,9.0
3578,14.0,4.0,10.0,11.0
3579,15.0,6.0,11.0,11.0
3580,16.0,6.0,11.0,12.0
3581,20.0,7.0,12.0,12.0
3582,21.0,8.0,12.0,13.0
3583,18.0,8.0,9.0,11.0
3584,15.0,6.0,8.0,9.0
3585,11.0,7.0,6.0,9.0
3586,13.0,5.0,7.0,9.0
3587,11.0,5.0,6.0,9.0
3588,10.0,4.0,4.0,8.0
3589,10.0,2.0,6.0,6.0
3590,7.0,2.0,6.0,6.0
3591,6.0,2.0,6.0,5.0
3592,4.0,1.0,4.0,5.0
3593,5.0,1.0,5.0,5.0
3594,3.0,1.0,6.0,3.0
3595,3.0,1.0,7.0,4.0
3596,6.0,3.0,7.0,5.0
3597,7.0,4.0,7.0,7.0
3598,7.0,5.0,8.0,8.0
3599,9.0,5.0,10.0,12.0
3600,9.0,6.0,10.0,12.0
3601,10.0,7.0,10.0,13.0
3602,10.0,8.0,11.0,14.0
3603,11.0,9.0,11.0,14.0
3604,12.0,10.0,13.0,15.0
3605,12.0,10.0,15.0,16.0
3606,14.0,10.0,17.0,19.0
3607,11.0,8.0,12.0,14.0
3608,11.0,6.0,10.0,14.0
3609,11.0,6.0,8.0,13.0
3610,10.0,7.0,8.0,12.0
3611,9.0,7.0,9.0,11.0
3612,7.0,5.0,10.0,11.0
3613,4.0,4.0,9.0,9.0
3614,1.0,2.0,6.0,8.0
3615,1.0,5.0,6.0,7.0
3616,1.0,6.0,3.0,4.0
3617,1.0,6.0,2.0,1.0
3618,3.0,5.0,2.0,2.0
3619,3.0,6.0,2.0,2.0
3620,5.0,7.0,3.0,2.0
3621,5.0,9.0,7.0,2.0
3622,5.0,11.0,8.0,2.0
3623,7.0,12.0,10.0,3.0
3624,10.0,12.0,12.0,3.0
3625,10.0,12.0,12.0,4.0
3626,10.0,12.0,12.0,4.0
3627,12.0,13.0,13.0,6.0
3628,12.0,14.0,16.0,6.0
3629,12.0,14.0,17.0,6.0
3630,12.0,16.0,19.0,7.0
3631,9.0,13.0,17.0,4.0
3632,9.0,11.0,15.0,5.0
3633,9.0,11.0,15.0,4.0
3634,10.0,9.0,13.0,4.0
3635,9.0,11.0,16.0,4.0
3636,7.0,9.0,15.0,4.0
3637,4.0,5.0,15.0,3.0
3638,3.0,4.0,16.0,4.0
3639,4.0,3.0,15.0,3.0
3640,4.0,2.0,13.0,2.0
3641,4.0,2.0,7.0,2.0
3642,2.0,2.0,4.0,3.0
3643,3.0,2.0,4.0,3.0
3644,6.0,3.0,4.0,3.0
3645,6.0,3.0,4.0,4.0
3646,9.0,4.0,5.0,5.0
3647,11.0,4.0,8.0,6.0
3648,13.0,6.0,9.0,6.0
3649,15.0,6.0,11.0,9.0
3650,17.0,6.0,11.0,10.0
3651,18.0,8.0,12.0,10.0
3652,18.0,9.0,12.0,11.0
3653,19.0,9.0,12.0,12.0
3654,21.0,9.0,12.0,13.0
3655,23.0,8.0,13.0,9.0
3656,20.0,8.0,11.0,7.0
3657,16.0,6.0,10.0,7.0
3658,14.0,7.0,12.0,7.0
3659,12.0,7.0,10.0,6.0
3660,11.0,5.0,11.0,6.0
3661,9.0,4.0,10.0,6.0
3662,10.0,7.0,7.0,7.0
3663,9.0,5.0,5.0,6.0
3664,11.0,3.0,4.0,6.0
3665,10.0,2.0,2.0,4.0
3666,8.0,1.0,2.0,2.0
3667,8.0,1.0,3.0,2.0
3668,11.0,2.0,5.0,3.0
3669,12.0,2.0,5.0,3.0
3670,12.0,3.0,6.0,3.0
3671,15.0,4.0,10.0,6.0
3672,15.0,4.0,10.0,7.0
3673,16.0,4.0,11.0,9.0
3674,18.0,8.0,11.0,9.0
3675,19.0,8.0,12.0,9.0
3676,20.0,9.0,12.0,10.0
3677,20.0,10.0,14.0,10.0
3678,23.0,11.0,15.0,10.0
3679,17.0,8.0,12.0,10.0
3680,15.0,8.0,10.0,8.0
3681,15.0,8.0,11.0,7.0
3682,14.0,7.0,12.0,7.0
3683,12.0,7.0,16.0,6.0
3684,11.0,5.0,15.0,4.0
3685,11.0,4.0,13.0,2.0
3686,11.0,3.0,12.0,4.0
3687,9.0,2.0,10.0,4.0
3688,7.0,3.0,9.0,2.0
3689,4.0,4.0,7.0,3.0
3690,3.0,3.0,7.0,4.0
3691,3.0,4.0,7.0,7.0
3692,4.0,5.0,8.0,8.0
3693,5.0,7.0,9.0,9.0
3694,5.0,10.0,10.0,9.0
3695,6.0,12.0,10.0,10.0
3696,6.0,12.0,11.0,11.0
3697,8.0,12.0,12.0,14.0
3698,9.0,12.0,13.0,15.0
3699,9.0,14.0,13.0,20.0
3700,9.0,16.0,14.0,22.0
3701,12.0,18.0,15.0,23.0
3702,13.0,19.0,16.0,23.0
3703,10.0,15.0,14.0,19.0
3704,9.0,13.0,12.0,17.0
3705,11.0,12.0,10.0,16.0
3706,11.0,11.0,9.0,14.0
3707,11.0,8.0,8.0,12.0
3708,11.0,7.0,7.0,11.0
3709,9.0,6.0,7.0,11.0
3710,7.0,5.0,6.0,11.0
3711,8.0,4.0,4.0,10.0
3712,6.0,2.0,0.0,10.0
3713,8.0,2.0,0.0,6.0
3714,7.0,3.0,1.0,5.0
3715,8.0,4.0,5.0,7.0
3716,8.0,4.0,5.0,7.0
3717,8.0,6.0,6.0,10.0
3718,10.0,8.0,6.0,10.0
3719,12.0,8.0,8.0,12.0
3720,14.0,9.0,9.0,12.0
3721,14.0,9.0,11.0,12.0
3722,19.0,13.0,12.0,13.0
3723,21.0,16.0,12.0,15.0
3724,23.0,17.0,15.0,16.0
3725,24.0,19.0,15.0,18.0
3726,24.0,19.0,16.0,21.0
3727,19.0,14.0,11.0,18.0
3728,15.0,14.0,11.0,17.0
3729,15.0,15.0,12.0,16.0
3730,16.0,16.0,11.0,13.0
3731,17.0,16.0,10.0,11.0
3732,17.0,13.0,10.0,13.0
3733,15.0,11.0,8.0,11.0
3734,17.0,8.0,5.0,11.0
3735,16.0,6.0,2.0,11.0
3736,15.0,4.0,1.0,7.0
3737,15.0,3.0,2.0,3.0
3738,13.0,2.0,4.0,1.0
3739,13.0,3.0,4.0,2.0
3740,15.0,4.0,6.0,4.0
3741,16.0,6.0,6.0,5.0
3742,16.0,6.0,6.0,5.0
3743,19.0,9.0,8.0,7.0
3744,20.0,9.0,9.0,7.0
3745,20.0,12.0,9.0,9.0
3746,20.0,12.0,11.0,9.0
3747,22.0,13.0,13.0,10.0
3748,22.0,14.0,14.0,11.0
3749,22.0,14.0,14.0,12.0
3750,24.0,15.0,17.0,12.0
3751,22.0,11.0,13.0,10.0
3752,21.0,8.0,10.0,10.0
3753,20.0,7.0,10.0,9.0
3754,18.0,10.0,9.0,9.0
3755,17.0,9.0,11.0,10.0
3756,15.0,9.0,11.0,7.0
3757,16.0,9.0,8.0,6.0
3758,14.0,9.0,6.0,5.0
3759,10.0,6.0,6.0,3.0
3760,10.0,6.0,4.0,3.0
3761,9.0,6.0,6.0,3.0
3762,7.0,6.0,4.0,2.0
3763,7.0,7.0,6.0,2.0
3764,7.0,8.0,7.0,3.0
3765,8.0,8.0,9.0,4.0
3766,8.0,9.0,9.0,6.0
3767,11.0,9.0,9.0,7.0
3768,11.0,9.0,10.0,7.0
3769,15.0,9.0,12.0,8.0
3770,15.0,11.0,13.0,9.0
3771,16.0,12.0,16.0,9.0
3772,18.0,13.0,18.0,12.0
3773,18.0,14.0,18.0,15.0
3774,21.0,15.0,20.0,16.0
3775,17.0,11.0,15.0,14.0
3776,16.0,10.0,13.0,11.0
3777,15.0,9.0,15.0,11.0
3778,16.0,10.0,14.0,12.0
3779,17.0,10.0,13.0,15.0
3780,18.0,9.0,14.0,14.0
3781,16.0,5.0,12.0,11.0
3782,16.0,4.0,9.0,8.0
3783,17.0,6.0,6.0,5.0
3784,14.0,4.0,6.0,2.0
3785,12.0,2.0,4.0,1.0
3786,9.0,3.0,4.0,1.0
3787,9.0,3.0,7.0,2.0
3788,9.0,3.0,8.0,2.0
3789,11.0,3.0,8.0,3.0
3790,13.0,3.0,8.0,5.0
3791,13.0,6.0,9.0,6.0
3792,14.0,7.0,13.0,6.0
3793,15.0,7.0,14.0,6.0
3794,15.0,7.0,14.0,8.0
3795,15.0,10.0,16.0,8.0
3796,15.0,11.0,16.0,9.0
3797,18.0,14.0,18.0,9.0
3798,18.0,14.0,19.0,13.0
3799,14.0,10.0,14.0,11.0
3800,13.0,8.0,13.0,10.0
3801,15.0,9.0,13.0,11.0
3802,13.0,9.0,14.0,12.0
3803,11.0,8.0,13.0,13.0
3804,8.0,9.0,13.0,12.0
3805,8.0,11.0,13.0,10.0
3806,7.0,9.0,10.0,8.0
3807,5.0,7.0,9.0,3.0
3808,5.0,6.0,7.0,0.0
3809,5.0,4.0,6.0,2.0
3810,4.0,2.0,5.0,2.0
3811,4.0,3.0,6.0,4.0
3812,4.0,3.0,7.0,4.0
3813,4.0,4.0,9.0,7.0
3814,4.0,5.0,10.0,9.0
3815,5.0,6.0,10.0,9.0
3816,7.0,7.0,12.0,12.0
3817,9.0,9.0,13.0,12.0
3818,9.0,9.0,13.0,12.0
3819,11.0,9.0,15.0,12.0
3820,11.0,11.0,15.0,14.0
3821,12.0,12.0,16.0,14.0
3822,13.0,12.0,19.0,15.0
3823,11.0,11.0,15.0,11.0
3824,10.0,9.0,12.0,9.0
3825,11.0,8.0,11.0,8.0
3826,11.0,8.0,13.0,9.0
3827,10.0,7.0,12.0,9.0
3828,11.0,7.0,11.0,8.0
3829,11.0,5.0,9.0,7.0
3830,9.0,5.0,9.0,7.0
3831,8.0,5.0,8.0,7.0
3832,4.0,2.0,7.0,5.0
3833,6.0,1.0,6.0,5.0
3834,6.0,0.0,5.0,4.0
3835,7.0,1.0,6.0,5.0
3836,8.0,3.0,6.0,6.0
3837,8.0,4.0,7.0,7.0
3838,9.0,4.0,7.0,8.0
3839,9.0,5.0,7.0,8.0
3840,11.0,8.0,8.0,9.0
3841,12.0,10.0,10.0,10.0
3842,12.0,13.0,12.0,10.0
3843,12.0,13.0,12.0,11.0
3844,12.0,13.0,14.0,12.0
3845,12.0,13.0,15.0,12.0
3846,12.0,13.0,16.0,12.0
3847,8.0,13.0,14.0,8.0
3848,7.0,14.0,13.0,8.0
3849,5.0,13.0,13.0,6.0
3850,3.0,12.0,11.0,5.0
3851,3.0,12.0,15.0,3.0
3852,2.0,12.0,14.0,3.0
3853,3.0,10.0,13.0,3.0
3854,5.0,7.0,10.0,4.0
3855,2.0,6.0,7.0,4.0
3856,3.0,7.0,6.0,3.0
3857,3.0,7.0,3.0,2.0
3858,3.0,4.0,1.0,3.0
3859,3.0,6.0,3.0,3.0
3860,4.0,7.0,3.0,3.0
3861,6.0,7.0,5.0,3.0
3862,6.0,10.0,6.0,4.0
3863,9.0,10.0,7.0,4.0
3864,10.0,10.0,8.0,6.0
3865,12.0,10.0,8.0,7.0
3866,15.0,12.0,8.0,8.0
3867,16.0,14.0,10.0,9.0
3868,16.0,16.0,10.0,11.0
3869,16.0,17.0,11.0,11.0
3870,16.0,17.0,11.0,14.0
3871,11.0,16.0,7.0,13.0
3872,10.0,14.0,5.0,10.0
3873,12.0,13.0,5.0,8.0
3874,12.0,12.0,7.0,7.0
3875,10.0,12.0,8.0,5.0
3876,10.0,13.0,6.0,3.0
3877,8.0,11.0,8.0,4.0
3878,6.0,9.0,9.0,4.0
3879,7.0,7.0,7.0,4.0
3880,5.0,4.0,6.0,1.0
3881,6.0,3.0,6.0,3.0
3882,4.0,3.0,5.0,3.0
3883,6.0,4.0,7.0,3.0
3884,6.0,5.0,8.0,5.0
3885,6.0,6.0,8.0,6.0
3886,7.0,6.0,8.0,7.0
3887,7.0,6.0,9.0,8.0
3888,9.0,8.0,9.0,10.0
3889,10.0,9.0,12.0,11.0
3890,11.0,9.0,12.0,11.0
3891,11.0,10.0,12.0,11.0
3892,13.0,13.0,16.0,13.0
3893,16.0,13.0,17.0,14.0
3894,17.0,17.0,19.0,14.0
3895,13.0,14.0,16.0,9.0
3896,12.0,13.0,15.0,8.0
3897,12.0,15.0,16.0,7.0
3898,11.0,14.0,15.0,9.0
3899,11.0,13.0,13.0,9.0
3900,12.0,15.0,12.0,10.0
3901,10.0,14.0,9.0,8.0
3902,10.0,12.0,9.0,6.0
3903,7.0,8.0,9.0,7.0
3904,5.0,8.0,8.0,6.0
3905,4.0,6.0,5.0,4.0
3906,1.0,6.0,5.0,7.0
3907,4.0,8.0,6.0,8.0
3908,4.0,8.0,7.0,9.0
3909,4.0,10.0,8.0,9.0
3910,6.0,10.0,10.0,12.0
3911,7.0,10.0,12.0,13.0
3912,7.0,10.0,12.0,17.0
3913,9.0,10.0,12.0,18.0
3914,11.0,10.0,12.0,19.0
3915,11.0,11.0,12.0,23.0
3916,12.0,14.0,13.0,23.0
3917,14.0,14.0,16.0,27.0
3918,17.0,14.0,16.0,28.0
3919,14.0,12.0,12.0,24.0
3920,13.0,9.0,12.0,18.0
3921,15.0,8.0,11.0,15.0
3922,16.0,9.0,11.0,15.0
3923,15.0,10.0,10.0,17.0
3924,15.0,9.0,8.0,14.0
3925,12.0,8.0,11.0,11.0
3926,8.0,6.0,11.0,11.0
3927,6.0,6.0,9.0,11.0
3928,5.0,7.0,8.0,8.0
3929,4.0,5.0,9.0,6.0
3930,1.0,4.0,10.0,8.0
3931,2.0,5.0,13.0,10.0
3932,4.0,7.0,13.0,10.0
3933,4.0,9.0,13.0,10.0
3934,4.0,10.0,14.0,12.0
3935,9.0,12.0,16.0,15.0
3936,11.0,15.0,16.0,15.0
3937,11.0,17.0,16.0,15.0
3938,13.0,17.0,17.0,16.0
3939,13.0,18.0,17.0,16.0
3940,13.0,20.0,17.0,17.0
3941,16.0,23.0,18.0,18.0
3942,16.0,25.0,20.0,18.0
3943,14.0,24.0,18.0,14.0
3944,13.0,21.0,19.0,13.0
3945,14.0,19.0,15.0,11.0
3946,13.0,17.0,13.0,10.0
3947,12.0,15.0,11.0,9.0
3948,11.0,13.0,9.0,9.0
3949,10.0,13.0,8.0,7.0
3950,12.0,13.0,8.0,8.0
3951,16.0,12.0,7.0,5.0
3952,12.0,10.0,4.0,6.0
3953,8.0,10.0,5.0,4.0
3954,7.0,7.0,5.0,2.0
3955,10.0,7.0,6.0,3.0
3956,12.0,7.0,8.0,6.0
3957,12.0,9.0,9.0,6.0
3958,14.0,11.0,10.0,7.0
3959,14.0,11.0,10.0,8.0
3960,14.0,14.0,11.0,9.0
3961,14.0,15.0,12.0,9.0
3962,14.0,18.0,12.0,10.0
3963,14.0,19.0,12.0,11.0
3964,15.0,20.0,14.0,11.0
3965,16.0,24.0,16.0,12.0
3966,16.0,26.0,17.0,12.0
3967,13.0,22.0,13.0,8.0
3968,9.0,19.0,10.0,6.0
3969,6.0,20.0,10.0,7.0
3970,9.0,19.0,10.0,8.0
3971,13.0,17.0,9.0,7.0
3972,9.0,19.0,9.0,5.0
3973,4.0,20.0,8.0,6.0
3974,3.0,18.0,3.0,5.0
3975,2.0,16.0,3.0,5.0
3976,2.0,12.0,4.0,3.0
3977,5.0,9.0,5.0,2.0
3978,4.0,9.0,6.0,2.0
3979,5.0,9.0,7.0,2.0
3980,5.0,10.0,8.0,4.0
3981,8.0,11.0,8.0,4.0
3982,9.0,14.0,9.0,4.0
3983,10.0,14.0,10.0,5.0
3984,11.0,16.0,10.0,6.0
3985,11.0,17.0,12.0,6.0
3986,12.0,18.0,12.0,8.0
3987,13.0,20.0,12.0,8.0
3988,15.0,22.0,14.0,10.0
3989,17.0,24.0,14.0,11.0
3990,17.0,27.0,14.0,11.0
3991,14.0,22.0,10.0,8.0
3992,16.0,18.0,7.0,10.0
3993,16.0,18.0,6.0,9.0
3994,16.0,20.0,6.0,8.0
3995,14.0,20.0,5.0,5.0
3996,11.0,17.0,2.0,5.0
3997,9.0,17.0,2.0,4.0
3998,7.0,16.0,1.0,4.0
3999,5.0,14.0,1.0,3.0
4000,4.0,11.0,0.0,4.0
4001,8.0,12.0,1.0,3.0
4002,7.0,9.0,2.0,5.0
4003,8.0,9.0,3.0,6.0
4004,9.0,9.0,5.0,8.0
4005,11.0,10.0,5.0,10.0
4006,12.0,11.0,6.0,14.0
4007,13.0,13.0,10.0,14.0
4008,15.0,14.0,10.0,15.0
4009,17.0,17.0,11.0,15.0
4010,17.0,17.0,12.0,18.0
4011,18.0,17.0,12.0,20.0
4012,21.0,17.0,12.0,21.0
4013,22.0,18.0,13.0,21.0
4014,22.0,20.0,13.0,23.0
4015,24.0,17.0,11.0,18.0
4016,20.0,14.0,8.0,15.0
4017,18.0,12.0,5.0,15.0
4018,15.0,11.0,5.0,15.0
4019,13.0,12.0,5.0,15.0
4020,14.0,10.0,7.0,13.0
4021,12.0,9.0,8.0,11.0
4022,10.0,7.0,5.0,9.0
4023,5.0,6.0,4.0,8.0
4024,2.0,6.0,5.0,8.0
4025,1.0,5.0,4.0,9.0
4026,2.0,5.0,2.0,6.0
4027,4.0,7.0,2.0,6.0
4028,5.0,8.0,2.0,9.0
4029,7.0,8.0,2.0,10.0
4030,7.0,9.0,3.0,10.0
4031,9.0,10.0,4.0,11.0
4032,12.0,11.0,4.0,12.0
4033,13.0,11.0,4.0,13.0
4034,14.0,12.0,6.0,14.0
4035,14.0,13.0,8.0,16.0
4036,14.0,13.0,9.0,18.0
4037,15.0,13.0,13.0,20.0
4038,16.0,13.0,14.0,21.0
4039,11.0,13.0,10.0,16.0
4040,9.0,11.0,8.0,14.0
4041,8.0,10.0,8.0,13.0
4042,7.0,8.0,10.0,13.0
4043,9.0,7.0,10.0,12.0
4044,9.0,7.0,8.0,10.0
4045,11.0,5.0,7.0,11.0
4046,11.0,5.0,6.0,11.0
4047,11.0,4.0,6.0,12.0
4048,9.0,4.0,5.0,11.0
4049,6.0,2.0,3.0,11.0
4050,5.0,1.0,2.0,7.0
4051,5.0,1.0,2.0,8.0
4052,5.0,2.0,2.0,9.0
4053,6.0,4.0,3.0,9.0
4054,6.0,4.0,3.0,12.0
4055,6.0,5.0,3.0,15.0
4056,6.0,6.0,4.0,17.0
4057,7.0,7.0,5.0,17.0
4058,8.0,8.0,7.0,18.0
4059,10.0,8.0,10.0,18.0
4060,11.0,9.0,11.0,19.0
4061,12.0,10.0,12.0,19.0
4062,14.0,11.0,12.0,19.0
4063,10.0,8.0,9.0,13.0
4064,8.0,6.0,7.0,12.0
4065,7.0,6.0,7.0,11.0
4066,7.0,9.0,7.0,10.0
4067,7.0,10.0,6.0,9.0
4068,4.0,7.0,5.0,7.0
4069,3.0,5.0,3.0,6.0
4070,3.0,5.0,2.0,5.0
4071,2.0,5.0,4.0,4.0
4072,1.0,6.0,4.0,2.0
4073,3.0,4.0,4.0,2.0
4074,3.0,3.0,4.0,3.0
4075,4.0,5.0,6.0,5.0
4076,5.0,6.0,7.0,7.0
4077,5.0,8.0,7.0,8.0
4078,5.0,9.0,8.0,8.0
4079,6.0,10.0,9.0,9.0
4080,6.0,11.0,9.0,9.0
4081,6.0,11.0,11.0,10.0
4082,6.0,11.0,11.0,10.0
4083,7.0,14.0,12.0,11.0
4084,8.0,14.0,13.0,11.0
4085,8.0,17.0,15.0,13.0
4086,8.0,18.0,15.0,13.0
4087,4.0,16.0,11.0,10.0
4088,4.0,17.0,10.0,7.0
4089,3.0,16.0,7.0,6.0
4090,3.0,16.0,7.0,5.0
4091,2.0,15.0,6.0,6.0
4092,2.0,14.0,6.0,6.0
4093,5.0,10.0,5.0,4.0
4094,8.0,9.0,3.0,2.0
4095,6.0,9.0,4.0,3.0
4096,5.0,8.0,6.0,4.0
4097,5.0,6.0,6.0,2.0
4098,4.0,6.0,6.0,7.0
4099,7.0,8.0,10.0,8.0
4100,8.0,8.0,10.0,9.0
4101,8.0,8.0,14.0,10.0
4102,8.0,8.0,16.0,10.0
4103,10.0,10.0,16.0,12.0
4104,11.0,11.0,17.0,15.0
4105,11.0,12.0,18.0,15.0
4106,12.0,13.0,18.0,15.0
4107,13.0,15.0,19.0,18.0
4108,15.0,16.0,19.0,18.0
4109,17.0,17.0,22.0,20.0
4110,21.0,19.0,23.0,21.0
4111,19.0,15.0,17.0,14.0
4112,16.0,12.0,14.0,10.0
4113,15.0,12.0,11.0,9.0
4114,16.0,11.0,9.0,8.0
4115,14.0,10.0,9.0,8.0
4116,13.0,10.0,8.0,7.0
4117,13.0,8.0,11.0,5.0
4118,15.0,9.0,9.0,4.0
4119,13.0,7.0,9.0,3.0
4120,10.0,4.0,8.0,2.0
4121,8.0,0.0,6.0,1.0
4122,6.0,0.0,8.0,1.0
4123,7.0,0.0,8.0,2.0
4124,7.0,1.0,8.0,3.0
4125,9.0,2.0,9.0,4.0
4126,10.0,5.0,10.0,5.0
4127,10.0,5.0,11.0,6.0
4128,11.0,5.0,13.0,8.0
4129,13.0,5.0,13.0,8.0
4130,14.0,5.0,13.0,9.0
4131,15.0,8.0,13.0,9.0
4132,15.0,10.0,13.0,9.0
4133,17.0,11.0,14.0,9.0
4134,19.0,11.0,16.0,9.0
4135,16.0,10.0,13.0,6.0
4136,13.0,10.0,11.0,5.0
4137,10.0,11.0,13.0,5.0
4138,11.0,10.0,12.0,6.0
4139,14.0,10.0,10.0,4.0
4140,14.0,9.0,8.0,2.0
4141,11.0,9.0,8.0,1.0
4142,10.0,8.0,7.0,1.0
4143,9.0,7.0,7.0,1.0
4144,6.0,4.0,6.0,0.0
4145,7.0,3.0,5.0,0.0
4146,6.0,5.0,6.0,1.0
4147,7.0,6.0,6.0,1.0
4148,7.0,7.0,6.0,2.0
4149,7.0,8.0,7.0,2.0
4150,9.0,9.0,8.0,2.0
4151,12.0,10.0,10.0,2.0
4152,13.0,11.0,11.0,4.0
4153,14.0,13.0,12.0,5.0
4154,15.0,14.0,12.0,7.0
4155,18.0,18.0,12.0,8.0
4156,19.0,18.0,13.0,8.0
4157,20.0,20.0,15.0,9.0
4158,21.0,21.0,16.0,10.0
4159,18.0,17.0,10.0,11.0
4160,15.0,18.0,7.0,12.0
4161,14.0,17.0,8.0,14.0
4162,13.0,16.0,8.0,13.0
4163,16.0,13.0,5.0,8.0
4164,14.0,11.0,6.0,5.0
4165,11.0,9.0,4.0,3.0
4166,11.0,10.0,1.0,3.0
4167,8.0,7.0,3.0,1.0
4168,7.0,6.0,4.0,1.0
4169,7.0,5.0,1.0,5.0
4170,5.0,4.0,1.0,6.0
4171,5.0,5.0,1.0,6.0
4172,7.0,5.0,2.0,7.0
4173,7.0,6.0,2.0,7.0
4174,10.0,9.0,3.0,7.0
4175,10.0,10.0,5.0,8.0
4176,11.0,10.0,6.0,9.0
4177,13.0,10.0,7.0,10.0
4178,15.0,11.0,7.0,11.0
4179,16.0,11.0,7.0,13.0
4180,18.0,12.0,7.0,13.0
4181,20.0,12.0,10.0,14.0
4182,22.0,12.0,11.0,15.0
4183,19.0,11.0,9.0,12.0
4184,16.0,8.0,7.0,11.0
4185,13.0,7.0,6.0,8.0
4186,14.0,7.0,6.0,8.0
4187,13.0,6.0,6.0,7.0
4188,13.0,5.0,6.0,5.0
4189,12.0,6.0,5.0,5.0
4190,9.0,7.0,7.0,8.0
4191,7.0,6.0,6.0,7.0
4192,6.0,3.0,8.0,5.0
4193,7.0,3.0,7.0,5.0
4194,7.0,2.0,6.0,6.0
4195,7.0,2.0,8.0,8.0
4196,7.0,2.0,8.0,10.0
4197,7.0,2.0,9.0,11.0
4198,8.0,5.0,11.0,12.0
4199,8.0,5.0,12.0,14.0
4200,8.0,6.0,12.0,15.0
4201,8.0,7.0,14.0,16.0
4202,9.0,7.0,15.0,16.0
4203,10.0,7.0,17.0,18.0
4204,11.0,10.0,18.0,24.0
4205,12.0,11.0,19.0,27.0
4206,14.0,11.0,21.0,27.0
4207,10.0,7.0,16.0,24.0
4208,8.0,4.0,13.0,22.0
4209,6.0,3.0,12.0,19.0
4210,6.0,2.0,11.0,16.0
4211,5.0,3.0,9.0,16.0
4212,6.0,5.0,8.0,15.0
4213,7.0,3.0,7.0,12.0
4214,4.0,3.0,7.0,11.0
4215,2.0,3.0,6.0,10.0
4216,1.0,4.0,4.0,8.0
4217,3.0,5.0,3.0,5.0
4218,2.0,4.0,4.0,6.0
4219,3.0,4.0,4.0,6.0
4220,3.0,6.0,5.0,6.0
4221,4.0,6.0,6.0,7.0
4222,4.0,6.0,8.0,8.0
4223,4.0,7.0,9.0,9.0
4224,4.0,9.0,11.0,10.0
4225,6.0,9.0,13.0,10.0
4226,7.0,10.0,15.0,11.0
4227,9.0,10.0,15.0,12.0
4228,9.0,12.0,15.0,14.0
4229,10.0,14.0,15.0,18.0
4230,11.0,14.0,16.0,19.0
4231,8.0,11.0,12.0,17.0
4232,7.0,10.0,10.0,16.0
4233,9.0,9.0,8.0,17.0
4234,9.0,8.0,8.0,15.0
4235,8.0,5.0,8.0,12.0
4236,6.0,5.0,6.0,14.0
4237,6.0,3.0,5.0,12.0
4238,6.0,2.0,3.0,10.0
4239,5.0,0.0,3.0,8.0
4240,4.0,1.0,2.0,6.0
4241,3.0,3.0,2.0,4.0
4242,2.0,2.0,1.0,1.0
4243,2.0,2.0,2.0,4.0
4244,4.0,5.0,5.0,4.0
4245,5.0,5.0,6.0,7.0
4246,5.0,6.0,7.0,8.0
4247,5.0,6.0,8.0,9.0
4248,8.0,7.0,9.0,9.0
4249,9.0,7.0,9.0,10.0
4250,9.0,7.0,9.0,10.0
4251,9.0,8.0,12.0,12.0
4252,12.0,9.0,14.0,14.0
4253,14.0,9.0,15.0,15.0
4254,14.0,10.0,15.0,17.0
4255,12.0,8.0,11.0,15.0
4256,8.0,8.0,10.0,13.0
4257,7.0,10.0,11.0,11.0
4258,9.0,10.0,9.0,11.0
4259,10.0,11.0,9.0,11.0
4260,11.0,9.0,7.0,10.0
4261,8.0,6.0,6.0,11.0
4262,8.0,6.0,4.0,10.0
4263,6.0,5.0,3.0,10.0
4264,4.0,2.0,4.0,8.0
4265,2.0,7.0,3.0,7.0
4266,0.0,6.0,3.0,6.0
4267,1.0,7.0,4.0,7.0
4268,2.0,11.0,4.0,7.0
4269,6.0,11.0,6.0,8.0
4270,6.0,13.0,6.0,10.0
4271,8.0,14.0,6.0,10.0
4272,9.0,14.0,6.0,11.0
4273,11.0,15.0,8.0,11.0
4274,11.0,16.0,8.0,14.0
4275,16.0,18.0,9.0,16.0
4276,17.0,18.0,11.0,17.0
4277,18.0,18.0,11.0,19.0
4278,18.0,18.0,12.0,21.0
4279,17.0,16.0,9.0,16.0
4280,18.0,13.0,7.0,14.0
4281,16.0,15.0,8.0,12.0
4282,15.0,13.0,7.0,14.0
4283,12.0,12.0,6.0,14.0
4284,12.0,7.0,4.0,12.0
4285,10.0,3.0,2.0,9.0
4286,10.0,4.0,0.0,5.0
4287,7.0,5.0,2.0,4.0
4288,4.0,4.0,4.0,5.0
4289,3.0,3.0,4.0,7.0
4290,2.0,3.0,3.0,7.0
4291,2.0,6.0,5.0,8.0
4292,2.0,6.0,6.0,9.0
4293,2.0,6.0,8.0,12.0
4294,2.0,6.0,8.0,12.0
4295,3.0,7.0,9.0,12.0
4296,3.0,9.0,10.0,14.0
4297,5.0,11.0,10.0,15.0
4298,5.0,12.0,11.0,16.0
4299,7.0,13.0,11.0,16.0
4300,7.0,13.0,12.0,17.0
4301,11.0,14.0,14.0,18.0
4302,13.0,16.0,15.0,20.0
4303,10.0,13.0,13.0,16.0
4304,11.0,11.0,9.0,13.0
4305,12.0,10.0,7.0,10.0
4306,15.0,7.0,9.0,8.0
4307,12.0,7.0,8.0,10.0
4308,9.0,5.0,8.0,10.0
4309,10.0,7.0,4.0,8.0
4310,10.0,10.0,5.0,6.0
4311,6.0,11.0,8.0,6.0
4312,4.0,8.0,8.0,3.0
4313,4.0,5.0,4.0,4.0
4314,5.0,3.0,4.0,4.0
4315,6.0,3.0,6.0,5.0
4316,7.0,4.0,6.0,5.0
4317,7.0,6.0,7.0,5.0
4318,7.0,,8.0,
4319,,,,
